id,data_inversa,dia_semana,horario,uf,br,km,municipio,causa_acidente,tipo_acidente,classificacao_acidente,fase_dia,sentido_via,condicao_metereologica,tipo_pista,tracado_via,uso_solo,pessoas,mortos,feridos_leves,feridos_graves,ilesos,ignorados,feridos,veiculos,latitude,longitude,regional,delegacia,uop
407965,2022-01-10,segunda-feira,15:45:00,PR,277,302,PRUDENTOPOLIS,Condutor deixou de manter distância do veículo da frente,Colisão traseira,Com Vítimas Feridas,Pleno dia,Crescente,Chuva,Simples,Reta,Não,4,0,2,0,2,0,2,2,"-25,3023874","-51,11164331",SPRF-PR,DEL08-PR,UOP01-DEL08-PR
407969,2022-01-10,segunda-feira,15:30:00,PE,101,"0,9",GOIANA,Ingestão de álcool pelo condutor,Colisão traseira,Com Vítimas Fatais,Pleno dia,Crescente,Céu Claro,Dupla,Reta,Não,8,1,0,6,1,0,6,3,"-7,5001955","-34,985073",SPRF-PE,DEL01-PE,UOP02-DEL01-PE
407976,2022-01-10,segunda-feira,14:30:00,CE,20,"145,8",TAUA,Demais falhas mecânicas ou elétricas,Incêndio,Sem Vítimas,Pleno dia,Crescente,Céu Claro,Simples,Reta,Não,1,0,0,0,1,0,0,1,"-5,51055929","-40,06485515",SPRF-CE,DEL02-CE,UOP02-DEL02-CE
407977,2022-01-06,quinta-feira,14:00:00,GO,20,130,FLORES DE GOIAS,Acostamento em desnível,Tombamento,Sem Vítimas,Pleno dia,Crescente,Nublado,Dupla,Reta,Sim,2,0,0,0,1,3,0,4,"-14,84403","-46,738926",SPRF-DF,DEL02-DF,UOP03-DEL02-DF
407979,2022-01-10,segunda-feira,16:00:00,ES,101,228,FUNDAO,Condutor deixou de manter distância do veículo da frente,Colisão lateral mesmo sentido,Sem Vítimas,Plena Noite,Crescente,Céu Claro,Simples,Reta,Não,2,0,0,0,2,0,0,2,"-19,91868701","-40,40570613",SPRF-ES,DEL02-ES,UOP01-DEL02-ES
407988,2022-01-10,segunda-feira,17:30:00,PI,316,"36,9",DEMERVAL LOBAO,Transitar na contramão,Colisão frontal,Com Vítimas Feridas,Pleno dia,Decrescente,Céu Claro,Simples,Curva,Não,3,0,1,0,1,2,1,4,"-5,37513794","-42,67077569",SPRF-PI,DEL01-PI,UOP02-DEL01-PI
407991,2022-01-10,segunda-feira,15:56:00,PR,116,179,QUITANDINHA,Ausência de reação do condutor,Colisão lateral sentido oposto,Sem Vítimas,Pleno dia,Decrescente,Nublado,Simples,Curva,Não,3,0,0,0,2,4,0,6,"-25,8949671","-49,525645",SPRF-PR,DEL01-PR,UOP03-DEL01-PR
408006,2022-01-10,segunda-feira,18:50:00,BA,324,351,CAPIM GROSSO,Deficiência do Sistema de Iluminação/Sinalização,Colisão traseira,Com Vítimas Feridas,Plena Noite,Crescente,Céu Claro,Simples,Reta,Não,4,0,0,1,3,0,1,2,"-11,37206","-40,03247",SPRF-BA,DEL04-BA,UOP02-DEL04-BA
408010,2022-01-10,segunda-feira,18:15:00,RS,287,282,SAO PEDRO DO SUL,Ausência de reação do condutor,Colisão transversal,Sem Vítimas,Pleno dia,Decrescente,Céu Claro,Simples,Rotatória,Sim,3,0,0,0,2,3,0,5,"-29,63590192","-54,18948019",SPRF-RS,DEL09-RS,UOP01-DEL09-RS
408012,2022-01-10,segunda-feira,16:20:00,RS,285,"585,8",SAO LUIZ GONZAGA,Ultrapassagem Indevida,Colisão lateral mesmo sentido,Com Vítimas Feridas,Pleno dia,Crescente,Céu Claro,Simples,Curva,Não,3,0,1,0,1,1,1,3,"-28,45571278","-55,12527466",SPRF-RS,DEL12-RS,UOP01-DEL12-RS
408013,2022-01-10,segunda-feira,19:50:00,CE,116,109,MORADA NOVA,Transitar na contramão,Colisão frontal,Com Vítimas Fatais,Plena Noite,Crescente,Nublado,Simples,Reta,Não,3,1,0,1,0,1,1,3,"-4,56533401","-38,251164",SPRF-CE,DEL03-CE,UOP02-DEL03-CE
408019,2022-01-10,segunda-feira,16:10:00,PR,476,"317,3",PAULO FRONTIN,Velocidade Incompatível,Colisão frontal,Com Vítimas Feridas,Pleno dia,Decrescente,Chuva,Simples,Curva,Não,3,0,1,0,1,2,1,4,"-26,048738","-50,708012",SPRF-PR,DEL02-PR,UOP04-DEL02-PR
408024,2022-01-09,domingo,03:30:00,PR,277,594,CASCAVEL,Ingestão de álcool pelo condutor,Colisão traseira,Sem Vítimas,Plena Noite,Crescente,Céu Claro,Múltipla,Aclive,Sim,2,0,0,0,1,1,0,2,"-24,9794792","-53,49232599",SPRF-PR,DEL04-PR,UOP01-DEL04-PR
408025,2022-01-10,segunda-feira,20:55:00,MG,116,"687,2",MURIAE,Condutor Dormindo,Colisão frontal,Com Vítimas Feridas,Plena Noite,Decrescente,Chuva,Simples,Reta,Não,4,0,2,0,0,2,2,4,"-20,98547095","-42,35547803",SPRF-MG,DEL07-MG,UOP02-DEL07-MG
408028,2022-01-11,terça-feira,00:30:00,MG,146,"402,5",GUAXUPE,Animais na Pista,Atropelamento de Animal,Com Vítimas Fatais,Plena Noite,Crescente,Chuva,Simples,Curva,Não,3,1,0,0,1,1,0,3,"-21,306028","-46,656328",SPRF-MG,DEL09-MG,UOP01-DEL09-MG
408037,2022-01-10,segunda-feira,21:30:00,PE,423,46,CACHOEIRINHA,Desvio temporário,Tombamento,Com Vítimas Feridas,Plena Noite,Decrescente,Céu Claro,Simples,Declive,Não,1,0,1,0,0,0,1,1,"-8,54061902","-36,26852294",SPRF-PE,DEL03-PE,UOP01-DEL03-PE
408043,2022-01-10,segunda-feira,21:00:00,MG,365,627,UBERLANDIA,Reação tardia ou ineficiente do condutor,Saída de leito carroçável,Sem Vítimas,Plena Noite,Crescente,Chuva,Dupla,Viaduto,Sim,2,0,0,0,1,1,0,2,"-18,90359335","-48,34361612",SPRF-MG,DEL15-MG,UOP01-DEL15-MG
408044,2022-01-11,terça-feira,06:50:00,RS,392,"352,2",SANTA MARIA,Demais falhas mecânicas ou elétricas,Tombamento,Com Vítimas Feridas,Pleno dia,Decrescente,Céu Claro,Simples,Curva,Sim,2,0,1,0,0,1,1,2,"-29,72502974","-53,80607843",SPRF-RS,DEL09-RS,UOP01-DEL09-RS
408050,2022-01-11,terça-feira,07:50:00,RS,116,"50,7",VACARIA,Manobra de mudança de faixa,Colisão lateral mesmo sentido,Sem Vítimas,Pleno dia,Crescente,Sol,Simples,Curva;Aclive,Não,5,0,0,0,3,3,0,6,"-28,57728605","-51,01690292",SPRF-RS,DEL05-RS,UOP03-DEL05-RS
408055,2022-01-11,terça-feira,09:20:00,SC,101,132,BALNEARIO CAMBORIU,Manobra de mudança de faixa,Colisão lateral mesmo sentido,Com Vítimas Feridas,Pleno dia,Decrescente,Nublado,Dupla,Reta,Sim,3,0,1,0,0,2,1,3,"-26,99654133","-48,65564711",SPRF-SC,DEL04-SC,UOP03-DEL04-SC
408058,2022-01-11,terça-feira,09:40:00,PR,116,"108,3",CURITIBA,Reação tardia ou ineficiente do condutor,Colisão traseira,Com Vítimas Feridas,Pleno dia,Decrescente,Garoa/Chuvisco,Múltipla,Reta,Não,5,0,1,1,1,5,2,7,"-25,54657438","-49,29173608",SPRF-PR,DEL01-PR,UOP01-DEL01-PR
408060,2022-01-11,terça-feira,09:45:00,MG,381,512,IGARAPE,Reação tardia ou ineficiente do condutor,Engavetamento,Com Vítimas Feridas,Pleno dia,Decrescente,Chuva,Múltipla,Reta,Sim,8,0,1,0,7,0,1,7,"-20,09239724","-44,31458341",SPRF-MG,DEL01-MG,UOP03-DEL01-MG
408062,2022-01-11,terça-feira,06:10:00,PE,101,"183,1",PALMARES,Reação tardia ou ineficiente do condutor,Tombamento,Com Vítimas Feridas,Amanhecer,Crescente,Céu Claro,Dupla,Curva,Não,2,0,1,0,0,1,1,2,"-8,662093","-35,566758",SPRF-PE,DEL01-PE,UOP01-DEL01-PE
408063,2022-01-11,terça-feira,07:35:00,MT,163,611,NOVA MUTUM,Manobra de mudança de faixa,Colisão frontal,Com Vítimas Feridas,Pleno dia,Crescente,Céu Claro,Simples,Curva,Não,3,0,1,0,2,0,1,2,"-13,53052218","-56,02615356",SPRF-MT,DEL01-MT,UOP01-DEL01-MT
408064,2022-01-07,sexta-feira,11:15:00,RJ,40,17,TRES RIOS,Velocidade Incompatível,Tombamento,Com Vítimas Feridas,Pleno dia,Decrescente,Chuva,Dupla,Curva,Não,1,0,1,0,0,0,1,1,"-22,08639692","-43,17655185",SPRF-RJ,DEL05-RJ,UOP02-DEL05-RJ
408068,2022-01-11,terça-feira,11:10:00,SC,101,207,SAO JOSE,Trafegar com motocicleta (ou similar) entre as faixas,Colisão lateral mesmo sentido,Com Vítimas Feridas,Pleno dia,Crescente,Céu Claro,Múltipla,Curva,Sim,3,0,1,0,2,0,1,3,"-27,60001226","-48,6226467",SPRF-SC,DEL01-SC,UOP01-DEL01-SC
408069,2022-01-11,terça-feira,09:30:00,BA,242,860,BARREIRAS,Ausência de reação do condutor,Tombamento,Com Vítimas Feridas,Pleno dia,Crescente,Céu Claro,Simples,Reta,Não,2,0,1,0,0,1,1,2,"-12,09594834","-45,37916805",SPRF-BA,DEL10-BA,UOP01-DEL10-BA
408074,2022-01-11,terça-feira,12:00:00,TO,153,643,ALIANCA DO TOCANTINS,Transitar na contramão,Colisão frontal,Com Vítimas Feridas,Pleno dia,Crescente,Nublado,Simples,Declive,Não,4,0,0,2,1,1,2,3,"-11,47437216","-48,99808252",SPRF-TO,DEL01-TO,UOP02-DEL01-TO
408075,2022-01-11,terça-feira,11:30:00,RJ,116,"239,3",PIRAI,Demais falhas mecânicas ou elétricas,Incêndio,Sem Vítimas,Pleno dia,Crescente,Nublado,Dupla,Reta,Não,1,0,0,0,1,0,0,1,"-22,65832258","-43,88969593",SPRF-RJ,DEL07-RJ,UOP01-DEL07-RJ
408076,2022-01-11,terça-feira,06:55:00,BA,116,"753,2",POCOES,Condutor Dormindo,Colisão frontal,Com Vítimas Fatais,Pleno dia,Decrescente,Nublado,Simples,Reta,Não,4,3,0,0,1,0,0,2,"-14,49825886","-40,35123825",SPRF-BA,DEL08-BA,UOP02-DEL08-BA
408079,2022-01-11,terça-feira,11:00:00,SC,470,"111,2",IBIRAMA,Velocidade Incompatível,Tombamento,Com Vítimas Feridas,Pleno dia,Decrescente,Céu Claro,Simples,Curva,Não,2,0,1,0,0,1,1,2,"-27,095388","-49,457878",SPRF-SC,DEL04-SC,UOP02-DEL04-SC
408084,2022-01-11,terça-feira,13:45:00,MG,381,"513,2",IGARAPE,Velocidade Incompatível,Colisão com objeto,Com Vítimas Feridas,Pleno dia,Decrescente,Chuva,Múltipla,Reta,Sim,3,0,3,0,0,0,3,1,"-20,099993","-44,318903",SPRF-MG,DEL01-MG,UOP03-DEL01-MG
408092,2022-01-11,terça-feira,09:25:00,GO,50,"178,9",CAMPO ALEGRE DE GOIAS,Chuva,Saída de leito carroçável,Com Vítimas Feridas,Pleno dia,Decrescente,Chuva,Dupla,Curva,Não,3,0,0,1,1,3,1,5,"-17,3972","-47,7778",SPRF-GO,DEL06-GO,UOP01-DEL06-GO
408104,2022-01-11,terça-feira,15:40:00,RN,226,"3,5",NATAL,Transitar na contramão,Colisão transversal,Com Vítimas Fatais,Pleno dia,Crescente,Céu Claro,Simples,Reta,Sim,2,1,0,0,1,0,0,2,"-5,82085671","-35,25187091",SPRF-RN,DEL01-RN,UOP02-DEL01-RN
408105,2022-01-11,terça-feira,13:15:00,CE,222,95,UMIRIM,Manobra de mudança de faixa,Colisão frontal,Com Vítimas Feridas,Pleno dia,Crescente,Chuva,Simples,Reta,Não,2,0,1,0,1,0,1,2,"-3,70238142","-39,38326382",SPRF-CE,DEL04-CE,UOP03-DEL04-CE
408114,2022-01-11,terça-feira,10:50:00,MG,381,"244,9",SANTANA DO PARAISO,Mal súbito do condutor,Colisão lateral sentido oposto,Com Vítimas Feridas,Pleno dia,Crescente,Nublado,Simples,Aclive;Reta,Não,3,0,1,0,1,1,1,3,"-19,44433395","-42,51333612",SPRF-MG,DEL06-MG,UOP01-DEL06-MG
408115,2022-01-11,terça-feira,17:25:00,BA,242,823,BARREIRAS,Entrada inopinada do pedestre,Atropelamento de Pedestre,Com Vítimas Feridas,Pleno dia,Crescente,Céu Claro,Simples,Reta,Sim,3,0,0,1,1,1,1,3,"-12,117","-45,24",SPRF-BA,DEL10-BA,UOP01-DEL10-BA
408117,2022-01-11,terça-feira,16:45:00,MS,262,"459,9",DOIS IRMAOS DO BURITI,Condutor Dormindo,Colisão lateral sentido oposto,Com Vítimas Feridas,Pleno dia,Crescente,Céu Claro,Simples,Reta,Não,3,0,1,0,1,3,1,5,"-20,54815757","-55,537141",SPRF-MS,DEL03-MS,UOP01-DEL03-MS
408122,2022-01-11,terça-feira,17:05:00,SC,470,"199,4",PONTE ALTA,Reação tardia ou ineficiente do condutor,Colisão transversal,Com Vítimas Feridas,Pleno dia,Decrescente,Céu Claro,Simples,Rotatória,Não,2,0,0,1,1,0,1,2,"-27,309647","-50,128212",SPRF-SC,DEL05-SC,UOP03-DEL05-SC
408127,2022-01-11,terça-feira,17:45:00,PR,277,108,CAMPO LARGO,Chuva,Colisão traseira,Com Vítimas Feridas,Pleno dia,Crescente,Chuva,Dupla,Reta,Não,4,0,1,1,1,1,2,3,"-25,46337891","-49,35755379",SPRF-PR,DEL01-PR,UOP03-DEL03-PR
408128,2022-01-11,terça-feira,17:45:00,MA,135,"3,2",SAO LUIS,Condutor deixou de manter distância do veículo da frente,Engavetamento,Com Vítimas Feridas,Anoitecer,Crescente,Céu Claro,Dupla,Reta,Sim,3,0,1,0,2,0,1,3,"-2,606802","-44,247512",SPRF-MA,DEL01-MA,UOP01-DEL01-MA
408137,2022-01-11,terça-feira,18:40:00,MG,381,418,NOVA UNIAO,Demais falhas mecânicas ou elétricas,Incêndio,Sem Vítimas,Anoitecer,Decrescente,Céu Claro,Dupla,Reta,Não,1,0,0,0,1,0,0,1,"-19,76425109","-43,64210754",SPRF-MG,DEL01-MG,UOP01-DEL01-MG
408142,2022-01-11,terça-feira,17:10:00,BA,116,512,SANTA TERESINHA,Acessar a via sem observar a presença dos outros veículos,Colisão transversal,Com Vítimas Feridas,Pleno dia,Decrescente,Céu Claro,Simples,Aclive,Não,5,0,2,0,2,1,2,3,"-12,65310515","-39,61371492",SPRF-BA,DEL03-BA,UOP02-DEL03-BA
408147,2022-01-11,terça-feira,20:40:00,RS,285,501,ENTRE-IJUIS,Ingestão de álcool pelo condutor,Colisão transversal,Sem Vítimas,Plena Noite,Decrescente,Céu Claro,Simples,Reta,Não,3,0,0,0,2,1,0,3,"-28,383951","-54,307785",SPRF-RS,DEL10-RS,UOP01-DEL10-RS
408150,2022-01-11,terça-feira,21:25:00,MG,40,"612,1",CONGONHAS,Condutor Dormindo,Colisão frontal,Com Vítimas Feridas,Plena Noite,Decrescente,Nublado,Simples,Ponte;Curva,Não,3,0,1,0,1,1,1,3,"-20,51956","-43,832986",SPRF-MG,DEL05-MG,UOP02-DEL05-MG
408156,2022-01-11,terça-feira,22:00:00,MS,158,126,APARECIDA DO TABOADO,Avarias e/ou desgaste excessivo no pneu,Incêndio,Sem Vítimas,Plena Noite,Crescente,Céu Claro,Simples,Reta,Não,2,0,0,0,1,1,0,2,"-19,91971893","-51,13213392",SPRF-MS,DEL08-MS,UOP01-DEL08-MS
408162,2022-01-11,terça-feira,21:20:00,PR,153,"138,9",VENTANIA,Carga excessiva e/ou mal acondicionada,Derramamento de carga,Com Vítimas Feridas,Plena Noite,Decrescente,Nublado,Simples,Curva,Não,3,0,1,0,1,3,1,5,"-24,06329917","-50,25299369",SPRF-PR,DEL07-PR,UOP04-DEL07-PR
408169,2022-01-12,quarta-feira,02:45:00,MG,251,473,FRANCISCO SA,Velocidade Incompatível,Eventos atípicos,Com Vítimas Feridas,Plena Noite,Crescente,Céu Claro,Simples,Curva,Não,2,0,1,0,0,1,1,2,"-16,47012768","-43,44753404",SPRF-MG,DEL12-MG,UOP01-DEL12-MG
408170,2022-01-12,quarta-feira,06:20:00,SC,101,217,PALHOCA,Ausência de reação do condutor,Colisão lateral mesmo sentido,Com Vítimas Feridas,Pleno dia,Crescente,Sol,Múltipla,Reta,Sim,3,0,1,0,1,1,1,3,"-27,66779034","-48,67393586",SPRF-SC,DEL01-SC,UOP02-DEL01-SC
408171,2022-01-11,terça-feira,23:00:00,SC,470,"211,4",SAO CRISTOVAO DO SUL,Velocidade Incompatível,Tombamento,Com Vítimas Feridas,Plena Noite,Crescente,Céu Claro,Simples,Curva,Não,2,0,1,0,0,2,1,3,"-27,30964295","-50,23497462",SPRF-SC,DEL05-SC,UOP03-DEL05-SC
408173,2022-01-12,quarta-feira,06:55:00,MG,40,"549,8",NOVA LIMA,Manobra de mudança de faixa,Colisão traseira,Com Vítimas Feridas,Pleno dia,Crescente,Céu Claro,Dupla,Curva;Aclive,Sim,4,0,1,0,2,1,1,4,"-20,03972326","-43,96703232",SPRF-MG,DEL01-MG,UOP02-DEL01-MG
408178,2022-01-12,quarta-feira,07:40:00,ES,101,296,CARIACICA,Acessar a via sem observar a presença dos outros veículos,Colisão transversal,Com Vítimas Feridas,Pleno dia,Crescente,Céu Claro,Múltipla,Curva,Sim,3,0,0,1,1,1,1,3,"-20,34029997","-40,40405712",SPRF-ES,DEL01-ES,UOP01-DEL01-ES
408179,2022-01-12,quarta-feira,07:20:00,MG,40,805,MATIAS BARBOSA,Velocidade Incompatível,Colisão lateral mesmo sentido,Com Vítimas Feridas,Pleno dia,Crescente,Céu Claro,Dupla,Reta,Não,5,0,4,0,1,0,4,2,"-21,86534291","-43,36765294",SPRF-MG,DEL05-MG,UOP01-DEL05-MG
408183,2022-01-12,quarta-feira,07:30:00,PR,376,"530,7",PALMEIRA,Condutor usando celular,Colisão com objeto,Sem Vítimas,Pleno dia,Decrescente,Céu Claro,Dupla,Declive;Reta,Não,4,0,0,0,4,0,0,4,"-25,3041726","-49,889159",SPRF-PR,DEL03-PR,UOP01-DEL03-PR
408184,2022-01-11,terça-feira,23:30:00,MT,158,606,AGUA BOA,Condutor Dormindo,Saída de leito carroçável,Com Vítimas Feridas,Plena Noite,Decrescente,Nublado,Simples,Reta,Não,2,0,1,0,0,1,1,2,"-14,376626","-52,16908",SPRF-MT,DEL07-MT,UOP02-DEL07-MT
408185,2022-01-12,quarta-feira,08:00:00,PR,376,674,GUARATUBA,Manobra de mudança de faixa,Colisão lateral mesmo sentido,Com Vítimas Feridas,Pleno dia,Crescente,Céu Claro,Dupla,Curva,Não,5,0,2,1,1,1,3,3,"-25,90851198","-48,92070682",SPRF-PR,DEL01-PR,UOP04-DEL01-PR
408188,2022-01-12,quarta-feira,08:05:00,SC,101,"131,7",BALNEARIO CAMBORIU,Velocidade Incompatível,Engavetamento,Com Vítimas Feridas,Pleno dia,Decrescente,Céu Claro,Dupla,Reta,Sim,8,0,1,0,6,1,1,7,"-26,99064209","-48,66310912",SPRF-SC,DEL04-SC,UOP03-DEL04-SC
408201,2022-01-12,quarta-feira,10:15:00,PR,116,"2,9",QUATRO BARRAS,Demais falhas mecânicas ou elétricas,Colisão com objeto,Com Vítimas Feridas,Pleno dia,Decrescente,Céu Claro,Dupla,Reta,Não,2,0,1,0,0,1,1,2,"-25,3562","-49,0677",SPRF-PR,DEL01-PR,UOP02-DEL01-PR
408202,2022-01-12,quarta-feira,09:25:00,SC,470,"174,4",POUSO REDONDO,Desrespeitar a preferência no cruzamento,Colisão transversal,Com Vítimas Feridas,Pleno dia,Crescente,Céu Claro,Simples,Reta,Sim,4,0,1,0,3,0,1,3,"-27,258179","-49,929146",SPRF-SC,DEL04-SC,UOP02-DEL04-SC
408204,2022-01-12,quarta-feira,10:00:00,SP,116,313,SAO LOURENCO DA SERRA,Manobra de mudança de faixa,Colisão lateral mesmo sentido,Com Vítimas Feridas,Pleno dia,Crescente,Nublado,Dupla,Reta,Não,2,0,1,0,1,0,1,2,"-23,88913612","-46,9801679",SPRF-SP,DEL04-SP,UOP01-DEL04-SP
408210,2022-01-12,quarta-feira,11:00:00,SC,470,"122,1",IBIRAMA,Ultrapassagem Indevida,Colisão lateral mesmo sentido,Com Vítimas Feridas,Pleno dia,Crescente,Sol,Simples,Reta,Não,2,0,1,0,1,0,1,2,"-27,106783","-49,522049",SPRF-SC,DEL04-SC,UOP02-DEL04-SC
408211,2022-01-12,quarta-feira,10:35:00,PR,277,730,FOZ DO IGUACU,Ausência de reação do condutor,Colisão lateral mesmo sentido,Com Vítimas Feridas,Pleno dia,Decrescente,Céu Claro,Simples,Ponte,Sim,5,0,1,0,4,0,1,4,"-25,50826305","-54,59238593",SPRF-PR,DEL05-PR,UOP03-DEL05-PR
408212,2022-01-12,quarta-feira,10:30:00,RS,468,60,CORONEL BICACO,Condutor Dormindo,Colisão lateral sentido oposto,Com Vítimas Feridas,Pleno dia,Decrescente,Céu Claro,Simples,Reta,Não,3,0,1,0,1,3,1,5,"-27,76572428","-53,78891388",SPRF-RS,DEL08-RS,UOP02-DEL08-RS
408214,2022-01-12,quarta-feira,11:30:00,ES,262,"5,5",CARIACICA,Desrespeitar a preferência no cruzamento,Colisão transversal,Com Vítimas Feridas,Pleno dia,Crescente,Céu Claro,Dupla,Retorno Regulamentado;Reta,Sim,2,0,0,1,1,0,1,2,"-20,33707281","-40,38649924",SPRF-ES,DEL01-ES,UOP01-DEL01-ES
408221,2022-01-12,quarta-feira,10:10:00,PE,424,75,CAETES,Reação tardia ou ineficiente do condutor,Saída de leito carroçável,Com Vítimas Feridas,Pleno dia,Crescente,Céu Claro,Simples,Reta,Não,1,0,1,0,0,0,1,1,"-8,80482636","-36,58367325",SPRF-PE,DEL03-PE,UOP01-DEL03-PE
408225,2022-01-12,quarta-feira,11:48:00,PR,277,"4,8",PARANAGUA,Acessar a via sem observar a presença dos outros veículos,Saída de leito carroçável,Sem Vítimas,Pleno dia,Crescente,Céu Claro,Múltipla,Interseção de Vias,Sim,2,0,0,0,1,1,0,2,"-25,55622538","-48,56531024",SPRF-PR,DEL01-PR,UOP05-DEL01-PR
408230,2022-01-12,quarta-feira,13:40:00,GO,40,"61,7",CRISTALINA,Velocidade Incompatível,Tombamento,Com Vítimas Feridas,Pleno dia,Decrescente,Chuva,Simples,Reta,Não,1,0,0,1,0,0,1,1,"-16,541494","-47,794882",SPRF-DF,DEL01-DF,UOP02-DEL01-DF
408244,2022-01-12,quarta-feira,15:00:00,CE,402,"268,7",ITAPIPOCA,Condutor deixou de manter distância do veículo da frente,Colisão traseira,Com Vítimas Feridas,Pleno dia,Decrescente,Nublado,Simples,Reta,Não,4,0,2,0,2,0,2,2,"-3,47502406","-39,54437103",SPRF-CE,DEL01-CE,UOP03-DEL01-CE
408249,2022-01-12,quarta-feira,16:33:00,RN,101,148,GOIANINHA,Ausência de reação do condutor,Colisão traseira,Com Vítimas Feridas,Pleno dia,Crescente,Céu Claro,Dupla,Viaduto,Sim,2,0,1,0,1,0,1,2,"-6,27949119","-35,20490033",SPRF-RN,DEL01-RN,UOP01-DEL01-RN
408256,2022-01-12,quarta-feira,16:50:00,GO,153,357,JARAGUA,Reação tardia ou ineficiente do condutor,Colisão transversal,Com Vítimas Feridas,Pleno dia,Crescente,Céu Claro,Dupla,Reta;Interseção de Vias,Sim,2,0,1,0,1,0,1,2,"-15,73500994","-49,3234849",SPRF-GO,DEL02-GO,UOP02-DEL02-GO
408260,2022-01-12,quarta-feira,13:20:00,MG,153,"232,1",FRONTEIRA,Ausência de reação do condutor,Colisão frontal,Com Vítimas Feridas,Pleno dia,Decrescente,Céu Claro,Simples,Reta,Não,5,0,0,1,3,1,1,3,"-20,24705204","-49,16684895",SPRF-MG,DEL13-MG,UOP02-DEL13-MG
408261,2022-01-12,quarta-feira,17:00:00,PR,116,"43,8",CAMPINA GRANDE DO SUL,Condutor deixou de manter distância do veículo da frente,Colisão traseira,Com Vítimas Feridas,Pleno dia,Crescente,Céu Claro,Dupla,Curva,Não,4,0,1,0,2,2,1,5,"-25,18101149","-48,88196442",SPRF-PR,DEL01-PR,UOP02-DEL01-PR
408272,2022-01-04,terça-feira,11:00:00,MT,364,13,ALTO ARAGUAIA,Problema na suspensão,Tombamento,Com Vítimas Feridas,Pleno dia,Crescente,Céu Claro,Simples,Rotatória,Não,2,0,1,0,0,1,1,2,"-17,25560827","-53,31210321",SPRF-MT,DEL02-MT,UOP02-DEL02-MT
408278,2022-01-12,quarta-feira,11:30:00,PR,376,"445,3",TIBAGI,Velocidade Incompatível,Tombamento,Com Vítimas Feridas,Pleno dia,Decrescente,Sol,Dupla,Curva,Não,3,0,1,0,1,1,1,2,"-24,8555219","-50,46024799",SPRF-PR,DEL03-PR,UOP02-DEL03-PR
408280,2022-01-12,quarta-feira,19:15:00,SC,101,206,SAO JOSE,Ausência de reação do condutor,Colisão lateral mesmo sentido,Com Vítimas Feridas,Plena Noite,Crescente,Céu Claro,Múltipla,Reta,Sim,3,0,1,0,1,1,1,3,"-27,59193546","-48,61824557",SPRF-SC,DEL01-SC,UOP01-DEL01-SC
408285,2022-01-12,quarta-feira,20:25:00,SE,101,"69,3",MARUIM,Reação tardia ou ineficiente do condutor,Colisão lateral sentido oposto,Com Vítimas Feridas,Plena Noite,Crescente,Céu Claro,Simples,Reta;Declive,Não,2,0,0,1,0,1,1,2,"-10,72937357","-37,0810103",SPRF-SE,DEL01-SE,UOP01-DEL01-SE
408287,2022-01-12,quarta-feira,20:15:00,AL,316,"225,6",ATALAIA,Velocidade Incompatível,Tombamento,Com Vítimas Fatais,Plena Noite,Crescente,Céu Claro,Simples,Reta,Não,4,1,0,1,1,2,1,5,"-9,47691913","-36,15664611",SPRF-AL,DEL01-AL,UOP01-DEL01-AL
408301,2022-01-12,quarta-feira,22:30:00,SP,116,202,ARUJA,Ausência de reação do condutor,Colisão lateral mesmo sentido,Com Vítimas Feridas,Plena Noite,Decrescente,Céu Claro,Dupla,Reta,Sim,3,0,2,0,0,1,2,2,"-23,40809408","-46,33859597",SPRF-SP,DEL01-SP,UOP01-DEL01-SP
408302,2022-01-12,quarta-feira,22:20:00,MT,163,"106,6",RONDONOPOLIS,Reação tardia ou ineficiente do condutor,Colisão traseira,Com Vítimas Fatais,Plena Noite,Crescente,Chuva,Dupla,Declive,Não,5,2,0,0,1,4,0,6,"-16,61130805","-54,70053179",SPRF-MT,DEL02-MT,UOP01-DEL02-MT
408303,2022-01-12,quarta-feira,11:40:00,MG,251,"217,9",CACHOEIRA DE PAJEU,Pista esburacada,Colisão traseira,Sem Vítimas,Pleno dia,Decrescente,Céu Claro,Simples,Declive,Não,4,0,0,0,1,3,0,4,"-15,92973805","-41,60120995",SPRF-MG,DEL11-MG,UOP02-DEL11-MG
408306,2022-01-12,quarta-feira,22:30:00,RO,364,712,PORTO VELHO,Reação tardia ou ineficiente do condutor,Colisão traseira,Com Vítimas Feridas,Plena Noite,Decrescente,Nublado,Dupla,Reta,Sim,4,0,0,1,2,2,1,4,"-8,774578","-63,877514",SPRF-RO,DEL01-RO,UOP01-DEL01-RO
408307,2022-01-12,quarta-feira,23:30:00,GO,60,394,RIO VERDE,Transitar na contramão,Colisão lateral sentido oposto,Sem Vítimas,Plena Noite,Crescente,Garoa/Chuvisco,Dupla,Viaduto,Não,3,0,0,0,2,1,0,3,"-17,8228","-50,9983",SPRF-GO,DEL04-GO,UOP01-DEL04-GO