id,data_inversa,dia_semana,horario,uf,br,km,municipio,causa_acidente,tipo_acidente,classificacao_acidente,fase_dia,sentido_via,condicao_metereologica,tipo_pista,tracado_via,uso_solo,pessoas,mortos,feridos_leves,feridos_graves,ilesos,ignorados,feridos,veiculos,latitude,longitude,regional,delegacia,uop
408309,2022-01-12,quarta-feira,23:40:00,MS,163,558,BANDEIRANTES,Ausência de reação do condutor,Saída de leito carroçável,Com Vítimas Feridas,Plena Noite,Crescente,Nublado,Simples,Reta,Não,1,0,1,0,0,0,1,1,"-19,83777301","-54,36995428",SPRF-MS,DEL01-MS,UOP02-DEL01-MS
408314,2022-01-12,quarta-feira,22:20:00,MS,158,289,TRES LAGOAS,Condutor Dormindo,Colisão com objeto,Sem Vítimas,Plena Noite,Decrescente,Nublado,Simples,Reta,Não,2,0,0,0,1,3,0,4,"-20,899132","-51,764786",SPRF-MS,DEL07-MS,UOP01-DEL07-MS
408316,2022-01-13,quinta-feira,01:40:00,MG,381,"419,5",CAETE,Condutor Dormindo,Colisão traseira,Com Vítimas Feridas,Plena Noite,Crescente,Céu Claro,Dupla,Reta,Não,3,0,1,0,2,0,1,2,"-19,75645039","-43,63136101",SPRF-MG,DEL01-MG,UOP01-DEL01-MG
408317,2022-01-13,quinta-feira,00:40:00,ES,447,"12,7",VILA VELHA,Condutor Dormindo,Colisão com objeto,Com Vítimas Feridas,Plena Noite,Crescente,Céu Claro,Dupla,Reta,Sim,2,0,1,0,0,1,1,2,"-20,35784325","-40,3328294",SPRF-ES,DEL01-ES,UOP01-DEL01-ES
408319,2022-01-13,quinta-feira,02:40:00,PB,230,"136,9",CAMPINA GRANDE,Problema com o freio,Tombamento,Sem Vítimas,Plena Noite,Decrescente,Nublado,Dupla,Declive;Curva,Não,2,0,0,0,1,1,0,2,"-7,2766","-35,7739",SPRF-PB,DEL02-PB,UOP01-DEL02-PB
408320,2022-01-13,quinta-feira,01:00:00,BA,116,331,ARACI,Condutor deixou de manter distância do veículo da frente,Colisão traseira,Com Vítimas Feridas,Plena Noite,Crescente,Céu Claro,Simples,Aclive,Não,1,0,1,0,0,0,1,1,"-11,37406601","-38,96457692",SPRF-BA,DEL02-BA,UOP01-DEL02-BA
408322,2022-01-13,quinta-feira,03:20:00,MT,364,201,RONDONOPOLIS,Condutor deixou de manter distância do veículo da frente,Colisão traseira,Com Vítimas Feridas,Plena Noite,Crescente,Céu Claro,Dupla,Reta,Sim,3,0,0,1,1,2,1,4,"-16,491405","-54,646378",SPRF-MT,DEL02-MT,UOP01-DEL02-MT
408324,2022-01-12,quarta-feira,22:00:00,RS,116,"351,3",TAPES,Velocidade Incompatível,Colisão com objeto,Sem Vítimas,Plena Noite,Decrescente,Céu Claro,Dupla,Desvio Temporário;Em Obras,Não,2,0,0,0,0,2,0,2,"-30,54888119","-51,51331864",SPRF-RS,DEL02-RS,UOP02-DEL02-RS
408329,2022-01-13,quinta-feira,06:00:00,PR,376,651,TIJUCAS DO SUL,Demais falhas mecânicas ou elétricas,Incêndio,Sem Vítimas,Pleno dia,Decrescente,Nublado,Dupla,Declive,Não,2,0,0,0,1,1,0,2,"-25,845243","-49,078578",SPRF-PR,DEL01-PR,UOP04-DEL01-PR
408331,2022-01-13,quinta-feira,06:00:00,SP,116,"365,5",MIRACATU,Velocidade Incompatível,Tombamento,Com Vítimas Feridas,Pleno dia,Decrescente,Céu Claro,Dupla,Curva,Não,3,0,2,0,0,1,2,2,"-24,14533813","-47,27537401",SPRF-SP,DEL04-SP,UOP02-DEL04-SP
408335,2022-01-13,quinta-feira,04:40:00,PB,230,"471,6",SOUSA,Chuva,Engavetamento,Sem Vítimas,Pleno dia,Decrescente,Chuva,Simples,Reta,Não,5,0,0,0,3,3,0,5,"-6,7943","-38,2918",SPRF-PB,DEL03-PB,UOP03-DEL03-PB
408336,2022-01-13,quinta-feira,06:40:00,RS,101,"59,4",MAQUINE,Restrição de visibilidade em curvas horizontais,Atropelamento de Pedestre,Com Vítimas Feridas,Pleno dia,Crescente,Céu Claro,Dupla,Curva,Não,3,0,0,1,1,1,1,3,"-29,67181595","-50,13928208",SPRF-RS,DEL03-RS,UOP02-DEL03-RS
408338,2022-01-13,quinta-feira,05:50:00,RJ,101,"60,8",CAMPOS DOS GOYTACAZES,Reação tardia ou ineficiente do condutor,Colisão traseira,Sem Vítimas,Pleno dia,Crescente,Céu Claro,Simples,Reta,Sim,3,0,0,0,1,2,0,3,"-21,724507","-41,319799",SPRF-RJ,DEL08-RJ,UOP01-DEL08-RJ
408340,2022-01-13,quinta-feira,05:45:00,MS,163,104,ITAQUIRAI,Velocidade Incompatível,Tombamento,Com Vítimas Feridas,Amanhecer,Decrescente,Nublado,Dupla,Rotatória,Não,2,0,1,0,0,2,1,3,"-23,24733975","-54,22583342",SPRF-MS,DEL09-MS,UOP01-DEL09-MS
408345,2022-01-13,quinta-feira,05:10:00,PR,476,"282,2",SAO MATEUS DO SUL,Ultrapassagem Indevida,Colisão lateral mesmo sentido,Com Vítimas Feridas,Amanhecer,Decrescente,Nublado,Simples,Reta,Não,10,0,5,4,1,0,9,4,"-25,883417","-50,430523",SPRF-PR,DEL02-PR,UOP04-DEL02-PR
408349,2022-01-13,quinta-feira,08:15:00,PR,277,305,PRUDENTOPOLIS,Problema com o freio,Engavetamento,Com Vítimas Feridas,Pleno dia,Decrescente,Nublado,Simples,Curva,Não,8,0,2,0,5,1,2,6,"-25,29514096","-51,13661302",SPRF-PR,DEL08-PR,UOP01-DEL08-PR
408350,2022-01-12,quarta-feira,16:35:00,RJ,356,63,ITAPERUNA,Velocidade Incompatível,Tombamento,Sem Vítimas,Pleno dia,Decrescente,Céu Claro,Simples,Curva,Não,2,0,0,0,1,3,0,4,"-21,33357499","-41,71117816",SPRF-RJ,DEL08-RJ,UOP03-DEL08-RJ
408351,2022-01-13,quinta-feira,06:15:00,PR,163,302,MERCEDES,Reação tardia ou ineficiente do condutor,Saída de leito carroçável,Com Vítimas Feridas,Pleno dia,Crescente,Céu Claro,Simples,Curva,Não,3,0,1,0,0,2,1,3,"-24,47992313","-54,12732124",SPRF-PR,DEL06-PR,UOP02-DEL06-PR
408352,2022-01-13,quinta-feira,07:17:00,SC,101,6,GARUVA,Ingestão de álcool pelo condutor,Colisão com objeto,Sem Vítimas,Pleno dia,Crescente,Céu Claro,Dupla,Reta,Não,2,0,0,0,1,1,0,2,"-26,02692002","-48,86142017",SPRF-SC,DEL03-SC,UOP01-DEL03-SC
408354,2022-01-13,quinta-feira,09:00:00,RS,285,"552,9",SAO LUIZ GONZAGA,Condutor deixou de manter distância do veículo da frente,Engavetamento,Com Vítimas Feridas,Pleno dia,Crescente,Sol,Simples,Reta,Não,4,0,1,0,3,0,1,4,"-28,416986","-54,795171",SPRF-RS,DEL10-RS,UOP01-DEL10-RS
408362,2022-01-13,quinta-feira,09:45:00,BA,407,13,JUAZEIRO,Ultrapassagem Indevida,Saída de leito carroçável,Sem Vítimas,Pleno dia,Decrescente,Sol,Dupla,Reta,Não,4,0,0,0,4,0,0,2,"-9,50494822","-40,46030045",SPRF-BA,DEL04-BA,UOP01-DEL04-BA
408364,2022-01-13,quinta-feira,09:00:00,MT,364,394,CUIABA,Reação tardia ou ineficiente do condutor,Colisão traseira,Com Vítimas Feridas,Pleno dia,Decrescente,Céu Claro,Dupla,Retorno Regulamentado,Não,2,0,1,0,1,0,1,2,"-15,700119","-55,890619",SPRF-MT,DEL01-MT,UOP02-DEL01-MT
408366,2022-01-13,quinta-feira,09:20:00,SC,101,"115,8",ITAJAI,Acessar a via sem observar a presença dos outros veículos,Colisão transversal,Sem Vítimas,Pleno dia,Decrescente,Sol,Múltipla,Reta,Não,3,0,0,0,2,1,0,3,"-26,87064015","-48,72954134",SPRF-SC,DEL04-SC,UOP04-DEL04-SC
408367,2022-01-13,quinta-feira,08:15:00,MG,50,169,UBERABA,Condutor deixou de manter distância do veículo da frente,Colisão lateral mesmo sentido,Com Vítimas Feridas,Pleno dia,Crescente,Céu Claro,Dupla,Reta,Sim,5,0,1,0,3,3,1,6,"-19,72771598","-47,98120608",SPRF-MG,DEL13-MG,UOP01-DEL13-MG
408380,2022-01-13,quinta-feira,12:20:00,PI,343,18,PARNAIBA,Ingestão de álcool ou de substâncias psicoativas pelo pedestre,Atropelamento de Pedestre,Com Vítimas Feridas,Pleno dia,Decrescente,Céu Claro,Simples,Reta,Sim,3,0,0,1,1,1,1,3,"-2,96699551","-41,7600221",SPRF-PI,DEL05-PI,UOP01-DEL05-PI
408383,2022-01-13,quinta-feira,11:10:00,BA,101,"800,1",ITAMARAJU,Manobra de mudança de faixa,Colisão lateral mesmo sentido,Com Vítimas Fatais,Pleno dia,Crescente,Céu Claro,Simples,Reta,Sim,3,1,0,0,1,1,0,3,"-17,14135504","-39,56892786",SPRF-BA,DEL09-BA,UOP01-DEL09-BA
408394,2022-01-13,quinta-feira,12:50:00,MA,222,"674,5",ACAILANDIA,Transitar no acostamento,Tombamento,Com Vítimas Feridas,Pleno dia,Crescente,Nublado,Simples,Curva,Sim,4,0,2,0,1,3,2,5,"-4,93412557","-47,45359225",SPRF-MA,DEL04-MA,UOP03-DEL04-MA
408400,2022-01-13,quinta-feira,12:45:00,MT,70,512,VARZEA GRANDE,Ausência de reação do condutor,Colisão traseira,Sem Vítimas,Pleno dia,Decrescente,Sol,Simples,Ponte,Não,4,0,0,0,3,4,0,7,"-15,701439","-56,116245",SPRF-MT,DEL01-MT,UOP02-DEL01-MT
408402,2022-01-13,quinta-feira,15:05:00,SP,116,37,CACHOEIRA PAULISTA,Chuva,Colisão traseira,Com Vítimas Feridas,Pleno dia,Crescente,Chuva,Dupla,Reta,Sim,3,0,2,0,1,0,2,2,"-22,66497021","-44,98430985",SPRF-SP,DEL08-SP,UOP02-DEL08-SP
408413,2022-01-13,quinta-feira,16:15:00,BA,367,"59,8",PORTO SEGURO,Manobra de mudança de faixa,Colisão frontal,Com Vítimas Feridas,Pleno dia,Crescente,Céu Claro,Simples,Curva,Não,2,0,0,1,1,0,1,2,"-16,386475","-39,374206",SPRF-BA,DEL09-BA,UOP01-DEL09-BA
408416,2022-01-13,quinta-feira,15:50:00,SC,282,179,BOCAINA DO SUL,Ultrapassagem Indevida,Colisão lateral mesmo sentido,Com Vítimas Fatais,Pleno dia,Decrescente,Sol,Simples,Curva,Não,5,1,1,1,1,1,2,3,"-27,73996651","-49,93217468",SPRF-SC,DEL05-SC,UOP01-DEL05-SC
408417,2022-01-13,quinta-feira,16:00:00,MT,364,349,SANTO ANTONIO DO LEVERGER,Problema com o freio,Saída de leito carroçável,Com Vítimas Fatais,Pleno dia,Decrescente,Céu Claro,Dupla,Curva,Não,2,1,0,0,0,1,0,2,"-15,80502622","-55,5546431",SPRF-MT,DEL05-MT,UOP02-DEL05-MT
408438,2022-01-13,quinta-feira,17:20:00,BA,116,829,VITORIA DA CONQUISTA,Ausência de reação do condutor,Engavetamento,Com Vítimas Feridas,Anoitecer,Decrescente,Sol,Simples,Aclive;Reta,Não,6,0,1,2,2,1,3,4,"-14,901448","-40,868971",SPRF-BA,DEL08-BA,UOP01-DEL08-BA
408446,2022-01-13,quinta-feira,17:45:00,GO,153,"493,9",GOIANIA,Demais falhas mecânicas ou elétricas,Incêndio,Sem Vítimas,Pleno dia,Decrescente,Sol,Dupla,Reta;Declive;Ponte,Sim,2,0,0,0,1,1,0,2,"-16,65301587","-49,21661",SPRF-GO,DEL01-GO,UOP01-DEL01-GO
408453,2022-01-13,quinta-feira,15:10:00,MT,70,688,CACERES,Desrespeitar a preferência no cruzamento,Colisão frontal,Com Vítimas Feridas,Pleno dia,Crescente,Nublado,Simples,Reta,Não,2,0,1,0,1,0,1,2,"-16,17083998","-57,35640202",SPRF-MT,DEL03-MT,UOP01-DEL03-MT
408462,2022-01-13,quinta-feira,18:10:00,RO,364,528,ARIQUEMES,Ingestão de álcool pelo condutor,Colisão lateral mesmo sentido,Sem Vítimas,Pleno dia,Crescente,Céu Claro,Simples,Curva,Não,2,0,0,0,2,0,0,2,"-9,81112783","-63,07481273",SPRF-RO,DEL03-RO,UOP01-DEL03-RO
408469,2022-01-13,quinta-feira,21:15:00,RS,158,"309,9",ITAARA,Transitar na contramão,Colisão frontal,Com Vítimas Fatais,Plena Noite,Crescente,Céu Claro,Simples,Aclive;Reta,Sim,4,1,0,0,2,1,0,3,"-29,60389692","-53,76635275",SPRF-RS,DEL09-RS,UOP01-DEL09-RS
408473,2022-01-13,quinta-feira,17:00:00,MG,262,539,LUZ,Velocidade Incompatível,Saída de leito carroçável,Com Vítimas Feridas,Pleno dia,Decrescente,Céu Claro,Simples,Curva,Não,2,0,1,0,0,1,1,2,"-19,76268587","-45,79506296",SPRF-MG,DEL08-MG,UOP02-DEL08-MG
408485,2022-01-13,quinta-feira,19:00:00,MT,163,882,SINOP,Ausência de reação do condutor,Colisão traseira,Com Vítimas Feridas,Plena Noite,Decrescente,Nublado,Simples,Reta,Não,2,0,2,0,0,0,2,2,"-11,5792618","-55,41639734",SPRF-MT,DEL06-MT,NPF/DEL06-MT
408490,2022-01-14,sexta-feira,02:30:00,ES,101,110,SOORETAMA,Condutor Dormindo,Saída de leito carroçável,Com Vítimas Feridas,Plena Noite,Crescente,Céu Claro,Simples,Reta,Não,1,0,1,0,0,0,1,1,"-19,06215201","-40,03484798",SPRF-ES,DEL04-ES,UOP01-DEL04-ES
408492,2022-01-14,sexta-feira,03:30:00,MG,262,"131,5",RIO CASCA,Animais na Pista,Atropelamento de Animal,Com Vítimas Feridas,Plena Noite,Crescente,Céu Claro,Simples,Reta,Não,2,0,1,0,1,0,1,2,"-20,14649102","-42,69628633",SPRF-MG,DEL03-MG,UOP03-DEL03-MG
408493,2022-01-14,sexta-feira,03:50:00,SP,116,461,PARIQUERA-ACU,Reação tardia ou ineficiente do condutor,Colisão traseira,Com Vítimas Feridas,Plena Noite,Decrescente,Céu Claro,Dupla,Reta,Não,4,0,0,1,1,2,1,4,"-24,61672184","-47,88933615",SPRF-SP,DEL05-SP,UOP01-DEL05-SP
408495,2022-01-13,quinta-feira,20:45:00,PR,373,"432,7",CHOPINZINHO,Carga excessiva e/ou mal acondicionada,Tombamento,Sem Vítimas,Plena Noite,Crescente,Céu Claro,Simples,Curva,Não,2,0,0,0,1,1,0,2,"-25,76587381","-52,25564696",SPRF-PR,DEL02-PR,UOP01-DEL02-PR
408496,2022-01-14,sexta-feira,05:00:00,PE,101,82,JABOATAO DOS GUARARAPES,Objeto estático sobre o leito carroçável,Colisão com objeto,Sem Vítimas,Amanhecer,Crescente,Nublado,Múltipla,Reta,Sim,1,0,0,0,1,0,0,1,"-8,168383","-34,9376",SPRF-PE,DEL01-PE,UOP01-DEL01-PE
408497,2022-01-14,sexta-feira,04:10:00,PR,277,101,CURITIBA,Manobra de mudança de faixa,Saída de leito carroçável,Com Vítimas Fatais,Amanhecer,Decrescente,Céu Claro,Dupla,Curva,Não,3,1,1,0,0,1,1,2,"-25,52228492","-49,3331539",SPRF-PR,DEL01-PR,UOP01-DEL01-PR
408499,2022-01-14,sexta-feira,05:00:00,PR,116,18,CAMPINA GRANDE DO SUL,Velocidade Incompatível,Colisão com objeto,Sem Vítimas,Amanhecer,Decrescente,Nublado,Dupla,Declive;Ponte;Curva,Não,2,0,0,0,1,2,0,3,"-25,103973","-48,710786",SPRF-PR,DEL01-PR,UOP02-DEL01-PR
408504,2022-01-13,quinta-feira,16:50:00,MG,262,863,CAMPO FLORIDO,Ausência de reação do condutor,Engavetamento,Sem Vítimas,Pleno dia,Crescente,Ignorado,Dupla,Reta,Não,14,0,0,0,14,0,0,4,"-19,789562","-48,419999",SPRF-MG,DEL13-MG,UOP01-DEL13-MG
408508,2022-01-14,sexta-feira,06:40:00,PE,101,33,IGARASSU,Condutor deixou de manter distância do veículo da frente,Colisão lateral mesmo sentido,Sem Vítimas,Pleno dia,Crescente,Céu Claro,Simples,Reta,Não,4,0,0,0,2,3,0,5,"-7,761909","-34,935654",SPRF-PE,DEL01-PE,UOP02-DEL01-PE
408517,2022-01-14,sexta-feira,05:00:00,MG,381,"539,5",ITATIAIUCU,Velocidade Incompatível,Colisão traseira,Com Vítimas Feridas,Amanhecer,Decrescente,Nevoeiro/Neblina,Dupla,Aclive;Curva,Não,3,0,1,0,1,2,1,4,"-20,22584553","-44,39510082",SPRF-MG,DEL04-MG,UOP03-DEL04-MG
408526,2022-01-14,sexta-feira,08:35:00,ES,101,"264,3",SERRA,Reação tardia ou ineficiente do condutor,Colisão lateral mesmo sentido,Com Vítimas Feridas,Pleno dia,Decrescente,Sol,Múltipla,Curva,Sim,3,0,0,1,1,1,1,3,"-20,17292791","-40,26736384",SPRF-ES,DEL02-ES,UOP01-DEL02-ES
408529,2022-01-14,sexta-feira,05:00:00,RS,285,83,BOM JESUS,Reação tardia ou ineficiente do condutor,Colisão com objeto,Sem Vítimas,Amanhecer,Decrescente,Céu Claro,Simples,Curva,Não,2,0,0,0,1,2,0,3,"-28,647211","-50,632477",SPRF-RS,DEL05-RS,UOP03-DEL05-RS
408531,2022-01-14,sexta-feira,08:30:00,SP,116,"216,8",GUARULHOS,Trafegar com motocicleta (ou similar) entre as faixas,Colisão lateral mesmo sentido,Com Vítimas Feridas,Pleno dia,Crescente,Céu Claro,Múltipla,Aclive;Curva,Sim,4,0,1,0,3,0,1,3,"-23,4540144","-46,47308219",SPRF-SP,DEL01-SP,UOP01-DEL01-SP
408541,2022-01-14,sexta-feira,09:00:00,RJ,40,"40,2",TRES RIOS,Condutor deixou de manter distância do veículo da frente,Colisão traseira,Com Vítimas Feridas,Pleno dia,Crescente,Céu Claro,Dupla,Reta,Não,2,0,1,0,1,0,1,2,"-22,23901593","-43,10807783",SPRF-RJ,DEL05-RJ,UOP02-DEL05-RJ
408545,2022-01-14,sexta-feira,09:20:00,SP,381,0,VARGEM,Ausência de reação do condutor,Engavetamento,Sem Vítimas,Pleno dia,Crescente,Chuva,Dupla,Reta;Aclive,Não,6,0,0,0,4,4,0,8,"-22,878674","-46,372143",SPRF-SP,DEL03-SP,UOP01-DEL03-SP
408546,2022-01-14,sexta-feira,08:33:00,SC,470,39,GASPAR,Ultrapassagem Indevida,Colisão com objeto,Com Vítimas Feridas,Pleno dia,Decrescente,Nublado,Dupla,Reta;Em Obras,Não,2,0,0,1,1,0,1,2,"-26,894512","-48,987876",SPRF-SC,DEL04-SC,UOP01-DEL04-SC
408547,2022-01-14,sexta-feira,10:25:00,RS,116,302,GUAIBA,Condutor deixou de manter distância do veículo da frente,Colisão traseira,Com Vítimas Feridas,Pleno dia,Crescente,Céu Claro,Dupla,Reta,Sim,4,0,1,0,2,1,1,3,"-30,13970487","-51,35942618",SPRF-RS,DEL02-RS,UOP01-DEL02-RS
408550,2022-01-14,sexta-feira,10:45:00,SP,381,64,MAIRIPORA,Reação tardia ou ineficiente do condutor,Engavetamento,Sem Vítimas,Pleno dia,Crescente,Céu Claro,Múltipla,Declive,Não,7,0,0,0,6,1,0,7,"-23,3089645","-46,57924651",SPRF-SP,DEL03-SP,UOP01-DEL03-SP
408554,2022-01-14,sexta-feira,08:00:00,BA,242,659,MUQUEM DE SAO FRANCISCO,Avarias e/ou desgaste excessivo no pneu,Capotamento,Com Vítimas Fatais,Pleno dia,Decrescente,Céu Claro,Simples,Curva,Não,1,1,0,0,0,0,0,1,"-12,20420234","-43,63579204",SPRF-BA,DEL10-BA,UOP02-DEL10-BA
408564,2022-01-14,sexta-feira,12:00:00,RR,174,504,BOA VISTA,Condutor deixou de manter distância do veículo da frente,Colisão traseira,Com Vítimas Feridas,Pleno dia,Crescente,Céu Claro,Dupla,Interseção de Vias,Sim,5,0,1,0,3,1,1,3,"2,801374","-60,694801",SPRF-RR,DEL01-RR,UOP01-DEL01-RR
408572,2022-01-14,sexta-feira,07:45:00,MT,70,43,BARRA DO GARCAS,Declive acentuado,Tombamento,Sem Vítimas,Pleno dia,Decrescente,Céu Claro,Simples,Reta,Não,1,0,0,0,1,0,0,1,"-15,76276891","-52,58432491",SPRF-MT,DEL07-MT,UOP01-DEL07-MT
408576,2022-01-14,sexta-feira,14:00:00,SP,381,57,MAIRIPORA,Condutor deixou de manter distância do veículo da frente,Colisão traseira,Com Vítimas Feridas,Pleno dia,Crescente,Chuva,Dupla,Reta,Não,2,0,1,0,1,0,1,2,"-23,2658219","-46,5839857",SPRF-SP,DEL03-SP,UOP01-DEL03-SP
408584,2022-01-14,sexta-feira,14:25:00,MT,364,309,JACIARA,Ausência de reação do condutor,Colisão traseira,Com Vítimas Fatais,Pleno dia,Crescente,Céu Claro,Dupla,Reta,Não,5,2,1,0,1,3,1,5,"-15,81682288","-55,22982198",SPRF-MT,DEL05-MT,UOP02-DEL05-MT
408585,2022-01-14,sexta-feira,14:40:00,RS,386,439,NOVA SANTA RITA,Condutor deixou de manter distância do veículo da frente,Colisão traseira,Com Vítimas Feridas,Pleno dia,Crescente,Céu Claro,Dupla,Reta,Sim,4,0,1,0,2,1,1,4,"-29,87417551","-51,24634093",SPRF-RS,DEL04-RS,UOP02-DEL04-RS
408588,2022-01-14,sexta-feira,15:50:00,MG,116,523,CARATINGA,Problema com o freio,Colisão traseira,Com Vítimas Feridas,Pleno dia,Crescente,Céu Claro,Simples,Reta,Não,4,0,1,0,3,0,1,2,"-19,75187896","-42,1326603",SPRF-MG,DEL06-MG,UOP02-DEL06-MG
408593,2022-01-14,sexta-feira,15:00:00,SP,116,444,REGISTRO,Acessar a via sem observar a presença dos outros veículos,Colisão transversal,Com Vítimas Feridas,Pleno dia,Decrescente,Céu Claro,Dupla,Reta,Sim,3,0,1,0,1,1,1,3,"-24,49129421","-47,83614553",SPRF-SP,DEL05-SP,UOP01-DEL05-SP
408597,2022-01-14,sexta-feira,15:00:00,MT,163,837,SINOP,Ingestão de álcool ou de substâncias psicoativas pelo pedestre,Atropelamento de Pedestre,Com Vítimas Feridas,Pleno dia,Decrescente,Nublado,Simples,Reta,Sim,3,0,0,1,1,1,1,3,"-11,968963","-55,51695578",SPRF-MT,DEL06-MT,NPF/DEL06-MT
408598,2022-01-14,sexta-feira,13:30:00,AL,110,"5,6",DELMIRO GOUVEIA,Conversão proibida,Colisão frontal,Com Vítimas Fatais,Pleno dia,Crescente,Céu Claro,Simples,Interseção de Vias,Não,2,1,0,0,1,0,0,2,"-9,3416234","-38,18273219",SPRF-BA,DEL07-BA,UOP01-DEL07-BA
408599,2022-01-14,sexta-feira,15:30:00,MS,163,763,COXIM,Condutor Dormindo,Saída de leito carroçável,Com Vítimas Feridas,Pleno dia,Crescente,Céu Claro,Simples,Reta,Não,2,0,1,0,0,2,1,3,"-18,23181793","-54,6556115",SPRF-MS,DEL06-MS,UOP01-DEL06-MS
408604,2022-01-14,sexta-feira,12:25:00,SC,282,"428,5",VARGEM BONITA,Acumulo de água sobre o pavimento,Saída de leito carroçável,Com Vítimas Fatais,Pleno dia,Decrescente,Chuva,Simples,Curva,Não,2,1,0,1,0,0,1,1,"-26,975227","-51,777028",SPRF-SC,DEL07-SC,UOP05-DEL07-SC
408619,2022-01-14,sexta-feira,17:15:00,DF,251,"31,3",BRASILIA,Ultrapassagem Indevida,Colisão frontal,Com Vítimas Fatais,Pleno dia,Decrescente,Céu Claro,Simples,Reta,Não,2,1,0,0,1,0,0,2,"-15,942625","-47,731663",SPRF-DF,DEL01-DF,UOP01-DEL01-DF
408623,2022-01-14,sexta-feira,17:00:00,MG,381,448,SANTA LUZIA,Condutor Dormindo,Colisão frontal,Com Vítimas Feridas,Pleno dia,Decrescente,Céu Claro,Simples,Reta,Sim,4,0,1,1,1,1,2,3,"-19,83435173","-43,85962899",SPRF-MG,DEL01-MG,UOP01-DEL01-MG
408629,2022-01-14,sexta-feira,17:50:00,BA,110,12,PAULO AFONSO,Reação tardia ou ineficiente do condutor,Colisão lateral mesmo sentido,Com Vítimas Feridas,Anoitecer,Crescente,Céu Claro,Simples,Reta,Não,4,0,1,0,2,1,1,3,"-9,55893701","-38,22209387",SPRF-BA,DEL07-BA,UOP01-DEL07-BA
408640,2022-01-14,sexta-feira,19:00:00,MG,40,462,SETE LAGOAS,Carga excessiva e/ou mal acondicionada,Tombamento,Sem Vítimas,Plena Noite,Decrescente,Céu Claro,Dupla,Curva,Não,1,0,0,0,0,1,0,1,"-19,4136917","-44,33879427",SPRF-MG,DEL02-MG,UOP01-DEL02-MG
408647,2022-01-14,sexta-feira,17:20:00,MT,364,273,JACIARA,Acesso irregular,Colisão lateral mesmo sentido,Sem Vítimas,Pleno dia,Decrescente,Chuva,Dupla,Retorno Regulamentado,Sim,3,0,0,0,2,1,0,3,"-15,96077957","-54,96772983",SPRF-MT,DEL02-MT,UOP01-DEL02-MT
408651,2022-01-14,sexta-feira,12:50:00,MT,163,"577,7",NOVA MUTUM,Ausência de reação do condutor,Saída de leito carroçável,Com Vítimas Feridas,Pleno dia,Decrescente,Céu Claro,Simples,Reta,Não,2,0,1,0,0,1,1,2,"-14,10740899","-56,11859938",SPRF-MT,DEL01-MT,UOP01-DEL01-MT
408658,2022-01-14,sexta-feira,19:15:00,SC,470,"134,4",RIO DO SUL,Desrespeitar a preferência no cruzamento,Colisão transversal,Com Vítimas Fatais,Anoitecer,Decrescente,Chuva,Simples,Retorno Regulamentado;Em Obras,Não,6,1,1,2,1,1,3,3,"-27,17835891","-49,59478498",SPRF-SC,DEL04-SC,UOP02-DEL04-SC
408659,2022-01-14,sexta-feira,19:50:00,ES,101,325,GUARAPARI,Reação tardia ou ineficiente do condutor,Colisão traseira,Sem Vítimas,Plena Noite,Crescente,Céu Claro,Dupla,Reta,Não,4,0,0,0,3,1,0,4,"-20,55491301","-40,48064614",SPRF-ES,DEL03-ES,UOP01-DEL03-ES
408663,2022-01-14,sexta-feira,20:30:00,BA,0,0,BARREIRAS,Entrada inopinada do pedestre,Atropelamento de Pedestre,Com Vítimas Fatais,Plena Noite,Não Informado,Céu Claro,Simples,Reta,Não,3,1,0,0,1,2,0,4,"-12,1376959","-44,921313",SPRF-BA,DEL10-BA,UOP01-DEL10-BA
408668,2022-01-14,sexta-feira,17:45:00,PR,277,173,PALMEIRA,Velocidade Incompatível,Saída de leito carroçável,Com Vítimas Feridas,Pleno dia,Crescente,Chuva,Simples,Curva,Não,2,0,1,0,0,1,1,2,"-25,43","-50,037",SPRF-PR,DEL03-PR,UOP03-DEL03-PR
408672,2022-01-14,sexta-feira,19:40:00,MG,116,"657,5",SAO FRANCISCO DO GLORIA,Mal súbito do condutor,Colisão lateral sentido oposto,Com Vítimas Feridas,Plena Noite,Crescente,Céu Claro,Simples,Aclive;Curva,Não,2,0,1,0,1,0,1,2,"-20,75357971","-42,29813945",SPRF-MG,DEL07-MG,UOP03-DEL07-MG
408673,2022-01-14,sexta-feira,13:50:00,PR,376,458,TIBAGI,Velocidade Incompatível,Tombamento,Com Vítimas Feridas,Pleno dia,Crescente,Céu Claro,Dupla,Curva,Não,3,0,1,0,1,2,1,3,"-24,9921312","-50,36419141",SPRF-PR,DEL03-PR,UOP01-DEL03-PR
408676,2022-01-14,sexta-feira,22:40:00,ES,259,54,COLATINA,Condutor deixou de manter distância do veículo da frente,Colisão traseira,Com Vítimas Feridas,Plena Noite,Decrescente,Céu Claro,Dupla,Reta;Aclive,Não,3,0,1,0,1,1,1,3,"-19,49717055","-40,63711495",SPRF-ES,DEL02-ES,UOP01-DEL02-ES