id,data_inversa,dia_semana,horario,uf,br,km,municipio,causa_acidente,tipo_acidente,classificacao_acidente,fase_dia,sentido_via,condicao_metereologica,tipo_pista,tracado_via,uso_solo,pessoas,mortos,feridos_leves,feridos_graves,ilesos,ignorados,feridos,veiculos,latitude,longitude,regional,delegacia,uop
408678,2022-01-14,sexta-feira,22:10:00,ES,262,151,IBATIBA,Velocidade Incompatível,Tombamento,Com Vítimas Feridas,Plena Noite,Crescente,Céu Claro,Simples,Curva;Declive,Não,1,0,1,0,0,0,1,1,"-20,2148829","-41,44925529",SPRF-ES,DEL01-ES,UOP02-DEL01-ES
408680,2022-01-14,sexta-feira,22:20:00,ES,101,123,SOORETAMA,Transitar no acostamento,Colisão traseira,Com Vítimas Fatais,Plena Noite,Decrescente,Céu Claro,Simples,Reta,Não,3,1,0,0,1,3,0,5,"-19,16834502","-40,08717096",SPRF-ES,DEL04-ES,UOP01-DEL04-ES
408681,2022-01-14,sexta-feira,19:00:00,MA,10,"307,1",ACAILANDIA,Pedestre andava na pista,Atropelamento de Pedestre,Com Vítimas Fatais,Plena Noite,Crescente,Garoa/Chuvisco,Simples,Reta,Não,3,1,0,0,0,2,0,2,"-5,052458","-47,554607",SPRF-MA,DEL04-MA,UOP03-DEL04-MA
408684,2022-01-14,sexta-feira,23:00:00,ES,101,148,LINHARES,Entrada inopinada do pedestre,Atropelamento de Pedestre,Com Vítimas Fatais,Plena Noite,Decrescente,Céu Claro,Simples,Reta,Sim,2,1,0,0,1,0,0,2,"-19,38787399","-40,06752766",SPRF-ES,DEL04-ES,UOP01-DEL04-ES
408689,2022-01-14,sexta-feira,20:20:00,PE,408,"26,5",TIMBAUBA,Ausência de reação do condutor,Colisão traseira,Com Vítimas Fatais,Plena Noite,Crescente,Céu Claro,Simples,Reta,Não,2,1,0,0,0,1,0,2,"-7,548208","-35,262604",SPRF-PE,DEL01-PE,UOP02-DEL01-PE
408690,2022-01-14,sexta-feira,22:00:00,MT,364,456,VARZEA GRANDE,Ultrapassagem Indevida,Colisão lateral mesmo sentido,Sem Vítimas,Plena Noite,Decrescente,Céu Claro,Simples,Reta,Não,4,0,0,0,3,2,0,4,"-15,55949493","-56,2645739",SPRF-MT,DEL01-MT,UOP02-DEL01-MT
408705,2022-01-15,sábado,01:38:00,BA,324,623,SALVADOR,Condutor Dormindo,Colisão com objeto,Com Vítimas Fatais,Plena Noite,Decrescente,Nublado,Dupla,Reta,Sim,5,1,1,1,0,2,2,3,"-12,92628699","-38,46838679",SPRF-BA,DEL01-BA,UOP01-DEL01-BA
408710,2022-01-15,sábado,02:10:00,PR,277,58,SAO JOSE DOS PINHAIS,Condutor Dormindo,Colisão traseira,Sem Vítimas,Plena Noite,Crescente,Ignorado,Dupla,Reta,Não,3,0,0,0,2,2,0,4,"-25,57738662","-48,97169992",SPRF-PR,DEL01-PR,UOP05-DEL01-PR
408712,2022-01-15,sábado,03:30:00,ES,101,372,ICONHA,Velocidade Incompatível,Capotamento,Com Vítimas Feridas,Plena Noite,Crescente,Céu Claro,Simples,Reta,Não,1,0,1,0,0,0,1,1,"-20,77215419","-40,77695658",SPRF-ES,DEL03-ES,UOP01-DEL03-ES
408726,2022-01-15,sábado,05:10:00,PR,376,"71,8",GUAIRACA,Condutor Dormindo,Colisão lateral sentido oposto,Com Vítimas Feridas,Amanhecer,Crescente,Céu Claro,Simples,Declive;Reta,Não,3,0,1,0,1,1,1,3,"-22,93977297","-52,73038499",SPRF-PR,DEL09-PR,UOP02-DEL09-PR
408728,2022-01-15,sábado,05:00:00,MG,40,515,RIBEIRAO DAS NEVES,Ingestão de álcool e/ou substâncias psicoativas pelo pedestre,Atropelamento de Pedestre,Com Vítimas Feridas,Plena Noite,Decrescente,Céu Claro,Dupla,Reta,Não,2,0,0,1,0,1,1,2,"-19,81087034","-44,09384251",SPRF-MG,DEL01-MG,UOP02-DEL01-MG
408730,2022-01-15,sábado,04:35:00,SC,101,"129,8",BALNEARIO CAMBORIU,Ingestão de álcool pelo condutor,Colisão traseira,Sem Vítimas,Amanhecer,Decrescente,Céu Claro,Dupla,Reta,Sim,3,0,0,0,2,1,0,3,"-26,98064277","-48,6790679",SPRF-SC,DEL04-SC,UOP03-DEL04-SC
408733,2022-01-15,sábado,05:40:00,MG,381,"485,1",BETIM,Ingestão de álcool pelo condutor,Colisão traseira,Com Vítimas Fatais,Pleno dia,Crescente,Céu Claro,Múltipla,Reta,Sim,3,1,0,1,1,0,1,2,"-19,95592351","-44,11388397",SPRF-MG,DEL01-MG,UOP03-DEL01-MG
408737,2022-01-15,sábado,05:40:00,AP,210,2,MACAPA,Transitar na contramão,Colisão lateral sentido oposto,Sem Vítimas,Pleno dia,Crescente,Ignorado,Simples,Reta,Não,2,0,0,0,1,1,0,2,"0,08282017","-51,07776189",SPRF-AP,DEL01-AP,UOP01-DEL01-AP
408738,2022-01-15,sábado,06:10:00,RJ,393,274,BARRA DO PIRAI,Velocidade Incompatível,Tombamento,Com Vítimas Feridas,Pleno dia,Crescente,Céu Claro,Simples,Curva,Não,2,0,1,0,0,2,1,3,"-22,48328327","-43,96042792",SPRF-RJ,DEL05-RJ,UOP04-DEL05-RJ
408742,2022-01-15,sábado,02:00:00,MG,381,"174,7",GOVERNADOR VALADARES,Pedestre cruzava a pista fora da faixa,Atropelamento de Pedestre,Com Vítimas Fatais,Plena Noite,Crescente,Céu Claro,Simples,Reta,Não,3,1,0,0,0,2,0,3,"-18,97461256","-42,09666967",SPRF-MG,DEL06-MG,UOP01-DEL06-MG
408743,2022-01-15,sábado,06:30:00,MG,381,442,SABARA,Acessar a via sem observar a presença dos outros veículos,Atropelamento de Pedestre,Com Vítimas Feridas,Pleno dia,Crescente,Nublado,Simples,Reta,Não,2,0,0,1,1,0,1,2,"-19,8183901","-43,81131985",SPRF-MG,DEL01-MG,UOP01-DEL01-MG
408748,2022-01-15,sábado,04:50:00,CE,116,"318,6",JAGUARIBE,Reação tardia ou ineficiente do condutor,Saída de leito carroçável,Com Vítimas Feridas,Amanhecer,Decrescente,Céu Claro,Simples,Reta,Não,1,0,1,0,0,0,1,1,"-5,97295597","-38,62911178",SPRF-CE,DEL05-CE,UOP02-DEL05-CE
408757,2022-01-15,sábado,05:30:00,BA,101,"699,3",EUNAPOLIS,Condutor Dormindo,Colisão frontal,Com Vítimas Feridas,Pleno dia,Crescente,Céu Claro,Simples,Curva,Não,4,0,1,1,2,0,2,3,"-16,241905","-39,605366",SPRF-BA,DEL09-BA,UOP01-DEL09-BA
408764,2022-01-15,sábado,07:45:00,DF,251,"37,4",BRASILIA,Mal súbito do condutor,Colisão frontal,Com Vítimas Fatais,Pleno dia,Crescente,Céu Claro,Simples,Reta;Declive,Não,3,1,1,0,0,3,1,5,"-15,9454158","-47,7850008",SPRF-DF,DEL01-DF,UOP01-DEL01-DF
408768,2022-01-15,sábado,09:30:00,PB,230,"146,2",CAMPINA GRANDE,Manobra de mudança de faixa,Colisão traseira,Com Vítimas Feridas,Pleno dia,Decrescente,Nublado,Dupla,Reta,Sim,3,0,0,1,2,0,1,2,"-7,2468","-35,8484",SPRF-PB,DEL02-PB,UOP01-DEL02-PB
408777,2022-01-14,sexta-feira,01:30:00,PR,277,"511,7",GUARANIACU,Manobra de mudança de faixa,Colisão frontal,Com Vítimas Fatais,Plena Noite,Crescente,Céu Claro,Simples,Reta;Declive;Em Obras,Não,4,2,0,0,1,2,0,4,"-25,12170846","-52,76593808",SPRF-PR,DEL04-PR,UOP01-DEL04-PR
408778,2022-01-15,sábado,10:45:00,SP,116,385,MIRACATU,Velocidade Incompatível,Tombamento,Com Vítimas Feridas,Pleno dia,Decrescente,Céu Claro,Dupla,Curva,Não,1,0,1,0,0,0,1,1,"-24,254993","-47,375412",SPRF-SP,DEL04-SP,UOP02-DEL04-SP
408779,2022-01-15,sábado,09:40:00,MG,262,148,SAO DOMINGOS DO PRATA,Acessar a via sem observar a presença dos outros veículos,Colisão transversal,Com Vítimas Fatais,Pleno dia,Decrescente,Céu Claro,Simples,Interseção de Vias,Não,4,1,0,1,1,1,1,3,"-20,0130291","-42,74983565",SPRF-MG,DEL03-MG,UOP03-DEL03-MG
408790,2022-01-15,sábado,11:35:00,SE,101,"73,5",MARUIM,Velocidade Incompatível,Colisão com objeto,Sem Vítimas,Pleno dia,Crescente,Céu Claro,Simples,Desvio Temporário,Não,2,0,0,0,1,1,0,2,"-10,76273662","-37,11145231",SPRF-SE,DEL01-SE,UOP01-DEL01-SE
408798,2022-01-15,sábado,12:20:00,SC,101,"113,8",ITAJAI,Reação tardia ou ineficiente do condutor,Colisão traseira,Com Vítimas Feridas,Pleno dia,Decrescente,Céu Claro,Dupla,Reta,Não,7,0,2,2,3,0,4,3,"-26,85311393","-48,72689927",SPRF-SC,DEL04-SC,UOP04-DEL04-SC
408807,2022-01-15,sábado,13:30:00,MT,163,103,RONDONOPOLIS,Manobra de mudança de faixa,Saída de leito carroçável,Com Vítimas Feridas,Pleno dia,Crescente,Sol,Dupla,Reta,Não,3,0,2,0,0,1,2,2,"-16,63713456","-54,69416719",SPRF-MT,DEL02-MT,UOP01-DEL02-MT
408810,2022-01-15,sábado,13:40:00,BA,110,135,CICERO DANTAS,Velocidade Incompatível,Saída de leito carroçável,Com Vítimas Feridas,Pleno dia,Decrescente,Chuva,Simples,Curva,Não,4,0,3,0,0,2,3,3,"-10,54065496","-38,38056095",SPRF-BA,DEL07-BA,UOP02-DEL07-BA
408822,2022-01-15,sábado,14:15:00,MT,163,"850,8",SINOP,Ultrapassagem Indevida,Colisão frontal,Com Vítimas Fatais,Pleno dia,Decrescente,Céu Claro,Simples,Reta,Não,4,1,0,0,2,3,0,6,"-11,75477288","-55,46653748",SPRF-MT,DEL06-MT,NPF/DEL06-MT
408825,2022-01-15,sábado,10:45:00,MG,40,"698,1",BARBACENA,Condutor deixou de manter distância do veículo da frente,Colisão traseira,Com Vítimas Feridas,Pleno dia,Decrescente,Sol,Simples,Aclive;Reta,Não,2,0,1,0,0,1,1,2,"-21,188691","-43,751819",SPRF-MG,DEL05-MG,UOP02-DEL05-MG
408827,2022-01-15,sábado,15:45:00,RS,392,"99,5",MORRO REDONDO,Velocidade Incompatível,Tombamento,Com Vítimas Feridas,Pleno dia,Decrescente,Chuva,Simples,Declive,Não,2,0,1,0,0,2,1,3,"-31,54130208","-52,56823006",SPRF-RS,DEL07-RS,UOP01-DEL07-RS
408840,2022-01-15,sábado,15:30:00,MG,153,46,MONTE ALEGRE DE MINAS,Manobra de mudança de faixa,Colisão lateral mesmo sentido,Com Vítimas Feridas,Pleno dia,Decrescente,Céu Claro,Dupla,Reta,Não,3,0,1,0,1,1,1,3,"-18,7877321","-49,08400664",SPRF-MG,DEL15-MG,UOP03-DEL15-MG
408848,2022-01-15,sábado,13:50:00,PI,135,339,SANTA LUZ,Reação tardia ou ineficiente do condutor,Tombamento,Com Vítimas Feridas,Pleno dia,Decrescente,Céu Claro,Simples,Curva,Não,2,0,0,1,0,1,1,2,"-8,99583784","-44,29597012",SPRF-PI,DEL03-PI,UOP02-DEL03-PI
408851,2022-01-15,sábado,17:00:00,MG,50,"176,2",UBERABA,Frear bruscamente,Colisão traseira,Sem Vítimas,Pleno dia,Decrescente,Céu Claro,Dupla,Reta,Sim,4,0,0,0,3,1,0,3,"-19,77919981","-47,960032",SPRF-MG,DEL13-MG,UOP01-DEL13-MG
408852,2022-01-15,sábado,18:31:00,SE,235,"4,8",NOSSA SENHORA DO SOCORRO,Manobra de mudança de faixa,Colisão lateral mesmo sentido,Sem Vítimas,Plena Noite,Crescente,Nublado,Dupla,Reta,Sim,4,0,0,0,3,1,0,2,"-10,9064","-37,1197",SPRF-SE,DEL01-SE,UOP01-DEL01-SE
408854,2022-01-15,sábado,18:00:00,PR,376,"679,3",GUARATUBA,Reação tardia ou ineficiente do condutor,Saída de leito carroçável,Com Vítimas Feridas,Anoitecer,Decrescente,Chuva,Dupla,Reta,Não,3,0,1,0,1,1,1,3,"-25,95050276","-48,90514477",SPRF-PR,DEL01-PR,UOP04-DEL01-PR
408872,2022-01-15,sábado,20:20:00,PB,230,261,JUNCO DO SERIDO,Ingestão de álcool pelo condutor,Colisão traseira,Com Vítimas Feridas,Plena Noite,Decrescente,Chuva,Simples,Reta,Sim,2,0,0,1,1,0,1,2,"-6,9942","-36,7127",SPRF-PB,DEL03-PB,UOP01-DEL03-PB
408875,2022-01-15,sábado,16:30:00,SC,153,"16,9",AGUA DOCE,Reação tardia ou ineficiente do condutor,Colisão traseira,Com Vítimas Feridas,Pleno dia,Crescente,Céu Claro,Simples,Reta,Não,3,0,2,0,0,1,2,2,"-26,71016374","-51,6063679",SPRF-SC,DEL07-SC,UOP05-DEL07-SC
408892,2022-01-15,sábado,21:15:00,PR,376,"654,2",TIJUCAS DO SUL,Ausência de reação do condutor,Saída de leito carroçável,Com Vítimas Feridas,Plena Noite,Decrescente,Garoa/Chuvisco,Dupla,Declive,Não,2,0,1,0,0,1,1,2,"-25,84325961","-49,05169114",SPRF-PR,DEL01-PR,UOP04-DEL01-PR
408898,2022-01-15,sábado,17:35:00,PR,277,"503,2",GUARANIACU,Demais falhas mecânicas ou elétricas,Tombamento,Com Vítimas Feridas,Pleno dia,Decrescente,Sol,Simples,Curva,Não,4,0,1,0,2,1,1,2,"-25,14896801","-52,70105018",SPRF-PR,DEL04-PR,UOP01-DEL04-PR
408899,2022-01-15,sábado,22:00:00,BA,116,331,TEOFILANDIA,Ausência de reação do condutor,Colisão frontal,Com Vítimas Feridas,Plena Noite,Crescente,Céu Claro,Simples,Aclive,Não,4,0,1,1,1,1,2,3,"-11,42648795","-38,97406713",SPRF-BA,DEL02-BA,UOP01-DEL02-BA
408902,2022-01-15,sábado,19:50:00,MG,116,21,CACHOEIRA DE PAJEU,Pista esburacada,Saída de leito carroçável,Sem Vítimas,Plena Noite,Crescente,Céu Claro,Simples,Declive,Não,1,0,0,0,1,0,0,1,"-15,84293113","-41,40943564",SPRF-BA,DEL08-BA,UOP03-DEL08-BA
408909,2022-01-16,domingo,01:00:00,MG,381,"920,6",CAMANDUCAIA,Ingestão de álcool pelo condutor,Colisão traseira,Sem Vítimas,Plena Noite,Decrescente,Nublado,Dupla,Aclive,Não,3,0,0,0,2,2,0,4,"-22,76083777","-46,16606355",SPRF-MG,DEL16-MG,UOP03-DEL16-MG
408913,2022-01-15,sábado,23:30:00,SC,116,23,ITAIOPOLIS,Ingestão de álcool pelo condutor,Colisão com objeto,Com Vítimas Feridas,Plena Noite,Crescente,Garoa/Chuvisco,Simples,Rotatória,Não,5,0,0,1,3,1,1,4,"-26,26545939","-49,91656109",SPRF-SC,DEL06-SC,UOP01-DEL06-SC
408918,2022-01-16,domingo,01:30:00,SC,282,"461,5",PONTE SERRADA,Desrespeitar a preferência no cruzamento,Colisão transversal,Com Vítimas Feridas,Plena Noite,Crescente,Céu Claro,Simples,Reta,Sim,4,0,3,0,1,0,3,2,"-26,857594","-52,050583",SPRF-SC,DEL07-SC,UOP04-DEL07-SC
408922,2022-01-16,domingo,02:30:00,BA,135,22,FORMOSA DO RIO PRETO,Ingestão de álcool pelo condutor,Colisão frontal,Com Vítimas Feridas,Amanhecer,Crescente,Céu Claro,Simples,Reta,Não,5,0,3,0,1,1,3,3,"-11,01690597","-45,20825835",SPRF-BA,DEL10-BA,UOP01-DEL10-BA
408925,2022-01-16,domingo,02:25:00,PI,316,"291,8",PICOS,Iluminação deficiente,Colisão lateral mesmo sentido,Com Vítimas Feridas,Plena Noite,Crescente,Nublado,Simples,Reta,Não,2,0,0,1,1,0,1,2,"-7,00805611","-41,59890532",SPRF-PI,DEL04-PI,UOP01-DEL04-PI
408939,2022-01-16,domingo,04:00:00,RJ,40,"42,5",AREAL,Reação tardia ou ineficiente do condutor,Colisão traseira,Com Vítimas Feridas,Plena Noite,Crescente,Céu Claro,Dupla,Aclive,Não,4,0,1,0,2,1,1,3,"-22,25614201","-43,10847296",SPRF-RJ,DEL05-RJ,UOP02-DEL05-RJ
408941,2022-01-16,domingo,06:00:00,BA,101,102,ALAGOINHAS,Conversão proibida,Colisão traseira,Com Vítimas Feridas,Pleno dia,Crescente,Garoa/Chuvisco,Simples,Reta,Não,7,0,2,0,4,1,2,3,"-12,10579503","-38,37730408",SPRF-BA,DEL01-BA,UOP04-DEL01-BA
408942,2022-01-15,sábado,23:35:00,SC,282,"122,2",BOM RETIRO,Ingestão de álcool pelo condutor,Colisão frontal,Com Vítimas Feridas,Plena Noite,Crescente,Céu Claro,Simples,Reta,Não,2,0,1,0,1,0,1,2,"-27,799711","-49,430939",SPRF-SC,DEL05-SC,UOP01-DEL05-SC
408946,2022-01-16,domingo,03:25:00,PI,343,328,TERESINA,Ausência de reação do condutor,Colisão frontal,Sem Vítimas,Plena Noite,Decrescente,Céu Claro,Simples,Reta,Não,2,0,0,0,1,1,0,2,"-5,069324","-42,634327",SPRF-PI,DEL01-PI,UOP01-DEL01-PI
408953,2022-01-15,sábado,11:00:00,ES,262,64,MARECHAL FLORIANO,Velocidade Incompatível,Tombamento,Sem Vítimas,Pleno dia,Crescente,Céu Claro,Simples,Curva,Não,2,0,0,0,1,2,0,3,"-20,41687787","-40,81519604",SPRF-ES,DEL01-ES,UOP02-DEL01-ES
408960,2022-01-16,domingo,09:00:00,GO,153,504,APARECIDA DE GOIANIA,Manobra de mudança de faixa,Colisão lateral mesmo sentido,Com Vítimas Feridas,Pleno dia,Decrescente,Céu Claro,Dupla,Aclive,Sim,4,0,2,0,1,2,2,4,"-16,7451","-49,2408",SPRF-GO,DEL01-GO,UOP01-DEL01-GO
408967,2022-01-16,domingo,07:20:00,MG,153,58,MONTE ALEGRE DE MINAS,Problema com o freio,Saída de leito carroçável,Com Vítimas Feridas,Pleno dia,Crescente,Sol,Simples,Rotatória;Declive;Curva;Interseção de Vias,Não,3,0,1,0,2,0,1,2,"-18,878386","-49,056637",SPRF-MG,DEL15-MG,UOP03-DEL15-MG
408976,2022-01-16,domingo,09:20:00,RS,158,357,DILERMANDO DE AGUIAR,Ultrapassagem Indevida,Tombamento,Com Vítimas Feridas,Pleno dia,Decrescente,Céu Claro,Simples,Reta,Não,2,0,0,1,0,2,1,3,"-29,76892532","-54,08284301",SPRF-RS,DEL09-RS,UOP01-DEL09-RS
408978,2022-01-16,domingo,08:10:00,BA,242,416,SEABRA,Demais falhas mecânicas ou elétricas,Incêndio,Sem Vítimas,Pleno dia,Decrescente,Céu Claro,Simples,Reta,Sim,2,0,0,0,1,2,0,3,"-12,42981176","-41,78832603",SPRF-BA,DEL06-BA,UOP01-DEL06-BA
408988,2022-01-16,domingo,13:00:00,CE,222,"102,2",UMIRIM,Transitar na contramão,Colisão frontal,Com Vítimas Fatais,Pleno dia,Crescente,Céu Claro,Simples,Reta,Sim,3,1,1,0,0,1,1,3,"-3,73749744","-39,43418968",SPRF-CE,DEL04-CE,UOP03-DEL04-CE
408990,2022-01-16,domingo,13:15:00,MG,251,"492,2",FRANCISCO SA,Reação tardia ou ineficiente do condutor,Colisão traseira,Com Vítimas Feridas,Pleno dia,Crescente,Sol,Simples,Declive;Reta,Não,3,0,1,0,1,2,1,4,"-16,54433804","-43,59543496",SPRF-MG,DEL12-MG,UOP01-DEL12-MG
408993,2022-01-16,domingo,11:50:00,RJ,393,279,BARRA DO PIRAI,Área urbana sem a presença de local apropriado para a travessia de pedestres,Atropelamento de Pedestre,Com Vítimas Feridas,Pleno dia,Crescente,Céu Claro,Simples,Curva,Sim,2,0,1,0,0,1,1,2,"-22,47615736","-44,00889998",SPRF-RJ,DEL05-RJ,UOP04-DEL05-RJ
408997,2022-01-15,sábado,18:00:00,BA,407,92,JAGUARARI,Ultrapassagem Indevida,Colisão lateral sentido oposto,Sem Vítimas,Anoitecer,Decrescente,Nublado,Simples,Reta,Não,2,0,0,0,0,2,0,2,"-10,167995","-40,22679602",SPRF-BA,DEL04-BA,UOP01-DEL04-BA
408998,2022-01-16,domingo,14:40:00,MG,262,461,NOVA SERRANA,Ultrapassagem Indevida,Colisão lateral mesmo sentido,Com Vítimas Feridas,Pleno dia,Crescente,Céu Claro,Simples,Reta,Não,4,0,2,0,1,1,2,3,"-19,82283349","-45,08196173",SPRF-MG,DEL08-MG,UOP03-DEL08-MG
409009,2022-01-16,domingo,07:40:00,MG,116,"73,1",MEDINA,Reação tardia ou ineficiente do condutor,Colisão frontal,Com Vítimas Fatais,Pleno dia,Decrescente,Sol,Simples,Reta,Sim,3,1,0,0,1,1,0,3,"-16,22692908","-41,47096712",SPRF-MG,DEL11-MG,UOP02-DEL11-MG
409019,2022-01-16,domingo,15:30:00,MT,364,501,JANGADA,Acessar a via sem observar a presença dos outros veículos,Colisão lateral mesmo sentido,Com Vítimas Feridas,Pleno dia,Crescente,Céu Claro,Simples,Reta,Não,3,0,1,0,1,3,1,5,"-15,24622376","-56,47574185",SPRF-MT,DEL01-MT,UOP01-DEL01-MT
409020,2022-01-16,domingo,15:05:00,PR,153,"468,5",PORTO VITORIA,Reação tardia ou ineficiente do condutor,Colisão lateral sentido oposto,Com Vítimas Feridas,Pleno dia,Crescente,Chuva,Simples,Aclive;Curva,Não,4,0,2,0,1,2,2,4,"-26,284858","-51,194314",SPRF-PR,DEL02-PR,UOP03-DEL02-PR
409022,2022-01-16,domingo,14:40:00,MG,262,"94,8",ABRE CAMPO,Acessar a via sem observar a presença dos outros veículos,Atropelamento de Pedestre,Com Vítimas Feridas,Pleno dia,Crescente,Céu Claro,Simples,Reta,Sim,3,0,0,1,1,1,1,3,"-20,30646793","-42,46611787",SPRF-MG,DEL03-MG,UOP03-DEL03-MG
409026,2022-01-16,domingo,12:30:00,GO,452,1,RIO VERDE,Reação tardia ou ineficiente do condutor,Tombamento,Com Vítimas Feridas,Pleno dia,Decrescente,Céu Claro,Dupla,Retorno Regulamentado,Sim,2,0,1,0,0,1,1,2,"-17,78701091","-50,90085983",SPRF-GO,DEL04-GO,UOP01-DEL04-GO
409039,2022-01-16,domingo,17:00:00,RS,116,351,SENTINELA DO SUL,Desvio temporário,Colisão transversal,Com Vítimas Feridas,Pleno dia,Crescente,Chuva,Simples,Desvio Temporário;Em Obras;Curva,Não,3,0,1,0,1,1,1,3,"-30,54888119","-51,51331864",SPRF-RS,DEL02-RS,UOP02-DEL02-RS
409075,2022-01-16,domingo,20:20:00,BA,116,"847,4",VITORIA DA CONQUISTA,Transitar na contramão,Colisão frontal,Com Vítimas Feridas,Plena Noite,Crescente,Céu Claro,Simples,Aclive,Não,7,0,2,1,3,3,3,7,"-15,037853","-40,968209",SPRF-BA,DEL08-BA,UOP01-DEL08-BA
409077,2022-01-16,domingo,15:15:00,SC,282,"541,3",CHAPECO,Velocidade Incompatível,Tombamento,Com Vítimas Feridas,Pleno dia,Decrescente,Céu Claro,Simples,Declive;Em Obras;Curva,Não,7,0,3,3,0,1,6,3,"-26,997214","-52,702384",SPRF-SC,DEL07-SC,UOP01-DEL07-SC
409083,2022-01-16,domingo,17:20:00,MG,116,248,TEOFILO OTONI,Transitar na contramão,Colisão frontal,Com Vítimas Feridas,Pleno dia,Decrescente,Céu Claro,Simples,Reta,Não,3,0,1,1,0,2,2,4,"-17,62703918","-41,49796168",SPRF-MG,DEL11-MG,UOP01-DEL11-MG
409267,2022-01-16,domingo,19:00:00,PR,277,221,FERNANDES PINHEIRO,Ingestão de álcool pelo condutor,Saída de leito carroçável,Sem Vítimas,Plena Noite,Crescente,Céu Claro,Simples,Reta,Não,2,0,0,0,1,1,0,2,"-25,46433634","-50,38781484",SPRF-PR,DEL03-PR,UOP03-DEL03-PR
409331,2022-01-16,domingo,23:10:00,BA,116,"814,8",VITORIA DA CONQUISTA,Reação tardia ou ineficiente do condutor,Colisão frontal,Com Vítimas Feridas,Plena Noite,Decrescente,Céu Claro,Simples,Reta,Sim,2,0,0,1,1,0,1,2,"-14,76880012","-40,71367294",SPRF-BA,DEL08-BA,UOP01-DEL08-BA
409332,2022-01-16,domingo,19:00:00,PE,316,249,BELEM DE SAO FRANCISCO,Reação tardia ou ineficiente do condutor,Saída de leito carroçável,Com Vítimas Feridas,Plena Noite,Crescente,Céu Claro,Simples,Curva,Não,2,0,2,0,0,0,2,1,"-8,6737083","-38,97854215",SPRF-PE,DEL05-PE,UOP01-DEL05-PE
409333,2022-01-16,domingo,23:40:00,RJ,116,323,ITATIAIA,Acessar a via sem observar a presença dos outros veículos,Colisão lateral mesmo sentido,Com Vítimas Feridas,Plena Noite,Decrescente,Nublado,Simples,Reta,Não,2,0,1,0,1,0,1,2,"-22,488885","-44,552696",SPRF-RJ,DEL07-RJ,UOP02-DEL07-RJ
409341,2022-01-16,domingo,23:10:00,MA,316,234,BOM JARDIM,Pista esburacada,Tombamento,Com Vítimas Feridas,Plena Noite,Decrescente,Chuva,Simples,Reta,Não,3,0,2,0,0,2,2,3,"-3,561282","-45,586536",SPRF-MA,DEL02-MA,UOP01-DEL02-MA
409345,2022-01-16,domingo,22:30:00,BA,110,287,INHAMBUPE,Ausência de sinalização,Colisão com objeto,Com Vítimas Fatais,Plena Noite,Decrescente,Céu Claro,Simples,Reta,Não,2,1,0,0,1,0,0,2,"-11,79502508","-38,35043338",SPRF-BA,DEL01-BA,UOP04-DEL01-BA
409348,2022-01-16,domingo,21:20:00,PE,101,"85,9",JABOATAO DOS GUARARAPES,Pedestre cruzava a pista fora da faixa,Atropelamento de Pedestre,Com Vítimas Fatais,Plena Noite,Decrescente,Nublado,Dupla,Reta,Sim,2,1,0,0,0,1,0,2,"-8,18065563","-34,95965322",SPRF-PE,DEL01-PE,UOP01-DEL01-PE
409358,2022-01-17,segunda-feira,01:35:00,RS,101,"25,5",TRES CACHOEIRAS,Condutor Dormindo,Tombamento,Com Vítimas Feridas,Plena Noite,Crescente,Céu Claro,Dupla,Reta,Não,3,0,1,0,1,1,1,3,"-29,45530462","-49,92587608",SPRF-RS,DEL03-RS,UOP02-DEL03-RS
409359,2022-01-16,domingo,23:50:00,MG,381,"721,9",CARMO DA CACHOEIRA,Velocidade Incompatível,Saída de leito carroçável,Com Vítimas Feridas,Plena Noite,Crescente,Ignorado,Dupla,Curva,Não,3,0,2,0,0,1,2,2,"-21,47729514","-45,20207819",SPRF-MG,DEL04-MG,UOP02-DEL04-MG
409362,2022-01-17,segunda-feira,04:45:00,SP,116,60,GUARATINGUETA,Demais falhas mecânicas ou elétricas,Colisão com objeto,Com Vítimas Feridas,Amanhecer,Crescente,Céu Claro,Dupla,Reta,Não,3,0,0,1,1,1,1,3,"-22,78555649","-45,15339465",SPRF-SP,DEL08-SP,UOP01-DEL08-SP
409363,2022-01-17,segunda-feira,05:40:00,GO,60,137,GOIANIA,Ausência de reação do condutor,Colisão traseira,Com Vítimas Feridas,Amanhecer,Decrescente,Céu Claro,Dupla,Reta,Não,2,0,0,1,1,0,1,2,"-16,603","-49,2023",SPRF-GO,DEL01-GO,UOP01-DEL01-GO
409364,2022-01-08,sábado,13:30:00,MA,135,85,SANTA RITA,Reação tardia ou ineficiente do condutor,Saída de leito carroçável,Com Vítimas Feridas,Pleno dia,Decrescente,Nublado,Simples,Reta,Não,1,0,1,0,0,0,1,1,"-3,25681079","-44,38822426",SPRF-MA,DEL01-MA,UOP02-DEL01-MA
409377,2022-01-16,domingo,15:30:00,BA,242,"747,9",BARREIRAS,Ingestão de álcool pelo condutor,Tombamento,Sem Vítimas,Pleno dia,Decrescente,Céu Claro,Simples,Reta,Não,3,0,0,0,2,3,0,4,"-12,1602601","-44,627237",SPRF-BA,DEL10-BA,UOP01-DEL10-BA