id,data_inversa,dia_semana,horario,uf,br,km,municipio,causa_acidente,tipo_acidente,classificacao_acidente,fase_dia,sentido_via,condicao_metereologica,tipo_pista,tracado_via,uso_solo,pessoas,mortos,feridos_leves,feridos_graves,ilesos,ignorados,feridos,veiculos,latitude,longitude,regional,delegacia,uop
409379,2022-01-17,segunda-feira,06:55:00,SC,101,211,PALHOCA,Ausência de reação do condutor,Colisão traseira,Com Vítimas Feridas,Pleno dia,Decrescente,Nublado,Múltipla,Reta,Sim,2,0,1,0,0,1,1,2,"-27,62329313","-48,65245588",SPRF-SC,DEL01-SC,UOP02-DEL01-SC
409382,2022-01-17,segunda-feira,05:05:00,PR,376,"673,3",GUARATUBA,Demais falhas mecânicas ou elétricas,Saída de leito carroçável,Sem Vítimas,Amanhecer,Crescente,Céu Claro,Simples,Reta,Não,1,0,0,0,1,0,0,1,"-25,90092097","-48,92572096",SPRF-PR,DEL01-PR,UOP04-DEL01-PR
409386,2022-01-17,segunda-feira,07:25:00,DF,60,"4,7",BRASILIA,Acessar a via sem observar a presença dos outros veículos,Colisão traseira,Com Vítimas Feridas,Pleno dia,Crescente,Céu Claro,Dupla,Declive;Reta;Retorno Regulamentado,Sim,2,0,0,1,1,0,1,2,"-15,894496","-48,10153484",SPRF-DF,DEL03-DF,UOP01-DEL03-DF
409388,2022-01-17,segunda-feira,07:00:00,SP,116,"213,5",GUARULHOS,Manobra de mudança de faixa,Colisão lateral mesmo sentido,Com Vítimas Feridas,Pleno dia,Crescente,Sol,Múltipla,Reta,Sim,4,0,1,0,2,1,1,3,"-23,43971486","-46,43667806",SPRF-SP,DEL01-SP,UOP01-DEL01-SP
409389,2022-01-17,segunda-feira,02:00:00,RO,364,"379,9",OURO PRETO DO OESTE,Ausência de reação do condutor,Colisão frontal,Com Vítimas Feridas,Plena Noite,Crescente,Céu Claro,Simples,Curva,Não,3,0,0,1,2,0,1,2,"-10,74140374","-62,21792696",SPRF-RO,DEL02-RO,UOP01-DEL02-RO
409397,2022-01-17,segunda-feira,08:00:00,RS,116,"265,5",CANOAS,Demais Fenômenos da natureza,Colisão transversal,Com Vítimas Feridas,Pleno dia,Crescente,Nublado,Dupla,Interseção de Vias,Sim,2,0,1,0,1,0,1,2,"-29,92342302","-51,17780944",SPRF-RS,DEL01-RS,UOP01-DEL01-RS
409401,2022-01-06,quinta-feira,00:15:00,MA,135,15,SAO LUIS,Condutor deixou de manter distância do veículo da frente,Colisão traseira,Com Vítimas Feridas,Plena Noite,Crescente,Nublado,Dupla,Reta,Sim,3,0,1,0,1,2,1,4,"-2,53073","-44,3068",SPRF-MA,DEL01-MA,UOP01-DEL01-MA
409403,2022-01-17,segunda-feira,02:54:00,MG,381,"527,7",BRUMADINHO,Velocidade Incompatível,Colisão com objeto,Com Vítimas Feridas,Plena Noite,Decrescente,Nublado,Dupla,Curva,Não,3,0,2,0,1,0,2,1,"-20,16283256","-44,35072739",SPRF-MG,DEL04-MG,UOP03-DEL04-MG
409409,2022-01-17,segunda-feira,07:30:00,GO,20,200,POSSE,Ultrapassagem Indevida,Colisão frontal,Com Vítimas Feridas,Pleno dia,Decrescente,Céu Claro,Simples,Reta;Declive,Não,7,0,4,2,0,2,6,4,"-14,31473","-46,44677",SPRF-DF,DEL02-DF,UOP03-DEL02-DF
409416,2022-01-17,segunda-feira,11:00:00,PR,376,"411,2",TIBAGI,Acessar a via sem observar a presença dos outros veículos,Colisão transversal,Com Vítimas Feridas,Pleno dia,Crescente,Nublado,Simples,Desvio Temporário;Interseção de Vias;Em Obras,Não,2,0,1,0,1,0,1,2,"-24,673004","-50,601442",SPRF-PR,DEL03-PR,UOP02-DEL03-PR
409427,2022-01-17,segunda-feira,11:20:00,PE,110,"139,6",IBIMIRIM,Transitar na contramão,Colisão lateral sentido oposto,Com Vítimas Feridas,Pleno dia,Decrescente,Sol,Simples,Reta,Não,2,0,0,1,1,0,1,2,"-8,5108371","-37,62351999",SPRF-PE,DEL03-PE,UOP02-DEL03-PE
409428,2022-01-17,segunda-feira,10:50:00,ES,101,"316,8",VIANA,Ausência de reação do condutor,Saída de leito carroçável,Sem Vítimas,Pleno dia,Crescente,Céu Claro,Dupla,Reta,Não,2,0,0,0,1,2,0,3,"-20,47804112","-40,47130769",SPRF-ES,DEL01-ES,UOP01-DEL01-ES
409433,2022-01-17,segunda-feira,11:30:00,TO,153,145,ARAGUAINA,Ausência de reação do condutor,Colisão traseira,Com Vítimas Feridas,Pleno dia,Crescente,Céu Claro,Dupla,Reta,Sim,3,0,1,0,1,2,1,4,"-7,20756611","-48,24174112",SPRF-TO,DEL02-TO,UOP01-DEL02-TO
409436,2022-01-17,segunda-feira,12:40:00,BA,116,846,VITORIA DA CONQUISTA,Velocidade Incompatível,Colisão lateral mesmo sentido,Com Vítimas Feridas,Pleno dia,Crescente,Sol,Simples,Reta,Sim,4,0,1,0,2,1,1,4,"-15,029887","-40,959071",SPRF-BA,DEL08-BA,UOP01-DEL08-BA
409441,2022-01-17,segunda-feira,09:30:00,SC,101,253,PAULO LOPES,Ingestão de álcool pelo condutor,Colisão traseira,Sem Vítimas,Pleno dia,Crescente,Céu Claro,Dupla,Reta,Sim,3,0,0,0,2,1,0,3,"-27,96492999","-48,67962057",SPRF-SC,DEL02-SC,UOP03-DEL02-SC
409443,2022-01-17,segunda-feira,14:15:00,MG,381,385,SAO GONCALO DO RIO ABAIXO,Reação tardia ou ineficiente do condutor,Colisão lateral sentido oposto,Com Vítimas Feridas,Pleno dia,Crescente,Céu Claro,Simples,Curva,Não,3,0,0,1,1,1,1,3,"-19,80286099","-43,409962",SPRF-MG,DEL01-MG,UOP01-DEL01-MG
409444,2022-01-17,segunda-feira,11:35:00,PR,467,"76,4",TOLEDO,Condutor Dormindo,Saída de leito carroçável,Com Vítimas Feridas,Pleno dia,Decrescente,Céu Claro,Dupla,Reta,Sim,1,0,1,0,0,0,1,1,"-24,7592","-53,6955",SPRF-PR,DEL04-PR,UOP01-DEL04-PR
409447,2022-01-17,segunda-feira,14:40:00,SC,101,213,PALHOCA,Condutor deixou de manter distância do veículo da frente,Colisão lateral mesmo sentido,Com Vítimas Feridas,Pleno dia,Decrescente,Sol,Dupla,Reta,Não,4,0,2,0,2,0,2,3,"-27,63697369","-48,66514142",SPRF-SC,DEL01-SC,UOP02-DEL01-SC
409450,2022-01-17,segunda-feira,13:20:00,PI,316,"82,5",LAGOINHA DO PIAUI,Desrespeitar a preferência no cruzamento,Colisão transversal,Com Vítimas Feridas,Pleno dia,Crescente,Sol,Simples,Interseção de Vias,Não,3,0,2,0,1,0,2,2,"-5,75884416","-42,61624018",SPRF-PI,DEL01-PI,UOP02-DEL01-PI
409451,2022-01-17,segunda-feira,13:00:00,MS,0,0,BATAGUASSU,Problema com o freio,Incêndio,Sem Vítimas,Pleno dia,Não Informado,Sol,Simples,Reta,Não,2,0,0,0,1,2,0,3,"-21,72532","-52,256202",SPRF-MS,DEL02-MS,UOP04-DEL02-MS
409453,2022-01-17,segunda-feira,11:59:00,MG,365,434,PATOS DE MINAS,Velocidade Incompatível,Saída de leito carroçável,Com Vítimas Feridas,Pleno dia,Crescente,Céu Claro,Simples,Reta;Aclive,Não,3,0,1,0,1,1,1,3,"-18,77949359","-46,69622198",SPRF-MG,DEL10-MG,UOP01-DEL10-MG
409455,2022-01-17,segunda-feira,12:20:00,MA,135,"5,1",SAO LUIS,Desrespeitar a preferência no cruzamento,Colisão traseira,Com Vítimas Feridas,Pleno dia,Crescente,Céu Claro,Dupla,Reta,Sim,2,0,0,1,1,0,1,2,"-2,62145385","-44,25797421",SPRF-MA,DEL01-MA,UOP01-DEL01-MA
409456,2022-01-17,segunda-feira,15:55:00,PR,369,"174,3",ROLANDIA,Ingestão de álcool pelo condutor,Colisão traseira,Sem Vítimas,Pleno dia,Crescente,Nublado,Simples,Reta;Interseção de Vias,Sim,3,0,0,0,2,1,0,3,"-23,31616164","-51,37667382",SPRF-PR,DEL07-PR,UOP01-DEL07-PR
409459,2022-01-17,segunda-feira,12:15:00,RO,364,87,VILHENA,Manobra de mudança de faixa,Colisão frontal,Com Vítimas Feridas,Pleno dia,Crescente,Céu Claro,Simples,Reta,Não,8,0,1,2,4,1,3,3,"-12,386794","-60,617154",SPRF-RO,DEL04-RO,UOP01-DEL04-RO
409474,2022-01-17,segunda-feira,12:51:00,MT,364,"307,3",JACIARA,Reação tardia ou ineficiente do condutor,Saída de leito carroçável,Com Vítimas Feridas,Pleno dia,Decrescente,Céu Claro,Dupla,Reta,Não,3,0,2,0,0,2,2,3,"-15,82088336","-55,21223409",SPRF-MT,DEL05-MT,UOP02-DEL05-MT
409492,2022-01-17,segunda-feira,16:20:00,RS,116,296,GUAIBA,Demais Fenômenos da natureza,Tombamento,Sem Vítimas,Pleno dia,Crescente,Vento,Dupla,Reta;Declive;Viaduto,Sim,2,0,0,0,1,2,0,3,"-30,08861201","-51,34229993",SPRF-RS,DEL02-RS,UOP01-DEL02-RS
409494,2022-01-17,segunda-feira,17:45:00,RS,392,193,SANTANA DA BOA VISTA,Velocidade Incompatível,Colisão frontal,Com Vítimas Fatais,Pleno dia,Crescente,Chuva,Simples,Curva,Não,4,2,0,0,1,3,0,5,"-30,91853603","-53,1052494",SPRF-RS,DEL09-RS,UOP02-DEL09-RS
409497,2022-01-02,domingo,19:30:00,CE,116,"176,8",RUSSAS,Manobra de mudança de faixa,Colisão frontal,Com Vítimas Fatais,Plena Noite,Decrescente,Nublado,Simples,Reta,Não,4,1,0,0,3,0,0,2,"-5,02243691","-38,06425904",SPRF-CE,DEL03-CE,UOP01-DEL03-CE
409498,2022-01-17,segunda-feira,17:49:00,PR,476,122,CURITIBA,Ausência de reação do condutor,Colisão lateral mesmo sentido,Sem Vítimas,Pleno dia,Crescente,Garoa/Chuvisco,Dupla,Reta,Sim,2,0,0,0,2,0,0,2,"-25,385775","-49,203377",SPRF-PR,DEL01-PR,UOP02-DEL01-PR
409502,2022-01-17,segunda-feira,16:15:00,MG,262,"580,5",CAMPOS ALTOS,Velocidade Incompatível,Saída de leito carroçável,Com Vítimas Feridas,Pleno dia,Crescente,Chuva,Simples,Curva,Não,1,0,1,0,0,0,1,1,"-19,64871075","-46,07490063",SPRF-MG,DEL08-MG,UOP02-DEL08-MG
409503,2022-01-17,segunda-feira,17:25:00,MG,381,"705,5",LAVRAS,Velocidade Incompatível,Colisão traseira,Sem Vítimas,Pleno dia,Crescente,Chuva,Dupla,Curva,Não,5,0,0,0,4,1,0,5,"-21,34965018","-45,17946289",SPRF-MG,DEL04-MG,UOP02-DEL04-MG
409506,2022-01-17,segunda-feira,09:45:00,RO,364,876,PORTO VELHO,Desvio temporário,Colisão frontal,Sem Vítimas,Pleno dia,Crescente,Céu Claro,Simples,Curva,Não,4,0,0,0,3,1,0,4,"-9,61690103","-64,9367597",SPRF-RO,DEL01-RO,UOP02-DEL01-RO
409507,2022-01-17,segunda-feira,10:30:00,BA,101,387,IBIRAPITANGA,Velocidade Incompatível,Tombamento,Com Vítimas Feridas,Pleno dia,Decrescente,Céu Claro,Simples,Curva,Não,2,0,1,0,0,1,1,2,"-14,01464603","-39,43631783",SPRF-BA,DEL05-BA,UOP03-DEL05-BA
409508,2022-01-17,segunda-feira,18:00:00,SP,116,"157,5",SAO JOSE DOS CAMPOS,Reação tardia ou ineficiente do condutor,Colisão traseira,Com Vítimas Feridas,Anoitecer,Decrescente,Sol,Dupla,Aclive,Sim,4,0,1,0,2,3,1,6,"-23,25592275","-45,94425841",SPRF-SP,DEL02-SP,UOP01-DEL02-SP
409510,2022-01-17,segunda-feira,18:15:00,PR,376,"9,8",MARINGA,Ausência de reação do condutor,Colisão traseira,Com Vítimas Feridas,Pleno dia,Crescente,Céu Claro,Dupla,Reta;Interseção de Vias,Sim,4,0,1,0,2,1,1,4,"-23,4273","-51,9375",SPRF-PR,DEL09-PR,UOP01-DEL09-PR
409511,2022-01-17,segunda-feira,16:35:00,MT,70,512,VARZEA GRANDE,Pedestre andava na pista,Atropelamento de Pedestre,Com Vítimas Fatais,Pleno dia,Crescente,Céu Claro,Simples,Ponte,Não,3,1,0,0,1,2,0,4,"-15,70006109","-56,11404419",SPRF-MT,DEL01-MT,UOP02-DEL01-MT
409516,2022-01-17,segunda-feira,18:20:00,PA,10,243,AURORA DO PARA,Carga excessiva e/ou mal acondicionada,Tombamento,Com Vítimas Feridas,Anoitecer,Crescente,Ignorado,Simples,Reta,Não,2,0,1,0,0,1,1,2,"-2,31290101","-47,56399577",SPRF-PA,DEL02-PA,UOP01-DEL02-PA
409520,2022-01-17,segunda-feira,15:30:00,SC,280,"95,9",CORUPA,Demais falhas mecânicas ou elétricas,Incêndio,Sem Vítimas,Pleno dia,Crescente,Nublado,Simples,Declive,Não,1,0,0,0,1,0,0,1,"-26,38348891","-49,32080269",SPRF-SC,DEL06-SC,UOP03-DEL06-SC
409527,2022-01-17,segunda-feira,16:55:00,SC,470,138,RIO DO SUL,Trafegar com motocicleta (ou similar) entre as faixas,Colisão transversal,Com Vítimas Feridas,Pleno dia,Crescente,Sol,Simples,Retorno Regulamentado,Sim,2,0,1,0,1,0,1,2,"-27,19420796","-49,62456286",SPRF-SC,DEL04-SC,UOP02-DEL04-SC
409529,2022-01-17,segunda-feira,19:15:00,RS,386,"307,5",POUSO NOVO,Ausência de reação do condutor,Tombamento,Com Vítimas Feridas,Plena Noite,Crescente,Nublado,Simples,Curva,Não,2,0,1,0,0,2,1,3,"-29,202335","-52,183838",SPRF-RS,DEL04-RS,UOP01-DEL04-RS
409536,2022-01-17,segunda-feira,18:30:00,RS,287,266,SANTA MARIA,Acessar a via sem observar a presença dos outros veículos,Colisão transversal,Com Vítimas Feridas,Anoitecer,Crescente,Garoa/Chuvisco,Simples,Reta,Não,2,0,2,0,0,0,2,2,"-29,66993574","-54,03275598",SPRF-RS,DEL09-RS,UOP01-DEL09-RS
409537,2022-01-17,segunda-feira,16:00:00,MT,174,"90,5",CACERES,Transitar na contramão,Colisão frontal,Com Vítimas Fatais,Pleno dia,Crescente,Sol,Simples,Reta,Não,2,1,1,0,0,0,1,2,"-15,90673513","-57,8088112",SPRF-MT,DEL03-MT,UOP01-DEL03-MT
409538,2022-01-17,segunda-feira,15:40:00,AM,174,897,MANAUS,Velocidade Incompatível,Colisão traseira,Com Vítimas Feridas,Pleno dia,Decrescente,Nublado,Simples,Curva,Não,4,0,2,0,1,1,2,3,"-2,856973","-60,037565",SPRF-AM,DEL01-AM,UOP01-DEL01-AM
409549,2022-01-17,segunda-feira,21:25:00,PR,116,144,MANDIRITUBA,Velocidade Incompatível,Queda de ocupante de veículo,Com Vítimas Feridas,Plena Noite,Crescente,Chuva,Simples,Reta,Não,2,0,0,1,1,0,1,2,"-25,76405694","-49,32116324",SPRF-PR,DEL01-PR,UOP03-DEL01-PR
409550,2022-01-17,segunda-feira,15:50:00,MG,116,"780,3",LEOPOLDINA,Velocidade Incompatível,Tombamento,Com Vítimas Feridas,Pleno dia,Crescente,Céu Claro,Simples,Curva,Não,2,0,1,0,0,1,1,2,"-21,60837977","-42,69596393",SPRF-MG,DEL07-MG,UOP01-DEL07-MG
409551,2022-01-17,segunda-feira,18:30:00,BA,101,550,ARATACA,Entrada inopinada do pedestre,Atropelamento de Pedestre,Sem Vítimas,Plena Noite,Decrescente,Céu Claro,Simples,Reta,Não,2,0,0,0,1,1,0,2,"-15,27269307","-39,47078796",SPRF-BA,DEL05-BA,UOP01-DEL05-BA
409553,2022-01-17,segunda-feira,14:00:00,AL,101,"237,7",SAO BRAS,Mal súbito do condutor,Saída de leito carroçável,Sem Vítimas,Pleno dia,Crescente,Céu Claro,Dupla,Curva,Não,2,0,0,0,1,1,0,2,"-10,12581999","-36,789833",SPRF-AL,DEL02-AL,UOP02-DEL02-AL
409559,2022-01-17,segunda-feira,17:00:00,SC,282,412,CATANDUVAS,Velocidade Incompatível,Colisão lateral sentido oposto,Com Vítimas Feridas,Pleno dia,Crescente,Sol,Simples,Curva,Não,3,0,1,0,1,2,1,4,"-27,055775","-51,688843",SPRF-SC,DEL07-SC,UOP05-DEL07-SC
409560,2022-01-15,sábado,23:00:00,AL,423,96,DELMIRO GOUVEIA,Demais falhas na via,Colisão com objeto,Com Vítimas Feridas,Plena Noite,Decrescente,Céu Claro,Simples,Ponte,Não,1,0,1,0,0,0,1,1,"-9,37845507","-38,12309398",SPRF-BA,DEL07-BA,UOP01-DEL07-BA
409562,2022-01-17,segunda-feira,21:00:00,PR,277,"3,2",PARANAGUA,Ingestão de álcool pelo condutor,Colisão com objeto,Sem Vítimas,Plena Noite,Decrescente,Céu Claro,Simples,Reta,Não,2,0,0,0,1,1,0,2,"-25,542448","-48,559124",SPRF-PR,DEL01-PR,UOP05-DEL01-PR
409564,2022-01-17,segunda-feira,17:40:00,GO,60,460,JATAI,Acumulo de água sobre o pavimento,Colisão transversal,Sem Vítimas,Anoitecer,Crescente,Chuva,Dupla,Curva,Não,3,0,0,0,1,2,0,3,"-17,8721","-51,6197",SPRF-GO,DEL05-GO,UOP01-DEL05-GO
409568,2022-01-17,segunda-feira,22:00:00,PE,101,94,JABOATAO DOS GUARARAPES,Manobra de mudança de faixa,Colisão com objeto,Com Vítimas Feridas,Plena Noite,Decrescente,Nublado,Múltipla,Reta,Sim,2,0,1,0,0,1,1,2,"-8,24829064","-35,00697936",SPRF-PE,DEL01-PE,UOP01-DEL01-PE
409572,2022-01-18,terça-feira,01:20:00,SP,116,87,PINDAMONHANGABA,Reação tardia ou ineficiente do condutor,Colisão traseira,Com Vítimas Feridas,Plena Noite,Decrescente,Chuva,Dupla,Reta,Não,3,0,1,0,2,0,1,2,"-22,93345195","-45,36645544",SPRF-SP,DEL08-SP,UOP01-DEL08-SP
409573,2022-01-18,terça-feira,00:00:00,MG,116,"299,6",ITAMBACURI,Velocidade Incompatível,Saída de leito carroçável,Com Vítimas Fatais,Plena Noite,Crescente,Nublado,Simples,Curva,Não,1,1,0,0,0,0,0,1,"-18,01255032","-41,6076398",SPRF-MG,DEL11-MG,UOP01-DEL11-MG
409576,2022-01-17,segunda-feira,22:55:00,PR,116,1,CAMPINA GRANDE DO SUL,Transitar no acostamento,Colisão traseira,Sem Vítimas,Plena Noite,Crescente,Garoa/Chuvisco,Dupla,Curva,Não,4,0,0,0,3,2,0,4,"-25,06368403","-48,57051896",SPRF-PR,DEL01-PR,UOP02-DEL01-PR
409577,2022-01-18,terça-feira,03:00:00,SP,116,224,GUARULHOS,Reação tardia ou ineficiente do condutor,Colisão lateral mesmo sentido,Com Vítimas Feridas,Plena Noite,Crescente,Céu Claro,Múltipla,Reta,Não,2,0,1,0,0,1,1,2,"-23,48071896","-46,53271603",SPRF-SP,DEL01-SP,UOP01-DEL01-SP
409578,2022-01-18,terça-feira,00:20:00,RS,290,39,SANTO ANTONIO DA PATRULHA,Chuva,Colisão transversal,Com Vítimas Feridas,Plena Noite,Decrescente,Chuva,Dupla,Reta,Não,6,0,2,1,3,0,3,2,"-29,88625","-50,648232",SPRF-RS,DEL03-RS,UOP01-DEL03-RS
409580,2022-01-18,terça-feira,03:00:00,PB,101,"109,9",ALHANDRA,Entrada inopinada do pedestre,Atropelamento de Pedestre,Com Vítimas Fatais,Plena Noite,Decrescente,Nublado,Dupla,Reta,Sim,3,1,0,0,1,1,0,3,"-7,35108883","-34,948796",SPRF-PB,DEL01-PB,UOP02-DEL01-PB
409582,2022-01-18,terça-feira,03:20:00,SP,116,"325,5",JUQUITIBA,Reação tardia ou ineficiente do condutor,Colisão traseira,Com Vítimas Fatais,Plena Noite,Crescente,Céu Claro,Dupla,Reta,Não,3,1,0,0,1,2,0,4,"-23,94085262","-47,05337099",SPRF-SP,DEL04-SP,UOP01-DEL04-SP
409589,2022-01-18,terça-feira,05:50:00,GO,153,"508,7",APARECIDA DE GOIANIA,Demais falhas mecânicas ou elétricas,Colisão lateral mesmo sentido,Com Vítimas Feridas,Amanhecer,Decrescente,Nublado,Dupla,Desvio Temporário,Sim,5,0,1,1,2,1,2,5,"-16,7888","-49,2379",SPRF-GO,DEL01-GO,UOP03-DEL01-GO
409591,2022-01-17,segunda-feira,19:10:00,MG,262,"22,1",REDUTO,Transitar no acostamento,Atropelamento de Pedestre,Com Vítimas Feridas,Plena Noite,Decrescente,Nublado,Simples,Curva,Não,3,0,0,1,1,1,1,2,"-20,24575292","-41,92502101",SPRF-MG,DEL06-MG,UOP03-DEL06-MG
409593,2022-01-18,terça-feira,05:40:00,TO,153,307,GUARAI,Avarias e/ou desgaste excessivo no pneu,Colisão com objeto,Sem Vítimas,Amanhecer,Crescente,Nublado,Simples,Ponte,Não,1,0,0,0,1,0,0,1,"-8,59672901","-48,48314149",SPRF-TO,DEL02-TO,UOP02-DEL02-TO
409594,2022-01-18,terça-feira,05:50:00,SP,116,214,GUARULHOS,Ausência de reação do condutor,Colisão com objeto,Sem Vítimas,Amanhecer,Crescente,Céu Claro,Múltipla,Declive,Sim,3,0,0,0,3,0,0,2,"-23,44637361","-46,45329779",SPRF-SP,DEL01-SP,UOP01-DEL01-SP
409605,2022-01-18,terça-feira,07:50:00,RJ,356,56,ITAPERUNA,Velocidade Incompatível,Saída de leito carroçável,Com Vítimas Feridas,Pleno dia,Crescente,Céu Claro,Simples,Curva,Não,2,0,2,0,0,0,2,1,"-21,28265177","-41,72772087",SPRF-RJ,DEL08-RJ,UOP03-DEL08-RJ
409607,2022-01-18,terça-feira,06:55:00,PR,376,187,MARIALVA,Velocidade Incompatível,Colisão traseira,Com Vítimas Feridas,Amanhecer,Crescente,Céu Claro,Dupla,Reta,Não,3,0,0,2,0,1,2,3,"-23,46141044","-51,83659926",SPRF-PR,DEL09-PR,UOP01-DEL09-PR
409608,2022-01-18,terça-feira,08:20:00,BA,116,419,FEIRA DE SANTANA,Condutor usando celular,Colisão traseira,Com Vítimas Feridas,Pleno dia,Crescente,Céu Claro,Dupla,Reta,Sim,3,0,1,0,2,0,1,2,"-12,194529","-38,965336",SPRF-BA,DEL02-BA,UOP01-DEL02-BA
409613,2022-01-18,terça-feira,07:20:00,MG,50,205,DELTA,Entrada inopinada do pedestre,Atropelamento de Pedestre,Com Vítimas Feridas,Pleno dia,Decrescente,Céu Claro,Dupla,Aclive,Não,3,0,1,0,1,1,1,3,"-19,9712905","-47,7909059",SPRF-MG,DEL13-MG,UOP01-DEL13-MG
409618,2022-01-18,terça-feira,07:40:00,RS,116,450,CRISTAL,Condutor Dormindo,Colisão traseira,Com Vítimas Feridas,Pleno dia,Crescente,Nublado,Dupla,Reta,Não,3,0,1,0,1,1,1,3,"-31,19584196","-52,02180486",SPRF-RS,DEL02-RS,UOP02-DEL02-RS
409620,2022-01-18,terça-feira,08:15:00,RJ,393,175,TRES RIOS,Condutor deixou de manter distância do veículo da frente,Colisão traseira,Com Vítimas Feridas,Pleno dia,Decrescente,Céu Claro,Simples,Rotatória,Não,4,0,1,0,3,0,1,2,"-22,12458069","-43,23179215",SPRF-RJ,DEL05-RJ,UOP02-DEL05-RJ
409622,2022-01-17,segunda-feira,17:55:00,RJ,40,105,DUQUE DE CAXIAS,Reação tardia ou ineficiente do condutor,Atropelamento de Pedestre,Com Vítimas Feridas,Anoitecer,Crescente,Céu Claro,Simples,Reta,Sim,3,0,0,1,2,0,1,2,"-22,63784806","-43,28428824",SPRF-RJ,DEL01-RJ,UOP01-DEL01-RJ
409623,2022-01-18,terça-feira,07:50:00,PR,376,304,MAUA DA SERRA,Ausência de reação do condutor,Tombamento,Com Vítimas Feridas,Pleno dia,Crescente,Céu Claro,Dupla,Curva,Não,2,0,0,1,0,1,1,2,"-23,952969","-51,114033",SPRF-PR,DEL07-PR,UOP02-DEL07-PR
409631,2022-01-18,terça-feira,08:40:00,RS,290,"154,2",ARROIO DOS RATOS,Ultrapassagem Indevida,Colisão lateral mesmo sentido,Com Vítimas Feridas,Pleno dia,Decrescente,Nublado,Simples,Declive,Não,5,0,1,0,4,0,1,2,"-30,107643","-51,747883",SPRF-RS,DEL02-RS,UOP01-DEL02-RS
409639,2022-01-18,terça-feira,07:10:00,SC,101,"126,6",ITAJAI,Condutor deixou de manter distância do veículo da frente,Colisão traseira,Com Vítimas Feridas,Pleno dia,Decrescente,Céu Claro,Dupla,Reta,Não,3,0,1,0,1,1,1,3,"-26,95564404","-48,67978366",SPRF-SC,DEL04-SC,UOP04-DEL04-SC
409641,2022-01-18,terça-feira,11:00:00,SP,116,205,ARUJA,Acessar a via sem observar a presença dos outros veículos,Colisão traseira,Com Vítimas Feridas,Pleno dia,Decrescente,Céu Claro,Dupla,Reta,Sim,3,0,1,0,1,1,1,3,"-23,41475243","-46,36600788",SPRF-SP,DEL01-SP,UOP01-DEL01-SP
409642,2022-01-15,sábado,00:40:00,BA,116,930,ENCRUZILHADA,Demais falhas mecânicas ou elétricas,Incêndio,Sem Vítimas,Plena Noite,Crescente,Céu Claro,Simples,Reta,Não,2,0,0,0,1,1,0,2,"-15,58476411","-41,27869088",SPRF-BA,DEL08-BA,UOP03-DEL08-BA
409644,2022-01-18,terça-feira,09:45:00,MS,419,"265,8",ANASTACIO,Mal súbito do condutor,Saída de leito carroçável,Com Vítimas Feridas,Pleno dia,Crescente,Céu Claro,Simples,Reta,Não,2,0,1,0,0,2,1,3,"-20,66543696","-55,90056126",SPRF-MS,DEL03-MS,UOP01-DEL03-MS
409651,2022-01-18,terça-feira,11:45:00,PB,101,"8,6",MAMANGUAPE,Ausência de reação do condutor,Saída de leito carroçável,Com Vítimas Feridas,Pleno dia,Decrescente,Céu Claro,Dupla,Reta,Não,2,0,1,0,0,1,1,2,"-6,56597091","-35,14256709",SPRF-PB,DEL01-PB,UOP04-DEL01-PB
409654,2022-01-18,terça-feira,13:30:00,SP,116,303,SAO LOURENCO DA SERRA,Demais falhas mecânicas ou elétricas,Eventos atípicos,Com Vítimas Feridas,Pleno dia,Crescente,Céu Claro,Dupla,Reta,Não,8,0,1,0,5,2,1,3,"-23,82760675","-46,92631345",SPRF-SP,DEL04-SP,UOP01-DEL04-SP
409655,2022-01-18,terça-feira,12:00:00,RS,285,"131,2",VACARIA,Velocidade Incompatível,Tombamento,Com Vítimas Feridas,Pleno dia,Crescente,Céu Claro,Simples,Curva,Não,2,0,1,0,0,1,1,2,"-28,442188","-50,996849",SPRF-RS,DEL05-RS,UOP03-DEL05-RS
409656,2022-01-18,terça-feira,13:00:00,MG,40,670,CARANDAI,Ausência de reação do condutor,Saída de leito carroçável,Com Vítimas Feridas,Pleno dia,Decrescente,Céu Claro,Simples,Reta,Não,1,0,1,0,0,0,1,1,"-20,9669552","-43,78631951",SPRF-MG,DEL05-MG,UOP02-DEL05-MG
409666,2022-01-18,terça-feira,13:50:00,MG,381,"627,1",OLIVEIRA,Chuva,Saída de leito carroçável,Com Vítimas Feridas,Pleno dia,Decrescente,Chuva,Dupla,Curva;Declive,Não,3,0,1,1,1,0,2,2,"-20,815651","-44,792345",SPRF-MG,DEL04-MG,UOP01-DEL04-MG
409670,2022-01-18,terça-feira,14:35:00,MG,40,455,CAETANOPOLIS,Chuva,Saída de leito carroçável,Com Vítimas Feridas,Pleno dia,Decrescente,Chuva,Dupla,Curva,Não,3,0,2,1,0,0,3,1,"-19,35767518","-44,34735515",SPRF-MG,DEL02-MG,UOP01-DEL02-MG