id,data_inversa,dia_semana,horario,uf,br,km,municipio,causa_acidente,tipo_acidente,classificacao_acidente,fase_dia,sentido_via,condicao_metereologica,tipo_pista,tracado_via,uso_solo,pessoas,mortos,feridos_leves,feridos_graves,ilesos,ignorados,feridos,veiculos,latitude,longitude,regional,delegacia,uop
409673,2022-01-14,sexta-feira,21:20:00,RS,392,28,RIO GRANDE,Acessar a via sem observar a presença dos outros veículos,Colisão traseira,Com Vítimas Feridas,Plena Noite,Decrescente,Céu Claro,Dupla,Reta,Sim,3,0,1,0,1,1,1,3,"-32,06592409","-52,26686814",SPRF-RS,DEL07-RS,UOP02-DEL07-RS
409679,2022-01-18,terça-feira,14:30:00,GO,414,"367,5",COCALZINHO DE GOIAS,Velocidade Incompatível,Saída de leito carroçável,Com Vítimas Fatais,Pleno dia,Crescente,Céu Claro,Simples,Curva,Não,3,1,0,1,0,2,1,3,"-15,746268","-48,72468901",SPRF-GO,DEL02-GO,UOP01-DEL02-GO
409684,2022-01-18,terça-feira,15:10:00,CE,222,30,CAUCAIA,Condutor deixou de manter distância do veículo da frente,Engavetamento,Com Vítimas Feridas,Pleno dia,Decrescente,Céu Claro,Simples,Reta;Em Obras,Sim,5,0,1,1,2,1,2,4,"-3,71177966","-38,81972495",SPRF-CE,DEL01-CE,UOP01-DEL01-CE
409685,2022-01-18,terça-feira,14:10:00,MG,365,"47,3",CLARO DOS POCOES,Condutor Dormindo,Saída de leito carroçável,Com Vítimas Feridas,Pleno dia,Crescente,Céu Claro,Simples,Reta,Não,2,0,1,0,0,2,1,3,"-16,92733795","-44,21992008",SPRF-MG,DEL12-MG,UOP01-DEL12-MG
409721,2022-01-18,terça-feira,02:40:00,CE,20,88,TAUA,Reação tardia ou ineficiente do condutor,Saída de leito carroçável,Com Vítimas Feridas,Plena Noite,Crescente,Ignorado,Simples,Reta,Não,2,0,1,0,0,1,1,2,"-5,97567825","-40,25460976",SPRF-CE,DEL02-CE,UOP02-DEL02-CE
409724,2022-01-18,terça-feira,16:30:00,GO,20,104,FLORES DE GOIAS,Ingestão de álcool pelo condutor,Tombamento,Com Vítimas Feridas,Pleno dia,Crescente,Céu Claro,Simples,Curva,Não,1,0,1,0,0,0,1,1,"-14,927938","-46,972652",SPRF-DF,DEL02-DF,UOP01-DEL02-DF
409725,2022-01-18,terça-feira,15:30:00,MG,116,517,UBAPORANGA,Reação tardia ou ineficiente do condutor,Colisão frontal,Com Vítimas Feridas,Pleno dia,Crescente,Sol,Simples,Curva,Não,3,0,1,0,1,1,1,3,"-19,70492713","-42,11720373",SPRF-MG,DEL06-MG,UOP02-DEL06-MG
409726,2022-01-07,sexta-feira,07:30:00,MT,158,"706,9",CACERES,Avarias e/ou desgaste excessivo no pneu,Incêndio,Sem Vítimas,Pleno dia,Crescente,Céu Claro,Simples,Reta,Não,2,0,0,0,1,3,0,4,"-16,24759797","-57,47711598",SPRF-MT,DEL07-MT,UOP01-DEL07-MT
409728,2022-01-18,terça-feira,14:42:00,BA,101,"588,5",CAMACAN,Condutor deixou de manter distância do veículo da frente,Colisão traseira,Sem Vítimas,Pleno dia,Decrescente,Sol,Simples,Reta,Não,2,0,0,0,2,0,0,2,"-15,417","-39,456",SPRF-BA,DEL05-BA,UOP02-DEL05-BA
409732,2022-01-18,terça-feira,17:30:00,PR,116,43,CAMPINA GRANDE DO SUL,Reação tardia ou ineficiente do condutor,Colisão com objeto,Com Vítimas Feridas,Pleno dia,Decrescente,Chuva,Dupla,Curva,Não,2,0,2,0,0,0,2,1,"-25,18443751","-48,88160706",SPRF-PR,DEL01-PR,UOP02-DEL01-PR
409736,2022-01-18,terça-feira,17:40:00,MG,381,"488,1",BETIM,Manobra de mudança de faixa,Colisão traseira,Com Vítimas Feridas,Pleno dia,Decrescente,Céu Claro,Múltipla,Reta;Aclive,Sim,3,0,0,1,0,2,1,3,"-19,9598656","-44,15489715",SPRF-MG,DEL01-MG,UOP03-DEL01-MG
409744,2022-01-18,terça-feira,14:20:00,PR,376,"301,8",MAUA DA SERRA,Problema com o freio,Tombamento,Sem Vítimas,Pleno dia,Crescente,Sol,Dupla,Declive;Reta,Não,1,0,0,0,1,0,0,1,"-23,93541751","-51,14679694",SPRF-PR,DEL07-PR,UOP02-DEL07-PR
409749,2022-01-18,terça-feira,18:30:00,AL,101,209,SAO SEBASTIAO,Velocidade Incompatível,Saída de leito carroçável,Sem Vítimas,Anoitecer,Decrescente,Céu Claro,Simples,Curva,Não,1,0,0,0,1,0,0,1,"-9,99754289","-36,60135905",SPRF-AL,DEL02-AL,UOP02-DEL02-AL
409750,2022-01-18,terça-feira,16:00:00,RJ,101,"295,5",ITABORAI,Condutor deixou de manter distância do veículo da frente,Colisão traseira,Com Vítimas Feridas,Pleno dia,Crescente,Sol,Dupla,Curva,Sim,2,0,0,1,0,1,1,2,"-22,76365068","-42,90223623",SPRF-RJ,DEL02-RJ,UOP02-DEL02-RJ
409751,2022-01-18,terça-feira,19:25:00,MG,40,"472,5",SETE LAGOAS,Demais falhas na via,Colisão traseira,Com Vítimas Feridas,Plena Noite,Crescente,Nublado,Dupla,Curva,Sim,3,0,1,0,2,0,1,2,"-19,47543632","-44,29066576",SPRF-MG,DEL02-MG,UOP01-DEL02-MG
409756,2022-01-18,terça-feira,18:30:00,PR,376,"420,9",TIBAGI,Reação tardia ou ineficiente do condutor,Saída de leito carroçável,Com Vítimas Feridas,Anoitecer,Decrescente,Nublado,Dupla,Curva,Não,1,0,1,0,0,0,1,1,"-24,71687511","-50,54081311",SPRF-PR,DEL03-PR,UOP02-DEL03-PR
409758,2022-01-18,terça-feira,19:45:00,MG,50,98,UBERLANDIA,Avarias e/ou desgaste excessivo no pneu,Saída de leito carroçável,Com Vítimas Fatais,Plena Noite,Crescente,Céu Claro,Dupla,Reta,Não,7,2,0,3,1,1,3,3,"-19,11861301","-48,17588405",SPRF-MG,DEL15-MG,UOP01-DEL15-MG
409764,2022-01-18,terça-feira,20:25:00,GO,20,104,FLORES DE GOIAS,Objeto estático sobre o leito carroçável,Colisão com objeto,Com Vítimas Feridas,Plena Noite,Decrescente,Céu Claro,Simples,Curva,Não,6,0,3,0,3,0,3,2,"-14,921622","-46,966019",SPRF-DF,DEL02-DF,UOP01-DEL02-DF
409765,2022-01-18,terça-feira,18:00:00,RJ,493,"17,9",GUAPIMIRIM,Transitar no acostamento,Colisão traseira,Com Vítimas Feridas,Anoitecer,Decrescente,Céu Claro,Simples,Reta,Não,4,0,2,0,2,0,2,2,"-22,66434888","-43,00014505",SPRF-RJ,DEL04-RJ,UOP02-DEL04-RJ
409769,2022-01-18,terça-feira,20:00:00,BA,242,787,BARREIRAS,Acesso irregular,Colisão transversal,Sem Vítimas,Plena Noite,Crescente,Céu Claro,Simples,Reta,Não,3,0,0,0,3,0,0,2,"-12,114938","-44,955553",SPRF-BA,DEL10-BA,UOP01-DEL10-BA
409771,2022-01-18,terça-feira,21:00:00,SP,116,114,TAUBATE,Ausência de reação do condutor,Colisão traseira,Com Vítimas Feridas,Plena Noite,Decrescente,Céu Claro,Dupla,Reta,Não,4,0,2,0,1,1,2,3,"-23,04654177","-45,59018006",SPRF-SP,DEL02-SP,UOP02-DEL02-SP
409773,2022-01-18,terça-feira,21:10:00,PR,369,"151,1",LONDRINA,Avarias e/ou desgaste excessivo no pneu,Colisão traseira,Com Vítimas Feridas,Plena Noite,Decrescente,Céu Claro,Dupla,Viaduto,Sim,2,0,1,0,1,0,1,2,"-23,29272407","-51,17330253",SPRF-PR,DEL07-PR,UOP01-DEL07-PR
409777,2022-01-18,terça-feira,21:30:00,SP,116,"339,5",JUQUITIBA,Demais falhas mecânicas ou elétricas,Tombamento,Com Vítimas Feridas,Plena Noite,Crescente,Chuva,Dupla,Curva;Declive,Não,2,0,0,1,0,1,1,2,"-24,00173352","-47,15186488",SPRF-SP,DEL04-SP,UOP01-DEL04-SP
409780,2022-01-18,terça-feira,23:00:00,CE,116,19,ITAITINGA,Reação tardia ou ineficiente do condutor,Colisão com objeto,Sem Vítimas,Plena Noite,Crescente,Céu Claro,Dupla,Retorno Regulamentado,Sim,2,0,0,0,2,0,0,2,"-3,91384397","-38,50667231",SPRF-CE,DEL01-CE,UOP02-DEL01-CE
409782,2022-01-18,terça-feira,10:15:00,SC,470,188,POUSO REDONDO,Demais falhas mecânicas ou elétricas,Saída de leito carroçável,Com Vítimas Feridas,Pleno dia,Decrescente,Sol,Simples,Declive;Reta,Não,2,0,1,0,1,0,1,1,"-27,26126287","-50,05441904",SPRF-SC,DEL04-SC,UOP02-DEL04-SC
409783,2022-01-18,terça-feira,16:05:00,MG,40,204,JOAO PINHEIRO,Demais falhas mecânicas ou elétricas,Saída de leito carroçável,Com Vítimas Feridas,Pleno dia,Crescente,Nublado,Simples,Reta;Aclive,Não,2,0,1,0,0,1,1,2,"-17,99104545","-45,78253011",SPRF-MG,DEL14-MG,UOP02-DEL14-MG
409787,2022-01-19,quarta-feira,00:10:00,MS,158,261,TRES LAGOAS,Ultrapassagem Indevida,Colisão lateral sentido oposto,Com Vítimas Feridas,Plena Noite,Crescente,Nublado,Simples,Aclive,Não,4,0,0,1,1,3,1,5,"-20,72864508","-51,74215513",SPRF-MS,DEL07-MS,UOP01-DEL07-MS
409790,2022-01-19,quarta-feira,02:08:00,GO,20,5,FORMOSA,Reação tardia ou ineficiente do condutor,Saída de leito carroçável,Sem Vítimas,Plena Noite,Decrescente,Céu Claro,Simples,Aclive,Não,3,0,0,0,2,1,0,3,"-15,561395","-47,313698",SPRF-DF,DEL02-DF,UOP01-DEL02-DF
409792,2022-01-19,quarta-feira,01:10:00,PB,101,42,MAMANGUAPE,Problema na suspensão,Saída de leito carroçável,Com Vítimas Feridas,Plena Noite,Crescente,Céu Claro,Dupla,Reta,Não,2,0,2,0,0,0,2,1,"-6,856615","-35,13444297",SPRF-PB,DEL01-PB,UOP04-DEL01-PB
409796,2022-01-19,quarta-feira,03:45:00,RJ,101,256,RIO BONITO,Animais na Pista,Atropelamento de Animal,Com Vítimas Feridas,Plena Noite,Decrescente,Céu Claro,Dupla,Reta,Não,6,0,3,0,3,0,3,3,"-22,69621133","-42,56854493",SPRF-RJ,DEL02-RJ,UOP03-DEL02-RJ
409805,2022-01-19,quarta-feira,04:30:00,MG,262,"20,3",REDUTO,Condutor Dormindo,Colisão frontal,Com Vítimas Feridas,Plena Noite,Decrescente,Nublado,Simples,Declive;Curva,Não,2,0,0,2,0,0,2,2,"-20,24962505","-41,91079899",SPRF-MG,DEL06-MG,UOP03-DEL06-MG
409807,2022-01-19,quarta-feira,07:10:00,BA,407,"3,2",JUAZEIRO,Falta de acostamento,Colisão lateral mesmo sentido,Com Vítimas Feridas,Pleno dia,Decrescente,Céu Claro,Simples,Interseção de Vias,Sim,2,0,1,0,0,1,1,2,"-9,43134011","-40,49823324",SPRF-PE,DEL06-PE,UOP01-DEL06-PE
409810,2022-01-19,quarta-feira,04:40:00,PR,277,"129,7",CAMPO LARGO,Problema com o freio,Saída de leito carroçável,Sem Vítimas,Amanhecer,Crescente,Céu Claro,Dupla,Aclive,Não,2,0,0,0,1,1,0,2,"-25,46218461","-49,64687347",SPRF-PR,DEL01-PR,UOP03-DEL03-PR
409811,2022-01-19,quarta-feira,07:05:00,RJ,40,"50,9",PETROPOLIS,Demais falhas mecânicas ou elétricas,Incêndio,Sem Vítimas,Pleno dia,Crescente,Céu Claro,Dupla,Reta,Não,1,0,0,0,1,0,0,1,"-22,31806204","-43,13158166",SPRF-RJ,DEL05-RJ,UOP02-DEL05-RJ
409825,2022-01-19,quarta-feira,10:10:00,PR,116,117,CURITIBA,Condutor deixou de manter distância do veículo da frente,Colisão lateral mesmo sentido,Com Vítimas Feridas,Pleno dia,Decrescente,Céu Claro,Dupla,Reta,Sim,3,0,0,1,2,0,1,3,"-25,54988723","-49,28248211",SPRF-PR,DEL01-PR,UOP03-DEL01-PR
409827,2022-01-19,quarta-feira,07:30:00,ES,101,"385,8",ICONHA,Demais falhas mecânicas ou elétricas,Saída de leito carroçável,Com Vítimas Feridas,Pleno dia,Decrescente,Sol,Simples,Curva,Não,1,0,1,0,0,0,1,1,"-20,83675912","-40,86790091",SPRF-ES,DEL03-ES,UOP01-DEL03-ES
409828,2022-01-19,quarta-feira,09:20:00,SC,101,209,SAO JOSE,Ausência de reação do condutor,Colisão traseira,Com Vítimas Feridas,Pleno dia,Decrescente,Céu Claro,Múltipla,Reta,Sim,3,0,1,0,1,1,1,3,"-27,61000542","-48,63895057",SPRF-SC,DEL01-SC,UOP01-DEL01-SC
409829,2022-01-19,quarta-feira,07:00:00,MT,364,520,ROSARIO OESTE,Condutor deixou de manter distância do veículo da frente,Colisão traseira,Com Vítimas Feridas,Pleno dia,Crescente,Céu Claro,Simples,Reta,Não,4,0,0,1,2,2,1,4,"-15,09401099","-56,51930619",SPRF-MT,DEL01-MT,UOP01-DEL01-MT
409834,2022-01-19,quarta-feira,08:20:00,SP,381,87,GUARULHOS,Manobra de mudança de faixa,Colisão lateral mesmo sentido,Com Vítimas Feridas,Pleno dia,Crescente,Céu Claro,Múltipla,Reta,Não,3,0,1,0,1,1,1,3,"-23,46885001","-46,56996601",SPRF-SP,DEL03-SP,UOP01-DEL03-SP
409841,2022-01-19,quarta-feira,10:30:00,RJ,116,122,MAGE,Velocidade Incompatível,Tombamento,Com Vítimas Feridas,Pleno dia,Crescente,Céu Claro,Simples,Curva,Não,2,0,0,1,0,1,1,2,"-22,63509742","-43,05577963",SPRF-RJ,DEL04-RJ,UOP02-DEL04-RJ
409844,2022-01-19,quarta-feira,11:50:00,ES,101,159,LINHARES,Acessar a via sem observar a presença dos outros veículos,Colisão lateral mesmo sentido,Com Vítimas Feridas,Pleno dia,Decrescente,Sol,Simples,Reta,Sim,3,0,1,0,1,1,1,3,"-19,4684012","-40,1102557",SPRF-ES,DEL04-ES,UOP01-DEL04-ES
409856,2022-01-19,quarta-feira,11:00:00,BA,101,490,BARRO PRETO,Acesso irregular,Colisão transversal,Com Vítimas Feridas,Pleno dia,Crescente,Céu Claro,Simples,Reta,Não,3,0,1,0,1,1,1,2,"-14,69585909","-39,36538696",SPRF-BA,DEL05-BA,UOP01-DEL05-BA
409859,2022-01-19,quarta-feira,13:30:00,GO,40,41,LUZIANIA,Ultrapassagem Indevida,Colisão frontal,Com Vítimas Fatais,Pleno dia,Crescente,Céu Claro,Simples,Curva,Não,2,1,0,0,0,1,0,2,"-16,367802","-47,826972",SPRF-DF,DEL01-DF,UOP02-DEL01-DF
409865,2022-01-19,quarta-feira,14:20:00,PR,376,"493,5",PONTA GROSSA,Condutor deixou de manter distância do veículo da frente,Colisão traseira,Com Vítimas Feridas,Pleno dia,Crescente,Céu Claro,Dupla,Reta,Sim,3,0,1,0,1,1,1,3,"-25,12606622","-50,17893971",SPRF-PR,DEL03-PR,UOP01-DEL03-PR
409872,2022-01-19,quarta-feira,14:15:00,SC,163,"72,2",SAO MIGUEL DO OESTE,Manobra de mudança de faixa,Colisão lateral mesmo sentido,Com Vítimas Feridas,Pleno dia,Crescente,Céu Claro,Dupla,Reta;Aclive,Sim,4,0,1,0,2,2,1,4,"-26,71724231","-53,51634622",SPRF-SC,DEL07-SC,UOP03-DEL07-SC
409873,2022-01-19,quarta-feira,14:00:00,MT,364,347,SANTO ANTONIO DO LEVERGER,Demais falhas mecânicas ou elétricas,Incêndio,Sem Vítimas,Pleno dia,Decrescente,Nublado,Dupla,Aclive;Reta,Não,2,0,0,0,1,2,0,3,"-15,807347","-55,54692",SPRF-MT,DEL05-MT,UOP02-DEL05-MT
409875,2022-01-19,quarta-feira,14:30:00,BA,101,864,TEIXEIRA DE FREITAS,Ausência de reação do condutor,Tombamento,Com Vítimas Feridas,Pleno dia,Crescente,Chuva,Simples,Reta,Não,2,0,1,0,0,1,1,2,"-17,4289688","-39,6866157",SPRF-BA,DEL09-BA,UOP02-DEL09-BA
409878,2022-01-19,quarta-feira,05:30:00,RO,364,70,VILHENA,Declive acentuado,Tombamento,Sem Vítimas,Amanhecer,Crescente,Nublado,Simples,Declive,Não,2,0,0,0,1,2,0,3,"-12,46733497","-60,49874289",SPRF-RO,DEL04-RO,UOP01-DEL04-RO
409880,2022-01-19,quarta-feira,16:25:00,RS,153,50,ERECHIM,Mal súbito do condutor,Saída de leito carroçável,Com Vítimas Feridas,Pleno dia,Decrescente,Céu Claro,Simples,Reta,Sim,1,0,1,0,0,0,1,1,"-27,65623359","-52,27554709",SPRF-RS,DEL08-RS,UOP04-DEL08-RS
409881,2022-01-19,quarta-feira,15:00:00,PR,376,"346,5",ORTIGUEIRA,Reação tardia ou ineficiente do condutor,Saída de leito carroçável,Sem Vítimas,Pleno dia,Crescente,Sol,Simples,Aclive;Reta,Não,2,0,0,0,1,3,0,4,"-24,17965922","-50,96204191",SPRF-PR,DEL07-PR,UOP02-DEL07-PR
409882,2022-01-19,quarta-feira,16:20:00,SC,101,"125,7",ITAJAI,Condutor deixou de manter distância do veículo da frente,Colisão traseira,Com Vítimas Feridas,Pleno dia,Crescente,Sol,Dupla,Retorno Regulamentado,Não,2,0,0,1,1,0,1,2,"-26,94802427","-48,68338515",SPRF-SC,DEL04-SC,UOP04-DEL04-SC
409884,2022-01-19,quarta-feira,15:57:00,TO,153,154,ARAGUAINA,Velocidade Incompatível,Colisão com objeto,Sem Vítimas,Pleno dia,Crescente,Garoa/Chuvisco,Simples,Reta,Sim,2,0,0,0,1,1,0,2,"-7,27973969","-48,27188825",SPRF-TO,DEL02-TO,UOP01-DEL02-TO
409886,2022-01-19,quarta-feira,17:00:00,BA,242,801,BARREIRAS,Acesso irregular,Colisão transversal,Com Vítimas Feridas,Pleno dia,Decrescente,Sol,Simples,Curva,Não,3,0,1,0,2,0,1,2,"-12,117845","-45,062867",SPRF-BA,DEL10-BA,UOP01-DEL10-BA
409887,2022-01-19,quarta-feira,16:40:00,ES,101,"268,5",SERRA,Reação tardia ou ineficiente do condutor,Colisão traseira,Com Vítimas Feridas,Pleno dia,Decrescente,Céu Claro,Múltipla,Reta,Sim,3,0,0,1,1,2,1,4,"-20,20842","-40,269405",SPRF-ES,DEL02-ES,UOP01-DEL02-ES
409888,2022-01-19,quarta-feira,17:00:00,SP,116,484,CAJATI,Ausência de reação do condutor,Colisão transversal,Com Vítimas Feridas,Pleno dia,Crescente,Céu Claro,Dupla,Reta,Não,4,0,0,1,1,3,1,5,"-24,72231195","-48,062511",SPRF-SP,DEL05-SP,UOP01-DEL05-SP
409895,2022-01-19,quarta-feira,15:25:00,PR,376,304,MAUA DA SERRA,Velocidade Incompatível,Tombamento,Sem Vítimas,Pleno dia,Crescente,Céu Claro,Dupla,Curva;Declive,Sim,2,0,0,0,1,3,0,4,"-23,952969","-51,114033",SPRF-PR,DEL07-PR,UOP02-DEL07-PR
409905,2022-01-19,quarta-feira,16:40:00,MS,262,"367,9",CAMPO GRANDE,Ausência de reação do condutor,Colisão traseira,Com Vítimas Feridas,Pleno dia,Crescente,Nublado,Simples,Reta,Sim,4,0,0,2,1,2,2,4,"-20,47734957","-54,75069718",SPRF-MS,DEL01-MS,UOP03-DEL01-MS
409907,2022-01-19,quarta-feira,16:10:00,MG,262,793,UBERABA,Ultrapassagem Indevida,Engavetamento,Com Vítimas Feridas,Pleno dia,Crescente,Chuva,Simples,Aclive,Não,4,0,1,0,2,2,1,5,"-19,76468068","-47,86822195",SPRF-MG,DEL13-MG,UOP01-DEL13-MG
409910,2022-01-19,quarta-feira,19:40:00,RJ,101,42,CAMPOS DOS GOYTACAZES,Acessar a via sem observar a presença dos outros veículos,Colisão transversal,Com Vítimas Feridas,Plena Noite,Crescente,Céu Claro,Simples,Declive,Não,2,0,1,1,0,0,2,2,"-21,56357908","-41,32424043",SPRF-RJ,DEL08-RJ,UOP01-DEL08-RJ
409916,2022-01-19,quarta-feira,20:25:00,PE,101,"122,7",ESCADA,Animais na Pista,Atropelamento de Animal,Com Vítimas Fatais,Plena Noite,Crescente,Céu Claro,Dupla,Reta,Não,2,1,1,0,0,0,1,2,"-8,35963442","-35,20419694",SPRF-PE,DEL01-PE,UOP01-DEL01-PE
409918,2022-01-19,quarta-feira,19:18:00,SP,116,228,SAO PAULO,Ingestão de álcool pelo condutor,Colisão traseira,Sem Vítimas,Plena Noite,Decrescente,Céu Claro,Múltipla,Aclive,Sim,3,0,0,0,2,1,0,3,"-23,50343484","-46,56638712",SPRF-SP,DEL01-SP,UOP01-DEL01-SP
409925,2022-01-19,quarta-feira,18:30:00,MA,316,"605,1",TIMON,Velocidade Incompatível,Colisão traseira,Com Vítimas Feridas,Plena Noite,Crescente,Céu Claro,Simples,Declive,Não,3,0,1,0,1,1,1,3,"-5,047525","-42,915745",SPRF-MA,DEL03-MA,UOP02-DEL03-MA
409927,2022-01-19,quarta-feira,15:35:00,BA,407,26,JUAZEIRO,Condutor Dormindo,Colisão lateral sentido oposto,Com Vítimas Feridas,Pleno dia,Decrescente,Céu Claro,Simples,Reta,Não,4,0,1,0,2,3,1,6,"-9,61767289","-40,40908777",SPRF-BA,DEL04-BA,UOP01-DEL04-BA
409932,2022-01-11,terça-feira,11:50:00,RS,287,248,SANTA MARIA,Acessar a via sem observar a presença dos outros veículos,Colisão transversal,Com Vítimas Feridas,Pleno dia,Decrescente,Céu Claro,Dupla,Reta;Em Obras,Sim,2,0,0,1,1,0,1,2,"-29,696018","-53,850956",SPRF-RS,DEL09-RS,UOP01-DEL09-RS
409934,2022-01-19,quarta-feira,16:00:00,SC,116,105,MONTE CASTELO,Ausência de reação do condutor,Colisão traseira,Com Vítimas Feridas,Pleno dia,Decrescente,Céu Claro,Simples,Declive,Não,3,0,1,0,1,3,1,5,"-26,75095005","-50,31749478",SPRF-SC,DEL06-SC,UOP02-DEL06-SC
409945,2022-01-19,quarta-feira,20:30:00,MS,262,"622,4",MIRANDA,Transitar na contramão,Colisão lateral sentido oposto,Com Vítimas Feridas,Pleno dia,Crescente,Céu Claro,Simples,Reta,Não,3,0,1,0,0,2,1,3,"-19,93405411","-56,85137526",SPRF-MS,DEL03-MS,UOP02-DEL03-MS
409946,2022-01-19,quarta-feira,17:00:00,TO,153,261,COLINAS DO TOCANTINS,Demais falhas mecânicas ou elétricas,Tombamento,Com Vítimas Feridas,Anoitecer,Crescente,Nublado,Simples,Curva,Não,2,0,1,0,0,1,1,2,"-8,18088398","-48,46225788",SPRF-TO,DEL02-TO,UOP02-DEL02-TO
409953,2022-01-19,quarta-feira,20:16:00,TO,153,573,SANTA RITA DO TOCANTINS,Demais falhas mecânicas ou elétricas,Incêndio,Sem Vítimas,Plena Noite,Decrescente,Chuva,Simples,Reta,Não,2,0,0,0,1,2,0,3,"-10,85537202","-48,90512061",SPRF-TO,DEL01-TO,UOP01-DEL01-TO
409955,2022-01-19,quarta-feira,20:20:00,RS,153,"429,8",CACHOEIRA DO SUL,Condutor deixou de manter distância do veículo da frente,Colisão lateral mesmo sentido,Com Vítimas Feridas,Plena Noite,Crescente,Céu Claro,Simples,Reta,Não,2,0,1,0,0,1,1,2,"-30,24787399","-52,85215821",SPRF-RS,DEL02-RS,UOP03-DEL02-RS
409959,2022-01-20,quinta-feira,02:10:00,SC,101,"56,7",ARAQUARI,Ausência de reação do condutor,Colisão traseira,Com Vítimas Feridas,Plena Noite,Decrescente,Céu Claro,Dupla,Reta,Sim,3,0,2,0,0,1,2,2,"-26,43207484","-48,82263984",SPRF-SC,DEL03-SC,UOP01-DEL03-SC
409966,2022-01-20,quinta-feira,01:00:00,BA,101,24,ESPLANADA,Reação tardia ou ineficiente do condutor,Tombamento,Com Vítimas Feridas,Anoitecer,Decrescente,Céu Claro,Dupla,Reta,Não,2,0,1,0,0,1,1,2,"-11,73553002","-37,93456395",SPRF-SE,DEL02-SE,UOP03-DEL02-SE
409969,2022-01-20,quinta-feira,04:50:00,MG,262,154,SAO DOMINGOS DO PRATA,Faixas de trânsito com largura insuficiente,Colisão lateral mesmo sentido,Com Vítimas Feridas,Amanhecer,Crescente,Céu Claro,Simples,Reta,Não,7,0,3,0,3,2,3,5,"-19,9846053","-42,79613211",SPRF-MG,DEL03-MG,UOP03-DEL03-MG
409970,2022-01-20,quinta-feira,06:30:00,PR,277,325,GUARAPUAVA,Velocidade Incompatível,Tombamento,Com Vítimas Feridas,Pleno dia,Crescente,Céu Claro,Simples,Curva,Não,3,0,0,2,0,1,2,2,"-25,372073","-51,320655",SPRF-PR,DEL08-PR,UOP01-DEL08-PR
409971,2022-01-20,quinta-feira,07:00:00,SC,116,"4,5",MAFRA,Velocidade Incompatível,Tombamento,Sem Vítimas,Pleno dia,Crescente,Céu Claro,Simples,Rotatória,Sim,2,0,0,0,1,1,0,2,"-26,13554917","-49,8072652",SPRF-SC,DEL06-SC,UOP01-DEL06-SC
409980,2022-01-20,quinta-feira,08:15:00,GO,50,282,CATALAO,Obras na pista,Colisão transversal,Com Vítimas Feridas,Pleno dia,Crescente,Céu Claro,Simples,Reta,Não,3,0,0,1,2,0,1,2,"-18,1896","-47,9511",SPRF-GO,DEL06-GO,UOP01-DEL06-GO
409988,2022-01-20,quinta-feira,05:55:00,MG,381,"669,3",PERDOES,Avarias e/ou desgaste excessivo no pneu,Tombamento,Com Vítimas Feridas,Amanhecer,Decrescente,Céu Claro,Dupla,Declive;Curva,Não,3,0,1,0,1,1,1,3,"-21,0549798","-45,0392147",SPRF-MG,DEL04-MG,UOP02-DEL04-MG
409993,2022-01-20,quinta-feira,09:30:00,SC,101,"214,9",PALHOCA,Manobra de mudança de faixa,Colisão lateral mesmo sentido,Com Vítimas Feridas,Pleno dia,Crescente,Céu Claro,Múltipla,Reta,Sim,4,0,1,0,2,1,1,4,"-27,64443","-48,67057",SPRF-SC,DEL01-SC,UOP02-DEL01-SC
409995,2022-01-20,quinta-feira,07:00:00,PE,101,60,RECIFE,Condutor deixou de manter distância do veículo da frente,Colisão traseira,Com Vítimas Feridas,Pleno dia,Crescente,Sol,Múltipla,Reta,Sim,5,0,1,0,3,1,1,4,"-7,98344307","-34,93176727",SPRF-PE,DEL01-PE,UOP02-DEL01-PE
409998,2022-01-20,quinta-feira,06:50:00,BA,242,352,LENCOIS,Demais falhas mecânicas ou elétricas,Incêndio,Sem Vítimas,Pleno dia,Decrescente,Céu Claro,Simples,Reta,Não,2,0,0,0,1,2,0,3,"-12,49857081","-41,33159186",SPRF-BA,DEL06-BA,UOP01-DEL06-BA
410000,2022-01-08,sábado,17:45:00,GO,153,"657,1",GOIATUBA,Velocidade Incompatível,Colisão traseira,Com Vítimas Fatais,Pleno dia,Crescente,Nublado,Dupla,Reta,Não,4,1,0,0,2,2,0,5,"-18,0277","-49,265",SPRF-GO,DEL03-GO,UOP01-DEL03-GO
410003,2022-01-20,quinta-feira,10:45:00,MG,365,343,VARJAO DE MINAS,Acessar a via sem observar a presença dos outros veículos,Colisão transversal,Com Vítimas Feridas,Pleno dia,Crescente,Sol,Simples,Reta,Não,2,0,0,1,1,0,1,2,"-18,373","-46,029",SPRF-MG,DEL10-MG,UOP01-DEL10-MG
410009,2022-01-20,quinta-feira,05:30:00,GO,364,273,MINEIROS,Ultrapassagem Indevida,Saída de leito carroçável,Sem Vítimas,Pleno dia,Crescente,Céu Claro,Simples,Curva,Não,2,0,0,0,1,1,0,2,"-17,666422","-52,338333",SPRF-GO,DEL05-GO,UOP01-DEL05-GO