id,data_inversa,dia_semana,horario,uf,br,km,municipio,causa_acidente,tipo_acidente,classificacao_acidente,fase_dia,sentido_via,condicao_metereologica,tipo_pista,tracado_via,uso_solo,pessoas,mortos,feridos_leves,feridos_graves,ilesos,ignorados,feridos,veiculos,latitude,longitude,regional,delegacia,uop
410766,2022-01-23,domingo,22:50:00,MG,381,"648,7",SANTO ANTONIO DO AMPARO,Condutor usando celular,Colisão com objeto,Com Vítimas Feridas,Plena Noite,Decrescente,Céu Claro,Dupla,Curva,Não,2,0,1,0,0,1,1,2,"-20,95761493","-44,92120513",SPRF-MG,DEL04-MG,UOP02-DEL04-MG
410771,2022-01-23,domingo,16:30:00,MG,116,"488,9",INHAPIM,Velocidade Incompatível,Saída de leito carroçável,Com Vítimas Feridas,Pleno dia,Crescente,Céu Claro,Simples,Curva,Não,2,0,1,0,0,1,1,2,"-19,45939593","-42,13063936",SPRF-MG,DEL06-MG,UOP02-DEL06-MG
410782,2022-01-23,domingo,13:10:00,MG,381,426,CAETE,Mal súbito do condutor,Tombamento,Com Vítimas Feridas,Pleno dia,Decrescente,Céu Claro,Dupla,Curva,Não,1,0,1,0,0,0,1,1,"-19,78686195","-43,68924804",SPRF-MG,DEL01-MG,UOP01-DEL01-MG
410783,2022-01-24,segunda-feira,05:10:00,MG,381,"934,2",EXTREMA,Velocidade Incompatível,Tombamento,Com Vítimas Feridas,Amanhecer,Decrescente,Céu Claro,Simples,Curva;Declive,Não,2,0,0,1,0,1,1,2,"-22,804595","-46,259923",SPRF-MG,DEL16-MG,UOP03-DEL16-MG
410792,2022-01-24,segunda-feira,05:30:00,SC,470,205,PONTE ALTA,Velocidade Incompatível,Engavetamento,Com Vítimas Feridas,Amanhecer,Decrescente,Garoa/Chuvisco,Simples,Curva;Declive,Não,5,0,3,0,2,0,3,3,"-27,29212","-50,175362",SPRF-SC,DEL05-SC,UOP03-DEL05-SC
410793,2022-01-23,domingo,16:20:00,RO,364,92,VILHENA,Manobra de mudança de faixa,Colisão lateral sentido oposto,Sem Vítimas,Plena Noite,Crescente,Chuva,Simples,Declive,Não,4,0,0,0,3,4,0,6,"-12,34401202","-60,63151613",SPRF-RO,DEL04-RO,UOP01-DEL04-RO
410797,2022-01-24,segunda-feira,08:10:00,PR,476,159,ARAUCARIA,Acessar a via sem observar a presença dos outros veículos,Colisão transversal,Com Vítimas Feridas,Pleno dia,Crescente,Céu Claro,Simples,Reta,Sim,4,0,1,0,2,1,1,3,"-25,617157","-49,43169",SPRF-PR,DEL01-PR,UOP03-DEL01-PR
410805,2022-01-24,segunda-feira,08:25:00,GO,60,387,RIO VERDE,Reação tardia ou ineficiente do condutor,Colisão traseira,Com Vítimas Feridas,Pleno dia,Crescente,Céu Claro,Dupla,Aclive;Reta,Sim,3,0,2,0,1,0,2,3,"-17,7481","-50,8763",SPRF-GO,DEL04-GO,UOP01-DEL04-GO
410839,2022-01-24,segunda-feira,09:30:00,RJ,101,86,CAMPOS DOS GOYTACAZES,Velocidade Incompatível,Tombamento,Com Vítimas Feridas,Pleno dia,Decrescente,Céu Claro,Dupla,Curva,Não,1,0,1,0,0,0,1,1,"-21,82667291","-41,48736902",SPRF-RJ,DEL08-RJ,UOP02-DEL08-RJ
410844,2022-01-24,segunda-feira,08:30:00,PR,116,132,FAZENDA RIO GRANDE,Pedestre andava na pista,Atropelamento de Pedestre,Com Vítimas Feridas,Pleno dia,Crescente,Céu Claro,Dupla,Reta,Sim,3,0,0,1,1,1,1,3,"-25,65733698","-49,31212612",SPRF-PR,DEL01-PR,UOP03-DEL01-PR
410849,2022-01-24,segunda-feira,09:30:00,PR,376,490,PONTA GROSSA,Demais falhas mecânicas ou elétricas,Colisão lateral mesmo sentido,Sem Vítimas,Pleno dia,Crescente,Céu Claro,Dupla,Reta,Sim,2,0,0,0,2,0,0,2,"-25,14692309","-50,15072006",SPRF-PR,DEL03-PR,UOP01-DEL03-PR
410859,2022-01-24,segunda-feira,09:00:00,RJ,101,144,MACAE,Carga excessiva e/ou mal acondicionada,Tombamento,Com Vítimas Feridas,Pleno dia,Crescente,Céu Claro,Simples,Retorno Regulamentado,Sim,1,0,1,0,0,0,1,1,"-22,21328005","-41,75426573",SPRF-RJ,DEL08-RJ,UOP04-DEL08-RJ
410863,2022-01-24,segunda-feira,11:00:00,BA,324,561,SAO SEBASTIAO DO PASSE,Reação tardia ou ineficiente do condutor,Colisão traseira,Com Vítimas Feridas,Pleno dia,Decrescente,Chuva,Dupla,Reta;Declive,Não,3,0,0,1,2,0,1,2,"-12,49783433","-38,64646092",SPRF-BA,DEL01-BA,UOP01-DEL01-BA
410865,2022-01-24,segunda-feira,11:00:00,GO,153,"280,9",NOVA GLORIA,Ultrapassagem Indevida,Colisão frontal,Com Vítimas Fatais,Pleno dia,Decrescente,Céu Claro,Simples,Declive,Não,3,1,0,0,1,1,0,3,"-15,134809","-49,518436",SPRF-GO,DEL07-GO,UOP02-DEL07-GO
410868,2022-01-24,segunda-feira,12:15:00,BA,242,659,MUQUEM DE SAO FRANCISCO,Pista Escorregadia,Saída de leito carroçável,Com Vítimas Feridas,Pleno dia,Decrescente,Nublado,Simples,Declive,Não,3,0,0,2,0,1,2,3,"-12,229323","-43,835984",SPRF-BA,DEL10-BA,UOP02-DEL10-BA
410871,2022-01-24,segunda-feira,12:25:00,GO,60,"85,5",ANAPOLIS,Demais falhas mecânicas ou elétricas,Incêndio,Sem Vítimas,Pleno dia,Crescente,Céu Claro,Dupla,Declive,Sim,2,0,0,0,1,2,0,3,"-16,3179","-48,8643",SPRF-GO,DEL02-GO,UOP01-DEL02-GO
410876,2022-01-11,terça-feira,12:00:00,MA,135,311,DOM PEDRO,Velocidade Incompatível,Colisão frontal,Com Vítimas Feridas,Pleno dia,Decrescente,Chuva,Simples,Curva,Não,3,0,0,1,1,1,1,3,"-5,04635454","-44,44621377",SPRF-MA,DEL03-MA,UOP01-DEL03-MA
410882,2022-01-24,segunda-feira,13:32:00,BA,116,"683,8",JEQUIE,Velocidade Incompatível,Tombamento,Com Vítimas Feridas,Pleno dia,Decrescente,Céu Claro,Simples,Curva,Não,2,0,1,0,0,1,1,2,"-13,93404636","-40,16039371",SPRF-BA,DEL03-BA,UOP01-DEL03-BA
410885,2022-01-24,segunda-feira,13:30:00,ES,101,234,FUNDAO,Transitar na contramão,Colisão lateral sentido oposto,Com Vítimas Feridas,Pleno dia,Decrescente,Céu Claro,Simples,Reta,Não,5,0,3,0,2,0,3,2,"-19,96973516","-40,40766379",SPRF-ES,DEL02-ES,UOP01-DEL02-ES
410886,2022-01-24,segunda-feira,13:25:00,MS,262,"234,5",RIBAS DO RIO PARDO,Conversão proibida,Colisão frontal,Com Vítimas Fatais,Pleno dia,Crescente,Céu Claro,Simples,Reta,Não,3,2,1,0,0,0,1,2,"-20,46093745","-53,70889786",SPRF-MS,DEL01-MS,UOP01-DEL01-MS
410896,2022-01-20,quinta-feira,04:40:00,BA,324,549,AMELIA RODRIGUES,Demais falhas mecânicas ou elétricas,Colisão traseira,Com Vítimas Feridas,Plena Noite,Crescente,Céu Claro,Dupla,Reta,Não,2,0,2,0,0,0,2,2,"-12,43255269","-38,7319107",SPRF-BA,DEL01-BA,UOP03-DEL01-BA
410903,2022-01-24,segunda-feira,14:45:00,GO,60,99,ANAPOLIS,Carga excessiva e/ou mal acondicionada,Derramamento de carga,Com Vítimas Feridas,Pleno dia,Decrescente,Céu Claro,Dupla,Reta;Viaduto,Sim,3,0,1,0,2,0,1,3,"-16,3924","-48,9588",SPRF-GO,DEL02-GO,UOP01-DEL02-GO
410912,2022-01-24,segunda-feira,16:10:00,SC,470,"46,6",BLUMENAU,Ausência de reação do condutor,Colisão traseira,Com Vítimas Feridas,Pleno dia,Crescente,Céu Claro,Simples,Em Obras;Reta,Sim,5,0,1,0,3,1,1,4,"-26,860388","-49,037617",SPRF-SC,DEL04-SC,UOP01-DEL04-SC
410913,2022-01-24,segunda-feira,15:50:00,BA,101,385,IBIRAPITANGA,Pista Escorregadia,Tombamento,Com Vítimas Feridas,Pleno dia,Crescente,Chuva,Simples,Curva,Não,3,0,1,1,1,0,2,2,"-14,00704057","-39,44548763",SPRF-BA,DEL05-BA,UOP03-DEL05-BA
410916,2022-01-24,segunda-feira,15:50:00,MT,163,856,SINOP,Condutor deixou de manter distância do veículo da frente,Colisão traseira,Com Vítimas Feridas,Pleno dia,Crescente,Chuva,Simples,Reta,Não,3,0,0,1,2,0,1,2,"-11,8033151","-55,48013662",SPRF-MT,DEL06-MT,NPF/DEL06-MT
410917,2022-01-14,sexta-feira,05:40:00,MG,381,"539,7",ITATIAIUCU,Neblina,Colisão traseira,Sem Vítimas,Amanhecer,Decrescente,Céu Claro,Dupla,Reta,Não,4,0,0,0,3,1,0,4,"-20,242548","-44,41251621",SPRF-MG,DEL04-MG,UOP03-DEL04-MG
410919,2022-01-24,segunda-feira,16:45:00,RS,116,244,SAO LEOPOLDO,Ausência de reação do condutor,Colisão com objeto,Sem Vítimas,Pleno dia,Crescente,Céu Claro,Simples,Reta;Viaduto,Sim,2,0,0,0,1,1,0,2,"-29,74088003","-51,15039566",SPRF-RS,DEL01-RS,UOP02-DEL01-RS
410921,2022-01-24,segunda-feira,17:45:00,RJ,116,312,ITATIAIA,Reação tardia ou ineficiente do condutor,Eventos atípicos,Com Vítimas Feridas,Pleno dia,Crescente,Nublado,Dupla,Reta,Não,4,0,1,0,2,1,1,4,"-22,46068623","-44,45262504",SPRF-RJ,DEL07-RJ,UOP02-DEL07-RJ
410926,2022-01-24,segunda-feira,10:35:00,PR,376,"56,5",LOANDA,Demais falhas mecânicas ou elétricas,Tombamento,Sem Vítimas,Pleno dia,Crescente,Céu Claro,Simples,Aclive,Não,2,0,0,0,1,3,0,4,"-22,923017","-52,868316",SPRF-PR,DEL09-PR,UOP02-DEL09-PR
410928,2022-01-24,segunda-feira,17:25:00,SP,116,8,QUELUZ,Acessar a via sem observar a presença dos outros veículos,Colisão transversal,Com Vítimas Feridas,Pleno dia,Crescente,Céu Claro,Simples,Retorno Regulamentado,Sim,3,0,1,0,1,1,1,3,"-22,536327","-44,7714",SPRF-SP,DEL08-SP,UOP02-DEL08-SP
410932,2022-01-24,segunda-feira,16:02:00,TO,153,161,ARAGUAINA,Reação tardia ou ineficiente do condutor,Colisão traseira,Sem Vítimas,Pleno dia,Decrescente,Nublado,Simples,Em Obras,Não,6,0,0,0,4,3,0,7,"-7,32892789","-48,31009819",SPRF-TO,DEL02-TO,UOP01-DEL02-TO
410941,2022-01-24,segunda-feira,17:30:00,PR,277,102,CAMPO LARGO,Velocidade Incompatível,Saída de leito carroçável,Com Vítimas Feridas,Pleno dia,Crescente,Céu Claro,Dupla,Reta,Sim,2,0,1,0,0,2,1,3,"-25,42705174","-49,38719273",SPRF-PR,DEL01-PR,UOP01-DEL01-PR
410943,2022-01-24,segunda-feira,12:40:00,AL,104,"21,3",SAO JOSE DA LAJE,Demais falhas mecânicas ou elétricas,Colisão traseira,Sem Vítimas,Pleno dia,Crescente,Céu Claro,Simples,Curva,Não,3,0,0,0,3,0,0,3,"-9,06616137","-36,03725079",SPRF-AL,DEL01-AL,UOP02-DEL01-AL
410945,2022-01-24,segunda-feira,10:30:00,MG,381,"602,5",OLIVEIRA,Velocidade Incompatível,Tombamento,Com Vítimas Feridas,Pleno dia,Decrescente,Nublado,Dupla,Curva,Não,2,0,1,0,0,1,1,2,"-20,64093399","-44,73754786",SPRF-MG,DEL04-MG,UOP01-DEL04-MG
410947,2022-01-24,segunda-feira,18:06:00,PR,373,"186,6",PONTA GROSSA,Acessar a via sem observar a presença dos outros veículos,Colisão transversal,Com Vítimas Fatais,Pleno dia,Decrescente,Céu Claro,Simples,Reta,Não,2,1,0,0,1,0,0,2,"-25,05281432","-50,30130584",SPRF-PR,DEL03-PR,UOP01-DEL03-PR
410950,2022-01-24,segunda-feira,18:40:00,MG,381,"406,2",BOM JESUS DO AMPARO,Ausência de reação do condutor,Saída de leito carroçável,Com Vítimas Feridas,Plena Noite,Decrescente,Ignorado,Dupla,Curva;Declive,Não,1,0,1,0,0,0,1,1,"-19,75444","-43,530156",SPRF-MG,DEL01-MG,UOP01-DEL01-MG
410953,2022-01-24,segunda-feira,21:40:00,PE,101,"70,5",RECIFE,Trafegar com motocicleta (ou similar) entre as faixas,Colisão traseira,Com Vítimas Fatais,Plena Noite,Crescente,Céu Claro,Dupla,Reta,Sim,2,1,0,0,1,0,0,2,"-8,06776119","-34,94265074",SPRF-PE,DEL01-PE,UOP01-DEL01-PE
410959,2022-01-24,segunda-feira,22:30:00,MG,381,"921,3",CAMANDUCAIA,Curva acentuada,Capotamento,Com Vítimas Feridas,Plena Noite,Crescente,Céu Claro,Dupla,Curva,Não,1,0,0,1,0,0,1,1,"-22,7680939","-46,20854399",SPRF-MG,DEL16-MG,UOP03-DEL16-MG
410965,2022-01-24,segunda-feira,23:55:00,GO,364,249,JATAI,Condutor Dormindo,Colisão lateral sentido oposto,Com Vítimas Feridas,Plena Noite,Crescente,Céu Claro,Simples,Reta,Não,3,0,1,1,1,0,2,2,"-17,729357","-52,144375",SPRF-GO,DEL05-GO,UOP01-DEL05-GO
410967,2022-01-24,segunda-feira,23:30:00,SC,101,389,CRICIUMA,Acessar a via sem observar a presença dos outros veículos,Atropelamento de Pedestre,Com Vítimas Feridas,Plena Noite,Crescente,Céu Claro,Dupla,Reta,Sim,2,0,0,1,0,1,1,2,"-28,79023471","-49,34585818",SPRF-SC,DEL02-SC,UOP02-DEL02-SC
410968,2022-01-24,segunda-feira,19:45:00,AC,364,109,RIO BRANCO,Reação tardia ou ineficiente do condutor,Colisão frontal,Com Vítimas Feridas,Plena Noite,Decrescente,Chuva,Simples,Declive,Não,8,0,4,1,3,0,5,2,"-10,01555274","-67,65732765",SPRF-AC,DEL01-AC,UOP01-DEL01-AC
410970,2022-01-25,terça-feira,01:15:00,RS,101,"49,2",TERRA DE AREIA,Condutor Dormindo,Saída de leito carroçável,Com Vítimas Feridas,Plena Noite,Crescente,Céu Claro,Dupla,Reta,Não,1,0,1,0,0,0,1,1,"-29,59966133","-50,08022057",SPRF-RS,DEL03-RS,UOP02-DEL03-RS
410973,2022-01-25,terça-feira,01:53:00,PR,376,343,ORTIGUEIRA,Condutor Dormindo,Colisão traseira,Com Vítimas Feridas,Plena Noite,Decrescente,Céu Claro,Simples,Reta,Não,3,0,1,0,1,1,1,3,"-24,19556913","-50,95456314",SPRF-PR,DEL07-PR,UOP02-DEL07-PR
410974,2022-01-25,terça-feira,01:30:00,SC,282,"339,7",CAMPOS NOVOS,Ingestão de álcool pelo condutor,Colisão frontal,Sem Vítimas,Plena Noite,Crescente,Céu Claro,Simples,Reta;Aclive,Sim,3,0,0,0,2,2,0,4,"-27,392731","-51,195118",SPRF-SC,DEL07-SC,UOP06-DEL07-SC
410975,2022-01-25,terça-feira,02:30:00,PR,476,"245,5",LAPA,Carga excessiva e/ou mal acondicionada,Tombamento,Com Vítimas Feridas,Plena Noite,Decrescente,Céu Claro,Simples,Curva;Declive,Não,2,0,1,0,0,1,1,2,"-25,862598","-50,114258",SPRF-PR,DEL02-PR,UOP04-DEL02-PR
410978,2022-01-25,terça-feira,04:45:00,PB,230,41,SANTA RITA,Transitar na contramão,Colisão frontal,Com Vítimas Feridas,Amanhecer,Decrescente,Céu Claro,Dupla,Reta,Sim,2,0,0,1,1,0,1,2,"-7,1432","-34,9869",SPRF-PB,DEL01-PB,UOP03-DEL01-PB
410979,2022-01-25,terça-feira,00:40:00,MG,381,527,BRUMADINHO,Condutor Dormindo,Colisão com objeto,Com Vítimas Feridas,Plena Noite,Decrescente,Ignorado,Dupla,Reta,Não,1,0,1,0,0,0,1,1,"-20,16283256","-44,35072739",SPRF-MG,DEL04-MG,UOP03-DEL04-MG
410982,2022-01-25,terça-feira,07:05:00,ES,262,21,VIANA,Acessar a via sem observar a presença dos outros veículos,Colisão lateral sentido oposto,Com Vítimas Feridas,Pleno dia,Crescente,Nublado,Simples,Reta,Não,2,0,0,1,1,0,1,2,"-20,38054389","-40,50497908",SPRF-ES,DEL01-ES,UOP01-DEL01-ES
410985,2022-01-25,terça-feira,05:40:00,MG,262,"767,8",UBERABA,Pista esburacada,Tombamento,Com Vítimas Feridas,Amanhecer,Decrescente,Chuva,Dupla,Reta,Não,2,0,1,0,0,1,1,2,"-19,670859","-47,620965",SPRF-MG,DEL13-MG,UOP01-DEL13-MG
410990,2022-01-25,terça-feira,05:00:00,MG,251,359,PADRE CARVALHO,Ausência de reação do condutor,Saída de leito carroçável,Com Vítimas Fatais,Amanhecer,Crescente,Céu Claro,Simples,Reta;Declive,Não,3,1,0,1,0,1,1,2,"-16,27083436","-42,60207918",SPRF-MG,DEL12-MG,UOP01-DEL12-MG
410997,2022-01-25,terça-feira,08:25:00,MG,365,288,JOAO PINHEIRO,Transitar na contramão,Colisão frontal,Com Vítimas Feridas,Pleno dia,Decrescente,Céu Claro,Simples,Reta,Não,3,0,1,0,1,2,1,4,"-18,065096","-45,661282",SPRF-MG,DEL10-MG,UOP01-DEL10-MG
410998,2022-01-25,terça-feira,05:10:00,MG,262,"556,4",CORREGO DANTA,Condutor Dormindo,Saída de leito carroçável,Com Vítimas Feridas,Amanhecer,Crescente,Garoa/Chuvisco,Simples,Aclive;Reta,Não,1,0,1,0,0,0,1,1,"-19,70905194","-45,92280603",SPRF-MG,DEL08-MG,UOP02-DEL08-MG
411013,2022-01-25,terça-feira,09:35:00,RJ,356,109,CARDOSO MOREIRA,Curva acentuada,Tombamento,Com Vítimas Feridas,Pleno dia,Crescente,Céu Claro,Simples,Curva,Não,2,0,1,0,0,1,1,2,"-21,55575357","-41,46193104",SPRF-RJ,DEL08-RJ,UOP03-DEL08-RJ
411024,2022-01-25,terça-feira,11:50:00,MG,251,474,FRANCISCO SA,Reação tardia ou ineficiente do condutor,Colisão traseira,Com Vítimas Feridas,Pleno dia,Crescente,Céu Claro,Simples,Reta,Não,3,0,1,0,1,3,1,5,"-16,47130466","-43,45673904",SPRF-MG,DEL12-MG,UOP01-DEL12-MG
411027,2022-01-25,terça-feira,12:07:00,PR,376,"189,5",MARIALVA,Desrespeitar a preferência no cruzamento,Colisão transversal,Com Vítimas Feridas,Pleno dia,Crescente,Céu Claro,Dupla,Reta;Retorno Regulamentado,Não,3,0,1,0,1,2,1,4,"-23,471231","-51,819515",SPRF-PR,DEL09-PR,UOP01-DEL09-PR
411036,2022-01-24,segunda-feira,16:57:00,BA,20,145,SAO DESIDERIO,Reação tardia ou ineficiente do condutor,Colisão com objeto,Com Vítimas Feridas,Pleno dia,Decrescente,Chuva,Simples,Declive,Não,2,0,1,0,0,1,1,2,"-12,678427","-45,930607",SPRF-BA,DEL10-BA,UOP01-DEL10-BA
411037,2022-01-25,terça-feira,09:50:00,MG,267,"43,4",MARIPA DE MINAS,Estacionar ou parar em local proibido,Saída de leito carroçável,Com Vítimas Feridas,Pleno dia,Decrescente,Céu Claro,Simples,Reta,Não,4,0,1,1,1,1,2,3,"-21,68263384","-42,95036316",SPRF-MG,DEL07-MG,UOP01-DEL07-MG
411040,2022-01-25,terça-feira,13:30:00,SP,116,214,GUARULHOS,Reação tardia ou ineficiente do condutor,Colisão traseira,Com Vítimas Feridas,Pleno dia,Crescente,Sol,Múltipla,Reta,Sim,4,0,1,0,1,2,1,3,"-23,44333014","-46,44531294",SPRF-SP,DEL01-SP,UOP01-DEL01-SP
411044,2022-01-25,terça-feira,11:20:00,SC,101,"444,5",SANTA ROSA DO SUL,Ausência de reação do condutor,Colisão traseira,Com Vítimas Feridas,Pleno dia,Crescente,Céu Claro,Simples,Interseção de Vias,Sim,2,0,1,0,1,0,1,2,"-29,13479517","-49,70645294",SPRF-SC,DEL02-SC,UOP02-DEL02-SC
411045,2022-01-25,terça-feira,12:35:00,PR,163,"178,9",LINDOESTE,Transitar na contramão,Colisão frontal,Sem Vítimas,Pleno dia,Crescente,Sol,Dupla,Declive,Não,3,0,0,0,2,2,0,4,"-25,19299599","-53,60212908",SPRF-PR,DEL05-PR,UOP05-DEL05-PR
411049,2022-01-25,terça-feira,13:35:00,MG,381,"525,2",BRUMADINHO,Problema com o freio,Colisão traseira,Com Vítimas Feridas,Pleno dia,Crescente,Céu Claro,Dupla,Reta,Não,6,0,2,0,3,1,2,6,"-20,16710798","-44,33422398",SPRF-MG,DEL04-MG,UOP03-DEL04-MG
411054,2022-01-06,quinta-feira,06:30:00,PR,116,23,CAMPINA GRANDE DO SUL,Ausência de reação do condutor,Colisão traseira,Com Vítimas Feridas,Amanhecer,Crescente,Garoa/Chuvisco,Múltipla,Aclive,Não,5,0,0,2,2,2,2,4,"-25,1104764","-48,75592011",SPRF-PR,DEL01-PR,UOP02-DEL01-PR
411061,2022-01-25,terça-feira,12:50:00,RJ,116,58,TERESOPOLIS,Ausência de reação do condutor,Colisão frontal,Com Vítimas Fatais,Pleno dia,Crescente,Céu Claro,Simples,Curva,Não,3,1,0,0,1,1,0,3,"-22,22055004","-42,90348535",SPRF-RJ,DEL04-RJ,UOP01-DEL04-RJ
411062,2022-01-18,terça-feira,09:50:00,AL,101,"95,6",RIO LARGO,Ultrapassagem Indevida,Tombamento,Sem Vítimas,Pleno dia,Crescente,Céu Claro,Simples,Curva;Declive,Não,3,0,0,0,1,2,0,3,"-9,46388891","-35,8796086",SPRF-AL,DEL01-AL,UOP01-DEL01-AL
411065,2022-01-25,terça-feira,12:40:00,RJ,116,"40,9",TERESOPOLIS,Acessar a via sem observar a presença dos outros veículos,Colisão traseira,Com Vítimas Feridas,Pleno dia,Crescente,Nublado,Simples,Reta,Sim,2,0,0,1,1,0,1,2,"-22,133427","-42,779522",SPRF-RJ,DEL04-RJ,UOP01-DEL04-RJ
411066,2022-01-25,terça-feira,15:30:00,RS,285,"88,4",BOM JESUS,Velocidade Incompatível,Saída de leito carroçável,Com Vítimas Feridas,Pleno dia,Crescente,Céu Claro,Simples,Curva,Não,1,0,1,0,0,0,1,1,"-28,627665","-50,675541",SPRF-RS,DEL05-RS,UOP03-DEL05-RS
411067,2022-01-25,terça-feira,09:15:00,RR,174,212,RORAINOPOLIS,Mal súbito do condutor,Colisão transversal,Com Vítimas Feridas,Pleno dia,Decrescente,Céu Claro,Simples,Interseção de Vias,Sim,4,0,0,2,1,1,2,3,"0,944533","-60,423653",SPRF-RR,DEL01-RR,UOP01-DEL01-RR
411069,2022-01-25,terça-feira,14:50:00,RJ,393,138,SAPUCAIA,Condutor deixou de manter distância do veículo da frente,Colisão traseira,Sem Vítimas,Pleno dia,Crescente,Céu Claro,Simples,Reta,Não,7,0,0,0,7,0,0,3,"-22,0026619353","-42,9309320412",SPRF-RJ,DEL05-RJ,UOP01-DEL05-RJ
411085,2022-01-25,terça-feira,18:20:00,PR,476,"146,2",CURITIBA,Pedestre cruzava a pista fora da faixa,Atropelamento de Pedestre,Com Vítimas Feridas,Anoitecer,Crescente,Céu Claro,Dupla,Reta,Sim,2,0,0,1,1,0,1,2,"-25,551186","-49,330109",SPRF-PR,DEL01-PR,UOP03-DEL01-PR
411088,2022-01-25,terça-feira,19:10:00,ES,101,"241,5",SERRA,Acessar a via sem observar a presença dos outros veículos,Colisão transversal,Com Vítimas Feridas,Plena Noite,Crescente,Nublado,Simples,Retorno Regulamentado,Não,2,0,1,0,1,0,1,2,"-20,02389596","-40,39998096",SPRF-ES,DEL02-ES,UOP01-DEL02-ES
411093,2022-01-25,terça-feira,13:15:00,SC,101,148,ITAPEMA,Condutor deixou de manter distância do veículo da frente,Colisão traseira,Com Vítimas Feridas,Pleno dia,Decrescente,Céu Claro,Dupla,Reta,Não,2,0,0,1,1,0,1,2,"-27,10123686","-48,61807962",SPRF-SC,DEL04-SC,UOP03-DEL04-SC
411095,2022-01-25,terça-feira,14:07:00,RO,364,60,VILHENA,Reação tardia ou ineficiente do condutor,Saída de leito carroçável,Sem Vítimas,Pleno dia,Crescente,Céu Claro,Simples,Reta,Não,3,0,0,0,2,4,0,6,"-12,51426506","-60,43548101",SPRF-RO,DEL04-RO,UOP01-DEL04-RO
411101,2022-01-25,terça-feira,20:00:00,MG,459,"88,4",CONGONHAL,Acessar a via sem observar a presença dos outros veículos,Colisão lateral mesmo sentido,Com Vítimas Feridas,Plena Noite,Crescente,Céu Claro,Simples,Reta,Não,3,0,0,1,1,1,1,3,"-22,160957","-46,005375",SPRF-MG,DEL09-MG,UOP01-DEL09-MG
411103,2022-01-25,terça-feira,19:10:00,RR,174,447,MUCAJAI,Ingestão de álcool pelo condutor,Colisão transversal,Sem Vítimas,Anoitecer,Crescente,Céu Claro,Simples,Interseção de Vias;Reta,Sim,3,0,0,0,2,1,0,3,"2,431197","-60,92004",SPRF-RR,DEL01-RR,UOP01-DEL01-RR
411104,2022-01-18,terça-feira,03:40:00,MG,116,"89,6",MEDINA,Reação tardia ou ineficiente do condutor,Colisão com objeto,Com Vítimas Feridas,Plena Noite,Crescente,Céu Claro,Simples,Curva,Não,2,0,0,1,0,1,1,2,"-16,342478","-41,476151",SPRF-MG,DEL11-MG,UOP02-DEL11-MG
411108,2022-01-25,terça-feira,16:15:00,GO,153,"332,8",JARAGUA,Reação tardia ou ineficiente do condutor,Colisão lateral sentido oposto,Com Vítimas Feridas,Pleno dia,Decrescente,Sol,Simples,Reta,Não,3,0,1,0,1,1,1,3,"-15,535299","-49,445675",SPRF-GO,DEL02-GO,UOP02-DEL02-GO
411112,2022-01-25,terça-feira,21:25:00,GO,60,"468,7",JATAI,Reação tardia ou ineficiente do condutor,Tombamento,Com Vítimas Feridas,Plena Noite,Decrescente,Nublado,Dupla,Curva,Não,2,0,1,0,0,1,1,2,"-17,9044","-51,6779",SPRF-GO,DEL05-GO,UOP01-DEL05-GO
411115,2022-01-25,terça-feira,21:20:00,SC,282,"53,3",AGUAS MORNAS,Deficiência do Sistema de Iluminação/Sinalização,Saída de leito carroçável,Com Vítimas Feridas,Plena Noite,Decrescente,Chuva,Simples,Reta,Não,2,0,1,0,0,1,1,2,"-27,691511","-48,970215",SPRF-SC,DEL01-SC,UOP03-DEL01-SC
411116,2022-01-25,terça-feira,22:30:00,ES,101,293,CARIACICA,Manobra de mudança de faixa,Saída de leito carroçável,Com Vítimas Feridas,Plena Noite,Decrescente,Céu Claro,Dupla,Reta,Sim,2,0,1,0,0,1,1,2,"-20,31526144","-40,39567044",SPRF-ES,DEL01-ES,UOP01-DEL01-ES
411117,2022-01-25,terça-feira,12:30:00,RS,290,"244,2",CACHOEIRA DO SUL,Ultrapassagem Indevida,Tombamento,Com Vítimas Feridas,Pleno dia,Decrescente,Céu Claro,Simples,Reta,Não,2,0,1,0,0,2,1,3,"-30,22439","-52,663948",SPRF-RS,DEL02-RS,UOP03-DEL02-RS
411120,2022-01-25,terça-feira,21:15:00,SP,116,"63,5",GUARATINGUETA,Demais falhas mecânicas ou elétricas,Eventos atípicos,Sem Vítimas,Plena Noite,Crescente,Céu Claro,Dupla,Reta,Sim,2,0,0,0,1,1,0,2,"-22,81269631","-45,1780086",SPRF-SP,DEL08-SP,UOP01-DEL08-SP
411122,2022-01-25,terça-feira,13:25:00,SC,470,72,INDAIAL,Velocidade Incompatível,Tombamento,Com Vítimas Feridas,Pleno dia,Crescente,Céu Claro,Simples,Rotatória,Não,2,0,1,0,0,1,1,2,"-26,901979","-49,268745",SPRF-SC,DEL04-SC,UOP01-DEL04-SC