id,data_inversa,dia_semana,horario,uf,br,km,municipio,causa_acidente,tipo_acidente,classificacao_acidente,fase_dia,sentido_via,condicao_metereologica,tipo_pista,tracado_via,uso_solo,pessoas,mortos,feridos_leves,feridos_graves,ilesos,ignorados,feridos,veiculos,latitude,longitude,regional,delegacia,uop
411129,2022-01-25,terça-feira,14:10:00,SC,101,"125,6",ITAJAI,Ultrapassagem Indevida,Colisão transversal,Com Vítimas Feridas,Pleno dia,Crescente,Céu Claro,Múltipla,Viaduto,Sim,2,0,0,1,1,0,1,2,"-26,94802427","-48,68338515",SPRF-SC,DEL04-SC,UOP04-DEL04-SC
411130,2022-01-25,terça-feira,15:50:00,TO,153,"726,2",FIGUEIROPOLIS,Pista esburacada,Tombamento,Com Vítimas Feridas,Pleno dia,Decrescente,Céu Claro,Simples,Reta,Não,2,0,1,0,0,2,1,3,"-12,1719321","-49,1583673",SPRF-TO,DEL01-TO,UOP02-DEL01-TO
411132,2022-01-25,terça-feira,23:00:00,RS,287,350,JAGUARI,Desrespeitar a preferência no cruzamento,Colisão transversal,Sem Vítimas,Plena Noite,Decrescente,Céu Claro,Simples,Reta;Interseção de Vias,Não,2,0,0,0,1,1,0,2,"-29,50866899","-54,67679858",SPRF-RS,DEL12-RS,UOP02-DEL12-RS
411136,2022-01-26,quarta-feira,03:50:00,PR,116,42,CAMPINA GRANDE DO SUL,Velocidade Incompatível,Tombamento,Sem Vítimas,Plena Noite,Crescente,Nublado,Dupla,Curva,Não,1,0,0,0,1,0,0,1,"-25,17611697","-48,874256",SPRF-PR,DEL01-PR,UOP02-DEL01-PR
411139,2022-01-26,quarta-feira,04:05:00,PB,101,"120,8",CAAPORA,Reação tardia ou ineficiente do condutor,Colisão traseira,Com Vítimas Fatais,Plena Noite,Decrescente,Céu Claro,Dupla,Declive,Não,3,1,1,0,0,1,1,2,"-7,43522578","-34,9727831",SPRF-PB,DEL01-PB,UOP02-DEL01-PB
411141,2022-01-26,quarta-feira,01:40:00,RN,304,90,ACU,Condutor deixou de manter distância do veículo da frente,Colisão traseira,Com Vítimas Feridas,Plena Noite,Decrescente,Céu Claro,Simples,Aclive,Não,2,0,1,0,0,1,1,2,"-5,52957895","-37,10084897",SPRF-RN,DEL04-RN,UOP01-DEL04-RN
411143,2022-01-26,quarta-feira,05:10:00,PR,476,"306,7",SAO MATEUS DO SUL,Transitar na contramão,Colisão frontal,Com Vítimas Fatais,Amanhecer,Crescente,Céu Claro,Simples,Aclive;Reta,Não,3,1,0,0,1,2,0,4,"-26,011873","-50,614719",SPRF-PR,DEL02-PR,UOP04-DEL02-PR
411144,2022-01-25,terça-feira,16:00:00,BA,242,659,MUQUEM DE SAO FRANCISCO,Demais Fenômenos da natureza,Colisão com objeto,Com Vítimas Feridas,Pleno dia,Decrescente,Céu Claro,Simples,Curva,Não,2,0,1,0,0,1,1,2,"-12,23030613","-43,83716583",SPRF-BA,DEL10-BA,UOP02-DEL10-BA
411150,2022-01-25,terça-feira,17:00:00,BA,101,871,TEIXEIRA DE FREITAS,Pista Escorregadia,Saída de leito carroçável,Com Vítimas Feridas,Pleno dia,Crescente,Chuva,Simples,Reta,Não,1,0,1,0,0,0,1,1,"-17,488562","-39,706239",SPRF-BA,DEL09-BA,UOP02-DEL09-BA
411153,2022-01-26,quarta-feira,07:30:00,RS,116,"224,3",DOIS IRMAOS,Reação tardia ou ineficiente do condutor,Colisão lateral mesmo sentido,Com Vítimas Feridas,Pleno dia,Crescente,Céu Claro,Simples,Rotatória,Sim,3,0,1,0,1,1,1,3,"-29,58947734","-51,10748649",SPRF-RS,DEL01-RS,UOP02-DEL01-RS
411157,2022-01-26,quarta-feira,08:40:00,RJ,101,328,RIO DE JANEIRO,Demais falhas mecânicas ou elétricas,Colisão traseira,Sem Vítimas,Pleno dia,Decrescente,Céu Claro,Múltipla,Aclive,Não,2,0,0,0,2,0,0,2,"-22,87028692","-43,16579699",SPRF-RJ,DEL02-RJ,UOP02-DEL02-RJ
411158,2022-01-26,quarta-feira,08:50:00,CE,222,"128,8",ITAPAJE,Velocidade Incompatível,Colisão frontal,Com Vítimas Fatais,Pleno dia,Crescente,Garoa/Chuvisco,Simples,Curva,Não,4,2,0,0,1,2,0,4,"-3,70675641","-39,62244987",SPRF-CE,DEL04-CE,UOP03-DEL04-CE
411160,2022-01-26,quarta-feira,08:55:00,MG,50,"70,5",UBERLANDIA,Velocidade Incompatível,Engavetamento,Com Vítimas Feridas,Pleno dia,Decrescente,Céu Claro,Dupla,Reta,Sim,4,0,1,0,3,0,1,3,"-18,85140204","-48,25345932",SPRF-MG,DEL15-MG,UOP01-DEL15-MG
411172,2022-01-26,quarta-feira,09:00:00,RJ,101,566,PARATY,Reação tardia ou ineficiente do condutor,Colisão lateral sentido oposto,Com Vítimas Feridas,Pleno dia,Crescente,Céu Claro,Simples,Curva,Sim,4,0,1,0,3,0,1,2,"-23,15459804","-44,704976",SPRF-RJ,DEL03-RJ,UOP04-DEL03-RJ
411177,2022-01-26,quarta-feira,08:10:00,GO,158,"185,4",CAIAPONIA,Demais falhas mecânicas ou elétricas,Incêndio,Sem Vítimas,Pleno dia,Crescente,Céu Claro,Simples,Reta,Não,2,0,0,0,1,2,0,3,"-17,18509903","-51,89085084",SPRF-GO,DEL05-GO,UOP01-DEL05-GO
411180,2022-01-26,quarta-feira,09:45:00,BA,242,733,CRISTOPOLIS,Pista Escorregadia,Saída de leito carroçável,Com Vítimas Feridas,Pleno dia,Decrescente,Chuva,Simples,Reta,Não,4,0,1,0,3,0,1,1,"-12,196018","-44,489789",SPRF-BA,DEL10-BA,UOP01-DEL10-BA
411185,2022-01-26,quarta-feira,11:17:00,MG,381,939,EXTREMA,Condutor Dormindo,Saída de leito carroçável,Com Vítimas Feridas,Pleno dia,Crescente,Céu Claro,Dupla,Curva,Não,5,0,1,2,1,1,3,3,"-22,823071","-46,305333",SPRF-MG,DEL16-MG,UOP03-DEL16-MG
411187,2022-01-26,quarta-feira,10:30:00,GO,364,159,JATAI,Velocidade Incompatível,Colisão traseira,Com Vítimas Feridas,Pleno dia,Decrescente,Sol,Simples,Declive;Reta,Não,4,0,3,0,1,0,3,2,"-18,104782","-51,486927",SPRF-GO,DEL05-GO,UOP01-DEL05-GO
411208,2022-01-14,sexta-feira,18:10:00,CE,20,422,MARACANAU,Acessar a via sem observar a presença dos outros veículos,Colisão traseira,Com Vítimas Feridas,Plena Noite,Decrescente,Céu Claro,Dupla,Reta,Não,3,0,0,1,1,1,1,3,"-3,76999035","-38,67006282",SPRF-CE,DEL01-CE,UOP02-DEL01-CE
411210,2022-01-26,quarta-feira,12:50:00,MS,262,"462,9",DOIS IRMAOS DO BURITI,Ausência de reação do condutor,Saída de leito carroçável,Com Vítimas Feridas,Pleno dia,Crescente,Céu Claro,Simples,Reta,Não,2,0,1,0,0,1,1,2,"-20,54141423","-55,5557902",SPRF-MS,DEL03-MS,UOP01-DEL03-MS
411212,2022-01-26,quarta-feira,15:00:00,PE,101,47,ABREU E LIMA,Condutor deixou de manter distância do veículo da frente,Colisão traseira,Com Vítimas Feridas,Anoitecer,Decrescente,Sol,Múltipla,Reta,Sim,2,0,1,0,1,0,1,2,"-7,88290701","-34,90461208",SPRF-PE,DEL01-PE,UOP02-DEL01-PE
411213,2022-01-26,quarta-feira,09:25:00,MG,381,"584,9",CARMOPOLIS DE MINAS,Avarias e/ou desgaste excessivo no pneu,Tombamento,Com Vítimas Feridas,Pleno dia,Decrescente,Sol,Dupla,Reta,Sim,1,0,1,0,0,0,1,1,"-20,52949002","-44,63874994",SPRF-MG,DEL04-MG,UOP01-DEL04-MG
411218,2022-01-26,quarta-feira,14:30:00,MT,364,"299,3",JACIARA,Chuva,Colisão com objeto,Com Vítimas Feridas,Pleno dia,Decrescente,Chuva,Dupla,Reta,Não,3,0,1,0,1,1,1,3,"-15,84691555","-55,14590671",SPRF-MT,DEL05-MT,UOP02-DEL05-MT
411225,2022-01-26,quarta-feira,15:20:00,SC,101,"270,6",IMBITUBA,Ingestão de álcool pelo condutor,Colisão lateral mesmo sentido,Sem Vítimas,Pleno dia,Decrescente,Céu Claro,Dupla,Reta,Não,3,0,0,0,2,1,0,3,"-28,1015411","-48,70410641",SPRF-SC,DEL02-SC,UOP03-DEL02-SC
411226,2022-01-26,quarta-feira,16:10:00,PE,232,"506,7",VERDEJANTE,Condutor deixou de manter distância do veículo da frente,Colisão traseira,Com Vítimas Feridas,Pleno dia,Crescente,Nublado,Simples,Reta,Não,4,0,0,1,2,4,1,7,"-8,05986546","-39,10271397",SPRF-PE,DEL05-PE,UOP01-DEL05-PE
411231,2022-01-26,quarta-feira,12:50:00,PR,376,488,PONTA GROSSA,Problema com o freio,Saída de leito carroçável,Sem Vítimas,Pleno dia,Crescente,Sol,Dupla,Declive;Reta,Sim,1,0,0,0,1,0,0,1,"-25,08526367","-50,19180715",SPRF-PR,DEL03-PR,UOP01-DEL03-PR
411232,2022-01-26,quarta-feira,17:40:00,SC,101,"120,5",ITAJAI,Trafegar com motocicleta (ou similar) entre as faixas,Colisão lateral mesmo sentido,Com Vítimas Feridas,Pleno dia,Decrescente,Céu Claro,Múltipla,Reta,Sim,3,0,1,1,0,1,2,2,"-26,912758","-48,711998",SPRF-SC,DEL04-SC,UOP04-DEL04-SC
411233,2022-01-26,quarta-feira,15:00:00,BA,242,557,OLIVEIRA DOS BREJINHOS,Chuva,Saída de leito carroçável,Com Vítimas Feridas,Pleno dia,Crescente,Chuva,Simples,Reta,Não,1,0,1,0,0,0,1,1,"-12,12216878","-42,8965168",SPRF-BA,DEL10-BA,UOP02-DEL10-BA
411234,2022-01-17,segunda-feira,15:00:00,PE,110,240,JATOBA,Velocidade Incompatível,Tombamento,Com Vítimas Feridas,Pleno dia,Decrescente,Céu Claro,Simples,Curva;Declive,Não,2,0,1,0,0,3,1,4,"-9,14173089","-38,2900095",SPRF-BA,DEL07-BA,UOP01-DEL07-BA
411235,2022-01-26,quarta-feira,08:40:00,PI,135,545,SAO GONCALO DO GURGUEIA,Reação tardia ou ineficiente do condutor,Tombamento,Com Vítimas Feridas,Pleno dia,Decrescente,Sol,Simples,Curva;Declive,Não,3,0,1,0,1,3,1,4,"-10,07190429","-45,27162443",SPRF-PI,DEL03-PI,UOP02-DEL03-PI
411237,2022-01-26,quarta-feira,16:50:00,SC,101,"101,5",BALNEARIO PICARRAS,Ausência de reação do condutor,Colisão traseira,Sem Vítimas,Pleno dia,Decrescente,Céu Claro,Dupla,Aclive,Não,3,0,0,0,2,1,0,3,"-26,76404198","-48,68657667",SPRF-SC,DEL03-SC,UOP02-DEL03-SC
411241,2022-01-26,quarta-feira,15:00:00,MT,158,"548,9",AGUA BOA,Ultrapassagem Indevida,Colisão lateral sentido oposto,Com Vítimas Feridas,Pleno dia,Crescente,Chuva,Simples,Curva,Não,2,0,0,1,1,0,1,2,"-13,90174917","-52,0735887",SPRF-MT,DEL07-MT,UOP02-DEL07-MT
411243,2022-01-26,quarta-feira,18:00:00,BA,101,24,ESPLANADA,Frear bruscamente,Tombamento,Com Vítimas Feridas,Plena Noite,Crescente,Ignorado,Dupla,Em Obras,Não,2,0,1,0,1,0,1,1,"-11,73553002","-37,93456395",SPRF-SE,DEL02-SE,UOP03-DEL02-SE
411255,2022-01-15,sábado,05:30:00,RJ,40,114,DUQUE DE CAXIAS,Reação tardia ou ineficiente do condutor,Colisão traseira,Com Vítimas Feridas,Amanhecer,Crescente,Céu Claro,Múltipla,Reta,Não,4,0,2,0,1,1,2,3,"-22,72191175","-43,28953385",SPRF-RJ,DEL01-RJ,UOP01-DEL01-RJ
411258,2022-01-26,quarta-feira,17:40:00,MG,364,"26,4",FRUTAL,Ausência de reação do condutor,Colisão transversal,Com Vítimas Feridas,Pleno dia,Crescente,Céu Claro,Simples,Rotatória,Não,6,0,1,0,2,3,1,4,"-20,025185","-48,94096",SPRF-MG,DEL13-MG,UOP02-DEL13-MG
411262,2022-01-26,quarta-feira,19:30:00,MG,251,"476,7",FRANCISCO SA,Velocidade Incompatível,Colisão frontal,Com Vítimas Fatais,Plena Noite,Crescente,Céu Claro,Simples,Reta;Aclive,Não,5,1,1,0,2,1,1,4,"-16,47033272","-43,47513494",SPRF-MG,DEL12-MG,UOP01-DEL12-MG
411270,2022-01-22,sábado,14:50:00,MS,267,72,BATAGUASSU,Reação tardia ou ineficiente do condutor,Saída de leito carroçável,Sem Vítimas,Pleno dia,Crescente,Céu Claro,Simples,Reta,Não,2,0,0,0,1,1,0,2,"-21,86335213","-52,78763697",SPRF-MS,DEL02-MS,UOP04-DEL02-MS
411271,2022-01-26,quarta-feira,20:45:00,MG,40,"787,4",JUIZ DE FORA,Reação tardia ou ineficiente do condutor,Colisão lateral mesmo sentido,Com Vítimas Feridas,Plena Noite,Decrescente,Ignorado,Dupla,Curva,Não,2,0,0,1,0,1,1,2,"-21,73607735","-43,44262787",SPRF-MG,DEL05-MG,UOP01-DEL05-MG
411275,2022-01-26,quarta-feira,16:00:00,MG,354,"773,3",ITAMONTE,Reação tardia ou ineficiente do condutor,Colisão traseira,Com Vítimas Feridas,Pleno dia,Decrescente,Céu Claro,Simples,Curva;Declive,Não,5,0,1,0,3,2,1,6,"-22,37576213","-44,761809",SPRF-MG,DEL17-MG,UOP01-DEL17-MG
411276,2022-01-26,quarta-feira,21:05:00,RJ,116,236,PIRAI,Reação tardia ou ineficiente do condutor,Colisão traseira,Com Vítimas Feridas,Plena Noite,Decrescente,Céu Claro,Simples,Reta,Sim,3,0,1,0,1,1,1,3,"-22,665695","-43,864075",SPRF-RJ,DEL07-RJ,UOP01-DEL07-RJ
411279,2022-01-26,quarta-feira,21:00:00,MG,267,"188,9",BOM JARDIM DE MINAS,Objeto estático sobre o leito carroçável,Colisão traseira,Com Vítimas Feridas,Plena Noite,Decrescente,Nublado,Simples,Reta,Não,4,0,0,2,1,1,2,4,"-21,91205285","-44,00375709",SPRF-MG,DEL05-MG,UOP01-DEL05-MG
411283,2022-01-26,quarta-feira,21:30:00,CE,116,"455,5",BARRO,Acessar a via sem observar a presença dos outros veículos,Colisão transversal,Sem Vítimas,Plena Noite,Crescente,Céu Claro,Simples,Curva,Sim,3,0,0,0,2,1,0,3,"-7,18126749","-38,78209879",SPRF-CE,DEL05-CE,UOP03-DEL05-CE
411285,2022-01-26,quarta-feira,22:00:00,SP,116,297,ITAPECERICA DA SERRA,Ausência de reação do condutor,Colisão traseira,Com Vítimas Fatais,Plena Noite,Crescente,Nublado,Dupla,Curva,Não,5,1,0,0,2,2,0,4,"-23,77415231","-46,91389561",SPRF-SP,DEL04-SP,UOP01-DEL04-SP
411288,2022-01-26,quarta-feira,10:30:00,MT,364,133,PEDRA PRETA,Ingestão de álcool pelo condutor,Tombamento,Sem Vítimas,Pleno dia,Crescente,Céu Claro,Simples,Reta;Declive,Não,2,0,0,0,1,3,0,4,"-16,82757525","-54,04924505",SPRF-MT,DEL02-MT,UOP01-DEL02-MT
411295,2022-01-26,quarta-feira,22:00:00,SC,470,"250,5",CURITIBANOS,Reação tardia ou ineficiente do condutor,Colisão frontal,Com Vítimas Fatais,Plena Noite,Decrescente,Nublado,Simples,Aclive;Reta,Não,3,1,0,0,1,1,0,3,"-27,3118745","-50,5915377",SPRF-SC,DEL05-SC,UOP03-DEL05-SC
411299,2022-01-27,quinta-feira,00:30:00,SP,116,198,ARUJA,Condutor Dormindo,Colisão traseira,Com Vítimas Feridas,Plena Noite,Crescente,Chuva,Dupla,Aclive,Não,3,0,1,0,1,1,1,3,"-23,39831433","-46,29844666",SPRF-SP,DEL01-SP,UOP01-DEL01-SP
411300,2022-01-26,quarta-feira,20:20:00,SC,470,"212,6",SAO CRISTOVAO DO SUL,Ultrapassagem Indevida,Colisão frontal,Com Vítimas Fatais,Plena Noite,Decrescente,Nublado,Simples,Reta;Declive,Não,2,1,0,1,0,0,1,2,"-27,306029","-50,248785",SPRF-SC,DEL05-SC,UOP03-DEL05-SC
411303,2022-01-27,quinta-feira,00:15:00,SP,153,15,NOVA GRANADA,Ingestão de álcool pelo condutor,Colisão frontal,Sem Vítimas,Plena Noite,Crescente,Nublado,Simples,Reta;Ponte,Não,2,0,0,0,2,0,0,2,"-20,41875811","-49,26701903",SPRF-SP,DEL09-SP,UOP01-DEL09-SP
411305,2022-01-26,quarta-feira,22:20:00,MG,364,"8,5",FRUTAL,Ausência de reação do condutor,Colisão com objeto,Sem Vítimas,Plena Noite,Decrescente,Céu Claro,Simples,Ponte,Não,2,0,0,0,1,1,0,2,"-20,105038","-48,738485",SPRF-MG,DEL13-MG,UOP02-DEL13-MG
411307,2022-01-27,quinta-feira,00:02:00,SP,116,514,CAJATI,Ausência de reação do condutor,Tombamento,Com Vítimas Feridas,Plena Noite,Decrescente,Céu Claro,Dupla,Curva,Não,1,0,1,0,0,0,1,1,"-24,85874304","-48,21731282",SPRF-SP,DEL05-SP,UOP02-DEL05-SP
411310,2022-01-27,quinta-feira,03:00:00,MG,50,"150,6",UBERABA,Condutor Dormindo,Saída de leito carroçável,Com Vítimas Feridas,Plena Noite,Crescente,Nublado,Dupla,Reta,Não,1,0,1,0,0,0,1,1,"-19,56472304","-48,03358933",SPRF-MG,DEL13-MG,UOP01-DEL13-MG
411311,2022-01-27,quinta-feira,02:30:00,ES,101,"450,1",MIMOSO DO SUL,Velocidade Incompatível,Saída de leito carroçável,Com Vítimas Fatais,Plena Noite,Decrescente,Céu Claro,Simples,Curva,Não,2,1,0,0,0,1,0,2,"-21,14473102","-41,27036927",SPRF-ES,DEL03-ES,UOP02-DEL03-ES
411315,2022-01-27,quinta-feira,04:35:00,GO,153,"355,5",JARAGUA,Condutor Dormindo,Colisão lateral sentido oposto,Com Vítimas Feridas,Plena Noite,Crescente,Céu Claro,Simples,Reta,Não,3,0,2,0,1,0,2,2,"-15,707553","-49,331131",SPRF-GO,DEL02-GO,UOP02-DEL02-GO
411317,2022-01-27,quinta-feira,05:40:00,AL,101,"53,1",FLEXEIRAS,Velocidade Incompatível,Tombamento,Sem Vítimas,Pleno dia,Decrescente,Céu Claro,Dupla,Reta,Não,2,0,0,0,1,3,0,4,"-9,24853718","-35,76615286",SPRF-AL,DEL01-AL,UOP02-DEL01-AL
411318,2022-01-27,quinta-feira,05:00:00,MT,163,674,LUCAS DO RIO VERDE,Ultrapassagem Indevida,Colisão frontal,Com Vítimas Feridas,Amanhecer,Decrescente,Nublado,Simples,Reta,Não,3,0,0,1,1,5,1,7,"-13,29032613","-56,03348571",SPRF-MT,DEL06-MT,UOP01-DEL06-MT
411320,2022-01-27,quinta-feira,03:15:00,AL,101,158,CAMPO ALEGRE,Animais na Pista,Atropelamento de Animal,Sem Vítimas,Plena Noite,Decrescente,Nublado,Dupla,Reta,Não,1,0,0,0,1,0,0,1,"-9,90443149","-36,21942994",SPRF-AL,DEL02-AL,UOP02-DEL02-AL
411325,2022-01-27,quinta-feira,06:45:00,RS,290,640,URUGUAIANA,Ausência de reação do condutor,Saída de leito carroçável,Com Vítimas Feridas,Pleno dia,Crescente,Céu Claro,Simples,Reta,Não,2,0,1,0,0,1,1,2,"-30,011345","-56,318676",SPRF-RS,DEL13-RS,UOP02-DEL13-RS
411343,2022-01-27,quinta-feira,10:20:00,RS,480,"72,8",ERECHIM,Desrespeitar a preferência no cruzamento,Colisão transversal,Com Vítimas Feridas,Pleno dia,Decrescente,Nublado,Simples,Curva,Não,3,0,1,0,1,1,1,3,"-27,6399839","-52,30602492",SPRF-RS,DEL08-RS,UOP04-DEL08-RS
411351,2022-01-27,quinta-feira,11:15:00,SC,280,26,ARAQUARI,Acessar a via sem observar a presença dos outros veículos,Colisão transversal,Com Vítimas Feridas,Pleno dia,Crescente,Garoa/Chuvisco,Simples,Reta,Sim,3,0,0,1,2,0,1,2,"-26,38972308","-48,73411593",SPRF-SC,DEL03-SC,UOP03-DEL03-SC
411356,2022-01-27,quinta-feira,11:45:00,SC,101,205,SAO JOSE,Manobra de mudança de faixa,Colisão lateral mesmo sentido,Sem Vítimas,Pleno dia,Crescente,Céu Claro,Múltipla,Reta,Sim,3,0,0,0,2,1,0,3,"-27,58313237","-48,61532885",SPRF-SC,DEL01-SC,UOP01-DEL01-SC
411357,2022-01-27,quinta-feira,10:00:00,RO,364,9,VILHENA,Ausência de sinalização,Colisão transversal,Com Vítimas Feridas,Pleno dia,Crescente,Nublado,Simples,Interseção de Vias,Não,4,0,2,0,1,2,2,4,"-12,75881009","-60,1001711",SPRF-RO,DEL04-RO,UOP01-DEL04-RO
411360,2022-01-27,quinta-feira,08:10:00,MT,158,634,NOVA XAVANTINA,Curva acentuada,Colisão lateral sentido oposto,Sem Vítimas,Pleno dia,Crescente,Sol,Simples,Curva,Não,3,0,0,0,2,5,0,7,"-14,53357488","-52,33600203",SPRF-MT,DEL07-MT,UOP02-DEL07-MT
411362,2022-01-27,quinta-feira,11:40:00,RS,468,3,PALMEIRA DAS MISSOES,Desrespeitar a preferência no cruzamento,Colisão transversal,Com Vítimas Feridas,Pleno dia,Decrescente,Nublado,Simples,Interseção de Vias,Não,4,0,1,0,2,1,1,3,"-27,86713824","-53,34300903",SPRF-RS,DEL08-RS,UOP01-DEL08-RS
411375,2022-01-27,quinta-feira,12:05:00,SC,101,"339,6",TUBARAO,Desrespeitar a preferência no cruzamento,Saída de leito carroçável,Com Vítimas Feridas,Pleno dia,Decrescente,Chuva,Simples,Interseção de Vias,Sim,2,0,1,0,0,1,1,2,"-28,49351117","-49,04178985",SPRF-SC,DEL02-SC,UOP01-DEL02-SC
411377,2022-01-27,quinta-feira,10:50:00,BA,116,906,CANDIDO SALES,Reação tardia ou ineficiente do condutor,Colisão lateral mesmo sentido,Com Vítimas Feridas,Pleno dia,Decrescente,Céu Claro,Simples,Declive,Não,3,0,1,0,1,1,1,3,"-15,40449212","-41,20958671",SPRF-BA,DEL08-BA,UOP03-DEL08-BA
411379,2022-01-27,quinta-feira,13:00:00,RO,364,711,PORTO VELHO,Acessar a via sem observar a presença dos outros veículos,Tombamento,Com Vítimas Feridas,Pleno dia,Decrescente,Céu Claro,Múltipla,Reta,Sim,2,0,1,0,1,0,1,2,"-8,77961744","-63,86967301",SPRF-RO,DEL01-RO,UOP01-DEL01-RO
411412,2022-01-27,quinta-feira,06:50:00,MS,158,176,APARECIDA DO TABOADO,Demais falhas na via,Saída de leito carroçável,Com Vítimas Feridas,Pleno dia,Crescente,Sol,Simples,Curva,Não,2,0,1,0,0,1,1,2,"-20,23576038","-51,33193583",SPRF-MS,DEL08-MS,UOP01-DEL08-MS
411417,2022-01-27,quinta-feira,13:55:00,MT,70,234,POXOREO,Ingestão de álcool pelo condutor,Tombamento,Com Vítimas Feridas,Pleno dia,Crescente,Nublado,Simples,Reta,Não,2,0,1,0,0,2,1,3,"-15,63183384","-53,97570697",SPRF-MT,DEL05-MT,UOP01-DEL05-MT
411419,2022-01-27,quinta-feira,09:35:00,RS,470,207,BENTO GONCALVES,Acessar a via sem observar a presença dos outros veículos,Colisão transversal,Com Vítimas Feridas,Pleno dia,Crescente,Chuva,Simples,Reta,Sim,4,0,2,0,2,0,2,2,"-29,10466121","-51,543716",SPRF-RS,DEL06-RS,UOP01-DEL06-RS
411422,2022-01-27,quinta-feira,14:30:00,MS,163,555,BANDEIRANTES,Acumulo de água sobre o pavimento,Colisão frontal,Com Vítimas Feridas,Pleno dia,Crescente,Chuva,Simples,Curva;Declive,Não,3,0,1,1,1,0,2,2,"-19,86479399","-54,36871565",SPRF-MS,DEL01-MS,UOP02-DEL01-MS
411423,2022-01-20,quinta-feira,15:00:00,CE,222,"25,3",CAUCAIA,Transitar na contramão,Colisão lateral sentido oposto,Com Vítimas Fatais,Pleno dia,Decrescente,Nublado,Simples,Em Obras;Reta,Não,2,1,0,0,1,0,0,2,"-3,725224","-38,781226",SPRF-CE,DEL01-CE,UOP01-DEL01-CE
411425,2022-01-27,quinta-feira,16:15:00,PR,116,52,CAMPINA GRANDE DO SUL,Reação tardia ou ineficiente do condutor,Saída de leito carroçável,Sem Vítimas,Anoitecer,Crescente,Chuva,Dupla,Curva;Declive,Não,3,0,0,0,2,2,0,3,"-25,24905809","-48,90839593",SPRF-PR,DEL01-PR,UOP02-DEL01-PR
411426,2022-01-27,quinta-feira,15:20:00,MG,262,379,JUATUBA,Demais falhas mecânicas ou elétricas,Incêndio,Sem Vítimas,Pleno dia,Crescente,Céu Claro,Dupla,Aclive;Curva,Não,2,0,0,0,1,1,0,2,"-19,95241506","-44,37342001",SPRF-MG,DEL01-MG,UOP03-DEL01-MG
411434,2022-01-27,quinta-feira,11:45:00,GO,364,223,JATAI,Acesso irregular,Tombamento,Com Vítimas Feridas,Pleno dia,Decrescente,Céu Claro,Simples,Reta,Não,1,0,1,0,0,0,1,1,"-17,836323","-51,944599",SPRF-GO,DEL05-GO,UOP01-DEL05-GO
411439,2022-01-27,quinta-feira,16:00:00,SC,470,"111,3",IBIRAMA,Transitar na contramão,Colisão frontal,Com Vítimas Feridas,Pleno dia,Decrescente,Chuva,Simples,Curva,Não,6,0,2,0,3,3,2,5,"-27,095388","-49,457878",SPRF-SC,DEL04-SC,UOP02-DEL04-SC
411442,2022-01-27,quinta-feira,16:00:00,CE,116,"92,8",MORADA NOVA,Velocidade Incompatível,Saída de leito carroçável,Sem Vítimas,Pleno dia,Crescente,Nublado,Simples,Curva,Sim,1,0,0,0,1,0,0,1,"-4,48785409","-38,36075064",SPRF-CE,DEL03-CE,UOP02-DEL03-CE
411444,2022-01-27,quinta-feira,13:35:00,PR,476,"353,1",UNIAO DA VITORIA,Frear bruscamente,Colisão com objeto,Sem Vítimas,Pleno dia,Decrescente,Chuva,Simples,Declive,Não,2,0,0,0,1,2,0,3,"-26,198172","-51,002659",SPRF-PR,DEL02-PR,UOP03-DEL02-PR
411446,2022-01-27,quinta-feira,17:50:00,ES,101,"267,5",SERRA,Condutor desrespeitou a iluminação vermelha do semáforo,Atropelamento de Pedestre,Com Vítimas Feridas,Anoitecer,Crescente,Céu Claro,Múltipla,Reta;Interseção de Vias,Sim,4,0,0,1,0,3,1,2,"-20,19930999","-40,26884609",SPRF-ES,DEL02-ES,UOP01-DEL02-ES
411452,2022-01-27,quinta-feira,16:20:00,GO,60,383,RIO VERDE,Reação tardia ou ineficiente do condutor,Tombamento,Com Vítimas Feridas,Pleno dia,Crescente,Garoa/Chuvisco,Dupla,Reta,Sim,2,0,1,0,0,2,1,3,"-17,7845","-50,9002",SPRF-GO,DEL04-GO,UOP01-DEL04-GO
411456,2022-01-27,quinta-feira,18:50:00,BA,116,853,VITORIA DA CONQUISTA,Condutor deixou de manter distância do veículo da frente,Saída de leito carroçável,Com Vítimas Feridas,Plena Noite,Crescente,Nublado,Simples,Reta,Não,1,0,1,0,0,0,1,1,"-15,08267793","-41,00965284",SPRF-BA,DEL08-BA,UOP01-DEL08-BA
411464,2022-01-27,quinta-feira,08:00:00,MG,251,274,SALINAS,Reação tardia ou ineficiente do condutor,Engavetamento,Com Vítimas Feridas,Pleno dia,Decrescente,Ignorado,Simples,Curva,Não,5,0,0,1,2,3,1,5,"-16,0102061","-42,05592376",SPRF-MG,DEL11-MG,UOP02-DEL11-MG
411467,2022-01-27,quinta-feira,17:00:00,MT,163,853,SINOP,Condutor deixou de manter distância do veículo da frente,Colisão traseira,Com Vítimas Feridas,Pleno dia,Decrescente,Nublado,Simples,Reta,Não,2,0,1,0,0,1,1,2,"-11,69930886","-55,45337963",SPRF-MT,DEL06-MT,NPF/DEL06-MT