id,data_inversa,dia_semana,horario,uf,br,km,municipio,causa_acidente,tipo_acidente,classificacao_acidente,fase_dia,sentido_via,condicao_metereologica,tipo_pista,tracado_via,uso_solo,pessoas,mortos,feridos_leves,feridos_graves,ilesos,ignorados,feridos,veiculos,latitude,longitude,regional,delegacia,uop
411480,2022-01-27,quinta-feira,20:30:00,PR,277,366,GUARAPUAVA,Reação tardia ou ineficiente do condutor,Colisão frontal,Com Vítimas Fatais,Plena Noite,Decrescente,Nublado,Simples,Reta,Não,5,1,0,0,2,3,0,6,"-25,422439","-51,666049",SPRF-PR,DEL08-PR,UOP01-DEL08-PR
411505,2022-01-28,sexta-feira,02:45:00,PI,343,"311,8",ALTOS,Ausência de reação do condutor,Saída de leito carroçável,Com Vítimas Feridas,Plena Noite,Crescente,Chuva,Simples,Reta,Não,3,0,2,0,1,0,2,1,"-5,039865","-42,49408",SPRF-PI,DEL01-PI,UOP01-DEL01-PI
411507,2022-01-28,sexta-feira,03:00:00,PR,476,135,CURITIBA,Condutor deixou de manter distância do veículo da frente,Colisão transversal,Com Vítimas Fatais,Plena Noite,Crescente,Nublado,Dupla,Interseção de Vias,Sim,3,1,0,0,1,1,0,3,"-25,483786","-49,265808",SPRF-PR,DEL01-PR,UOP03-DEL01-PR
411509,2022-01-28,sexta-feira,03:00:00,MG,262,"364,5",JUATUBA,Condutor Dormindo,Saída de leito carroçável,Com Vítimas Feridas,Plena Noite,Crescente,Nublado,Dupla,Aclive;Curva,Não,2,0,1,0,0,1,1,2,"-19,98290644","-44,24492623",SPRF-MG,DEL01-MG,UOP03-DEL01-MG
411512,2022-01-28,sexta-feira,03:40:00,ES,259,"39,8",COLATINA,Transitar na contramão,Colisão frontal,Com Vítimas Feridas,Plena Noite,Crescente,Céu Claro,Simples,Reta,Não,2,0,0,1,1,0,1,2,"-19,55773871","-40,52959898",SPRF-ES,DEL02-ES,UOP01-DEL02-ES
411518,2022-01-27,quinta-feira,22:10:00,SC,280,"224,4",TRES BARRAS,Condutor deixou de manter distância do veículo da frente,Colisão traseira,Com Vítimas Feridas,Plena Noite,Decrescente,Chuva,Simples,Reta,Não,2,0,0,1,1,0,1,2,"-26,17513189","-50,30394805",SPRF-SC,DEL06-SC,UOP04-DEL06-SC
411520,2022-01-28,sexta-feira,01:20:00,SC,280,"277,1",IRINEOPOLIS,Transitar na contramão,Colisão frontal,Com Vítimas Fatais,Plena Noite,Decrescente,Chuva,Simples,Reta;Aclive,Não,3,1,0,0,1,2,0,4,"-26,2921589","-50,7930042",SPRF-SC,DEL06-SC,UOP04-DEL06-SC
411526,2022-01-28,sexta-feira,06:30:00,ES,262,"128,3",CONCEICAO DO CASTELO,Condutor Dormindo,Saída de leito carroçável,Sem Vítimas,Pleno dia,Decrescente,Céu Claro,Simples,Reta,Não,2,0,0,0,1,1,0,2,"-20,26097915","-41,27933414",SPRF-ES,DEL01-ES,UOP02-DEL01-ES
411540,2022-01-28,sexta-feira,02:30:00,GO,452,121,BOM JESUS DE GOIAS,Ingestão de álcool pelo condutor,Colisão transversal,Com Vítimas Feridas,Plena Noite,Decrescente,Nublado,Simples,Reta,Não,3,0,1,0,1,4,1,6,"-18,195696","-49,819237",SPRF-GO,DEL03-GO,UOP02-DEL03-GO
411549,2022-01-28,sexta-feira,08:30:00,SP,116,"200,9",ARUJA,Velocidade Incompatível,Tombamento,Sem Vítimas,Pleno dia,Crescente,Nublado,Dupla,Curva,Não,2,0,0,0,1,1,0,2,"-23,40280429","-46,32434607",SPRF-SP,DEL01-SP,UOP01-DEL01-SP
411556,2022-01-28,sexta-feira,07:40:00,RO,435,35,VILHENA,Demais falhas mecânicas ou elétricas,Saída de leito carroçável,Com Vítimas Feridas,Pleno dia,Crescente,Sol,Simples,Curva,Não,1,0,1,0,0,0,1,1,"-12,84736708","-60,37897271",SPRF-RO,DEL04-RO,UOP02-DEL04-RO
411557,2022-01-28,sexta-feira,10:05:00,ES,101,199,JOAO NEIVA,Ausência de reação do condutor,Colisão traseira,Com Vítimas Fatais,Pleno dia,Decrescente,Sol,Simples,Reta,Não,2,1,0,0,1,0,0,2,"-19,7194628","-40,34959416",SPRF-ES,DEL04-ES,UOP01-DEL04-ES
411558,2022-01-28,sexta-feira,09:58:00,CE,304,46,ARACATI,Velocidade Incompatível,Saída de leito carroçável,Sem Vítimas,Pleno dia,Decrescente,Nublado,Dupla,Interseção de Vias,Sim,2,0,0,0,1,1,0,2,"-4,57510003","-37,79823699",SPRF-CE,DEL03-CE,UOP03-DEL03-CE
411559,2022-01-28,sexta-feira,06:00:00,PE,424,68,CAETES,Demais falhas mecânicas ou elétricas,Saída de leito carroçável,Com Vítimas Feridas,Pleno dia,Crescente,Nublado,Simples,Aclive,Sim,1,0,1,0,0,0,1,1,"-8,76884574","-36,63537082",SPRF-PE,DEL03-PE,UOP01-DEL03-PE
411566,2022-01-28,sexta-feira,09:00:00,SP,116,362,MIRACATU,Velocidade Incompatível,Tombamento,Com Vítimas Feridas,Pleno dia,Crescente,Nublado,Dupla,Curva,Não,2,0,1,0,0,1,1,2,"-24,12253067","-47,27140188",SPRF-SP,DEL04-SP,UOP02-DEL04-SP
411569,2022-01-28,sexta-feira,12:00:00,RS,101,"21,3",TRES CACHOEIRAS,Ausência de reação do condutor,Colisão traseira,Com Vítimas Feridas,Pleno dia,Crescente,Nublado,Dupla,Reta,Sim,2,0,1,0,1,0,1,2,"-29,43444872","-49,89334896",SPRF-RS,DEL03-RS,UOP02-DEL03-RS
411571,2022-01-28,sexta-feira,12:10:00,MG,40,"468,5",SETE LAGOAS,Reação tardia ou ineficiente do condutor,Colisão lateral mesmo sentido,Com Vítimas Feridas,Pleno dia,Decrescente,Céu Claro,Dupla,Reta;Aclive,Não,3,0,1,0,2,0,1,3,"-19,45630182","-44,30941888",SPRF-MG,DEL02-MG,UOP01-DEL02-MG
411576,2022-01-28,sexta-feira,05:30:00,MT,364,511,JANGADA,Acostamento em desnível,Saída de leito carroçável,Com Vítimas Feridas,Amanhecer,Decrescente,Chuva,Simples,Reta,Não,2,0,0,2,0,0,2,1,"-15,17443126","-56,52465724",SPRF-MT,DEL01-MT,UOP01-DEL01-MT
411577,2022-01-28,sexta-feira,10:00:00,SC,470,"289,7",CAMPOS NOVOS,Desrespeitar a preferência no cruzamento,Colisão frontal,Com Vítimas Feridas,Pleno dia,Crescente,Garoa/Chuvisco,Simples,Interseção de Vias,Não,2,0,1,1,0,0,2,2,"-27,333546","-50,95219",SPRF-SC,DEL07-SC,UOP06-DEL07-SC
411580,2022-01-28,sexta-feira,12:00:00,MG,381,"389,2",BARAO DE COCAIS,Transitar na contramão,Colisão frontal,Com Vítimas Feridas,Pleno dia,Decrescente,Nublado,Simples,Curva,Não,3,0,0,1,1,1,1,3,"-19,781548","-43,436355",SPRF-MG,DEL01-MG,UOP01-DEL01-MG
411581,2022-01-28,sexta-feira,12:00:00,PE,428,"71,8",SANTA MARIA DA BOA VISTA,Manobra de mudança de faixa,Colisão lateral mesmo sentido,Com Vítimas Feridas,Pleno dia,Crescente,Céu Claro,Simples,Reta,Não,6,0,1,0,5,0,1,3,"-8,70240405","-39,76912477",SPRF-PE,DEL06-PE,UOP03-DEL06-PE
411583,2022-01-28,sexta-feira,13:12:00,SP,153,"61,2",SAO JOSE DO RIO PRETO,Ausência de reação do condutor,Colisão traseira,Com Vítimas Feridas,Pleno dia,Decrescente,Nublado,Dupla,Reta,Sim,3,0,1,0,1,3,1,5,"-20,80502876","-49,35574909",SPRF-SP,DEL09-SP,UOP01-DEL09-SP
411586,2022-01-28,sexta-feira,12:30:00,MG,381,365,SAO GONCALO DO RIO ABAIXO,Chuva,Colisão frontal,Com Vítimas Fatais,Pleno dia,Decrescente,Chuva,Simples,Curva;Declive,Não,4,1,0,2,1,0,2,2,"-19,859257","-43,225422",SPRF-MG,DEL03-MG,UOP01-DEL03-MG
411589,2022-01-28,sexta-feira,10:35:00,RJ,116,315,ITATIAIA,Mal súbito do condutor,Queda de ocupante de veículo,Com Vítimas Fatais,Pleno dia,Decrescente,Nublado,Dupla,Reta,Não,3,1,0,0,1,1,0,3,"-22,47911937","-44,53063242",SPRF-RJ,DEL07-RJ,UOP02-DEL07-RJ
411597,2022-01-28,sexta-feira,13:15:00,MG,116,"594,7",MANHUACU,Velocidade Incompatível,Tombamento,Sem Vítimas,Pleno dia,Crescente,Céu Claro,Simples,Curva,Não,2,0,0,0,1,1,0,2,"-20,286913","-42,14642798",SPRF-MG,DEL06-MG,UOP03-DEL06-MG
411602,2022-01-28,sexta-feira,13:30:00,GO,153,512,APARECIDA DE GOIANIA,Reação tardia ou ineficiente do condutor,Colisão lateral mesmo sentido,Sem Vítimas,Pleno dia,Decrescente,Céu Claro,Dupla,Declive,Sim,2,0,0,0,2,0,0,2,"-16,8156","-49,2402",SPRF-GO,DEL01-GO,UOP03-DEL01-GO
411612,2022-01-28,sexta-feira,14:20:00,RJ,393,224,VASSOURAS,Transitar na contramão,Colisão frontal,Com Vítimas Fatais,Pleno dia,Crescente,Céu Claro,Simples,Reta,Não,3,1,0,0,1,1,0,3,"-22,33729499","-43,55220201",SPRF-RJ,DEL05-RJ,UOP03-DEL05-RJ
411614,2022-01-28,sexta-feira,14:30:00,BA,101,665,ITAPEBI,Curva acentuada,Tombamento,Com Vítimas Feridas,Pleno dia,Decrescente,Céu Claro,Simples,Curva,Não,8,0,1,0,6,1,1,3,"-15,98575402","-39,56932068",SPRF-BA,DEL09-BA,UOP01-DEL09-BA
411618,2022-01-28,sexta-feira,15:40:00,PR,476,142,CURITIBA,Demais falhas mecânicas ou elétricas,Tombamento,Com Vítimas Feridas,Pleno dia,Decrescente,Garoa/Chuvisco,Dupla,Reta;Declive,Sim,4,0,1,1,1,1,2,3,"-25,537161","-49,301632",SPRF-PR,DEL01-PR,UOP03-DEL01-PR
411621,2022-01-28,sexta-feira,07:00:00,GO,364,295,MINEIROS,Reação tardia ou ineficiente do condutor,Tombamento,Com Vítimas Feridas,Pleno dia,Decrescente,Nublado,Simples,Declive;Curva,Não,2,0,1,0,0,2,1,3,"-17,578367","-52,5093",SPRF-GO,DEL05-GO,UOP01-DEL05-GO
411629,2022-01-28,sexta-feira,16:55:00,PA,316,53,CASTANHAL,Condutor deixou de manter distância do veículo da frente,Colisão traseira,Sem Vítimas,Pleno dia,Crescente,Chuva,Dupla,Reta,Sim,2,0,0,0,2,0,0,2,"-1,30643485","-48,01696002",SPRF-PA,DEL01-PA,UOP01-DEL01-PA
411631,2022-01-28,sexta-feira,16:20:00,ES,101,271,SERRA,Trafegar com motocicleta (ou similar) entre as faixas,Colisão lateral mesmo sentido,Com Vítimas Feridas,Pleno dia,Decrescente,Sol,Dupla,Reta,Sim,3,0,1,0,1,1,1,3,"-20,23267","-40,27658",SPRF-ES,DEL02-ES,UOP01-DEL02-ES
411633,2022-01-28,sexta-feira,13:10:00,MG,251,314,SALINAS,Ingestão de álcool pelo condutor,Tombamento,Sem Vítimas,Pleno dia,Crescente,Céu Claro,Simples,Reta,Não,2,0,0,0,1,1,0,2,"-16,17461813","-42,33191425",SPRF-MG,DEL11-MG,UOP02-DEL11-MG
411635,2022-01-28,sexta-feira,17:50:00,GO,153,507,APARECIDA DE GOIANIA,Reação tardia ou ineficiente do condutor,Queda de ocupante de veículo,Com Vítimas Feridas,Anoitecer,Crescente,Céu Claro,Dupla,Reta,Não,2,0,1,0,1,0,1,2,"-16,7715","-49,2387",SPRF-GO,DEL01-GO,UOP03-DEL01-GO
411637,2022-01-28,sexta-feira,16:30:00,SC,280,162,MAFRA,Conversão proibida,Colisão traseira,Com Vítimas Feridas,Pleno dia,Decrescente,Garoa/Chuvisco,Simples,Reta,Sim,3,0,1,0,2,0,1,2,"-26,20386631","-49,79088509",SPRF-SC,DEL06-SC,UOP03-DEL06-SC
411641,2022-01-28,sexta-feira,11:00:00,PA,10,312,IRITUIA,Reação tardia ou ineficiente do condutor,Tombamento,Com Vítimas Feridas,Pleno dia,Crescente,Nublado,Simples,Reta,Não,2,0,0,1,0,2,1,3,"-1,70219802","-47,5023325",SPRF-PA,DEL01-PA,UOP02-DEL01-PA
411644,2022-01-28,sexta-feira,06:00:00,BA,324,524,FEIRA DE SANTANA,Pedestre andava na pista,Atropelamento de Pedestre,Com Vítimas Fatais,Amanhecer,Crescente,Céu Claro,Dupla,Reta,Não,2,1,0,0,0,1,0,2,"-12,2955119","-38,90487093",SPRF-BA,DEL01-BA,UOP03-DEL01-BA
411647,2022-01-28,sexta-feira,16:30:00,MS,163,"560,6",BANDEIRANTES,Condutor Dormindo,Saída de leito carroçável,Com Vítimas Feridas,Pleno dia,Crescente,Céu Claro,Simples,Reta,Não,2,0,0,1,0,1,1,2,"-19,81975901","-54,37075827",SPRF-MS,DEL01-MS,UOP02-DEL01-MS
411661,2022-01-28,sexta-feira,18:50:00,DF,20,9,BRASILIA,Condutor deixou de manter distância do veículo da frente,Engavetamento,Com Vítimas Feridas,Plena Noite,Crescente,Nublado,Dupla,Aclive,Sim,4,0,1,0,3,0,1,3,"-15,65685216","-47,788167",SPRF-DF,DEL02-DF,UOP01-DEL02-DF
411663,2022-01-28,sexta-feira,15:57:00,MA,135,"4,3",SAO LUIS,Trafegar com motocicleta (ou similar) entre as faixas,Tombamento,Com Vítimas Fatais,Pleno dia,Crescente,Nublado,Dupla,Reta,Sim,3,1,0,0,1,2,0,4,"-2,641928","-44,30928",SPRF-MA,DEL01-MA,UOP01-DEL01-MA
411664,2022-01-28,sexta-feira,19:20:00,SC,282,19,PALHOCA,Condutor deixou de manter distância do veículo da frente,Engavetamento,Com Vítimas Fatais,Plena Noite,Crescente,Garoa/Chuvisco,Múltipla,Reta,Não,6,1,0,3,2,0,3,3,"-27,678635","-48,70192",SPRF-SC,DEL01-SC,UOP02-DEL01-SC
411667,2022-01-28,sexta-feira,16:15:00,RO,364,423,JARU,Condutor deixou de manter distância do veículo da frente,Colisão traseira,Sem Vítimas,Pleno dia,Crescente,Chuva,Simples,Reta,Não,2,0,0,0,2,0,0,2,"-10,45220802","-62,46072003",SPRF-RO,DEL03-RO,UOP02-DEL03-RO
411674,2022-01-28,sexta-feira,20:20:00,SP,116,"307,5",SAO LOURENCO DA SERRA,Manobra de mudança de faixa,Colisão lateral mesmo sentido,Com Vítimas Feridas,Plena Noite,Crescente,Chuva,Dupla,Curva,Não,7,0,1,0,5,1,1,3,"-23,85630016","-46,94096988",SPRF-SP,DEL04-SP,UOP01-DEL04-SP
411675,2022-01-28,sexta-feira,14:30:00,SP,153,"199,5",GETULINA,Avarias e/ou desgaste excessivo no pneu,Tombamento,Sem Vítimas,Pleno dia,Crescente,Chuva,Simples,Reta,Não,1,0,0,0,1,0,0,1,"-21,810938","-49,90137599",SPRF-SP,DEL07-SP,UOP01-DEL07-SP
411679,2022-01-28,sexta-feira,20:00:00,SC,470,"114,7",IBIRAMA,Condutor deixou de manter distância do veículo da frente,Saída de leito carroçável,Com Vítimas Feridas,Plena Noite,Decrescente,Garoa/Chuvisco,Simples,Curva,Não,2,0,1,0,0,1,1,2,"-27,086386","-49,478001",SPRF-SC,DEL04-SC,UOP02-DEL04-SC
411683,2022-01-28,sexta-feira,20:55:00,PB,101,119,CAAPORA,Acumulo de água sobre o pavimento,Colisão com objeto,Sem Vítimas,Plena Noite,Crescente,Chuva,Dupla,Declive;Ponte,Não,6,0,0,0,5,1,0,5,"-7,42897814","-34,96672977",SPRF-PB,DEL01-PB,UOP02-DEL01-PB
411685,2022-01-28,sexta-feira,13:35:00,TO,153,"793,3",TALISMA,Reação tardia ou ineficiente do condutor,Tombamento,Com Vítimas Feridas,Pleno dia,Crescente,Sol,Simples,Em Obras,Sim,2,0,1,0,0,13,1,14,"-12,788952","-49,092148",SPRF-TO,DEL01-TO,UOP02-DEL01-TO
411708,2022-01-28,sexta-feira,14:28:00,MS,262,"9,5",TRES LAGOAS,Condutor deixou de manter distância do veículo da frente,Colisão traseira,Sem Vítimas,Pleno dia,Decrescente,Céu Claro,Simples,Curva,Não,3,0,0,0,3,0,0,2,"-20,80451613","-51,68678981",SPRF-MS,DEL07-MS,UOP01-DEL07-MS
411713,2022-01-28,sexta-feira,12:00:00,SP,116,347,MIRACATU,Reação tardia ou ineficiente do condutor,Tombamento,Com Vítimas Fatais,Pleno dia,Crescente,Garoa/Chuvisco,Dupla,Curva,Não,2,1,0,0,0,1,0,2,"-24,04699491","-47,19706111",SPRF-SP,DEL04-SP,UOP02-DEL04-SP
411715,2022-01-29,sábado,03:00:00,AL,101,"64,2",MESSIAS,Reação tardia ou ineficiente do condutor,Tombamento,Com Vítimas Feridas,Plena Noite,Crescente,Céu Claro,Dupla,Curva,Não,1,0,1,0,0,0,1,1,"-9,31533293","-35,83028732",SPRF-AL,DEL01-AL,UOP02-DEL01-AL
411725,2022-01-29,sábado,03:15:00,RJ,101,293,ITABORAI,Transitar na contramão,Colisão frontal,Sem Vítimas,Plena Noite,Crescente,Garoa/Chuvisco,Dupla,Reta,Não,2,0,0,0,2,0,0,2,"-22,756203","-42,88724",SPRF-RJ,DEL02-RJ,UOP02-DEL02-RJ
411731,2022-01-29,sábado,05:20:00,ES,101,"300,4",VIANA,Entrada inopinada do pedestre,Atropelamento de Pedestre,Com Vítimas Fatais,Pleno dia,Decrescente,Céu Claro,Dupla,Reta,Sim,5,1,0,0,1,3,0,3,"-20,36011788","-40,43388247",SPRF-ES,DEL01-ES,UOP01-DEL01-ES
411742,2022-01-29,sábado,06:10:00,AP,210,33,MACAPA,Reação tardia ou ineficiente do condutor,Colisão lateral sentido oposto,Com Vítimas Feridas,Amanhecer,Crescente,Garoa/Chuvisco,Simples,Curva,Não,5,0,4,0,1,0,4,2,"0,30376691","-51,08461846",SPRF-AP,DEL01-AP,UOP01-DEL01-AP
411744,2022-01-29,sábado,06:55:00,MG,251,"438,8",GRAO MOGOL,Demais falhas mecânicas ou elétricas,Incêndio,Sem Vítimas,Amanhecer,Decrescente,Nublado,Simples,Reta,Não,2,0,0,0,1,1,0,2,"-16,39866658","-43,21253532",SPRF-MG,DEL12-MG,UOP01-DEL12-MG
411749,2022-01-29,sábado,02:30:00,MA,10,132,ESTREITO,Conversão proibida,Colisão frontal,Com Vítimas Feridas,Amanhecer,Crescente,Nublado,Simples,Reta,Não,3,0,0,1,1,2,1,4,"-6,544713","-47,425034",SPRF-MA,DEL04-MA,UOP02-DEL04-MA
411750,2022-01-29,sábado,06:00:00,RO,364,11,VILHENA,Retorno proibido,Colisão traseira,Com Vítimas Feridas,Pleno dia,Decrescente,Nublado,Simples,Reta,Não,3,0,1,0,1,2,1,4,"-12,7455385","-60,11466622",SPRF-RO,DEL04-RO,UOP01-DEL04-RO
411755,2022-01-29,sábado,09:10:00,PR,376,623,SAO JOSE DOS PINHAIS,Condutor deixou de manter distância do veículo da frente,Engavetamento,Com Vítimas Feridas,Pleno dia,Crescente,Nublado,Dupla,Aclive;Reta,Não,3,0,1,0,1,1,1,3,"-25,645844","-49,158815",SPRF-PR,DEL01-PR,UOP04-DEL01-PR
411756,2022-01-29,sábado,07:45:00,SC,470,"178,3",POUSO REDONDO,Ingestão de álcool pelo condutor,Colisão traseira,Com Vítimas Feridas,Pleno dia,Crescente,Garoa/Chuvisco,Simples,Reta,Sim,3,0,1,0,1,1,1,3,"-27,248392","-49,967083",SPRF-SC,DEL04-SC,UOP02-DEL04-SC
411771,2022-01-29,sábado,09:00:00,GO,20,178,ALVORADA DO NORTE,Manobra de mudança de faixa,Colisão lateral mesmo sentido,Sem Vítimas,Pleno dia,Crescente,Céu Claro,Dupla,Curva;Retorno Regulamentado,Sim,4,0,0,0,3,1,0,3,"-14,491601","-46,504112",SPRF-DF,DEL02-DF,UOP03-DEL02-DF
411772,2022-01-29,sábado,07:40:00,SC,282,"227,5",LAGES,Manobra de mudança de faixa,Colisão lateral mesmo sentido,Com Vítimas Feridas,Pleno dia,Crescente,Nublado,Simples,Reta,Não,5,0,3,0,1,1,3,3,"-27,795815","-50,399048",SPRF-SC,DEL05-SC,UOP02-DEL05-SC
411775,2022-01-29,sábado,08:30:00,MG,262,"569,6",CORREGO DANTA,Acessar a via sem observar a presença dos outros veículos,Colisão transversal,Sem Vítimas,Pleno dia,Decrescente,Céu Claro,Simples,Interseção de Vias,Não,4,0,0,0,2,3,0,5,"-19,73725865","-46,01373669",SPRF-MG,DEL08-MG,UOP02-DEL08-MG
411776,2022-01-29,sábado,11:10:00,CE,304,51,ARACATI,Entrada inopinada do pedestre,Atropelamento de Pedestre,Com Vítimas Feridas,Pleno dia,Crescente,Céu Claro,Simples,Curva,Não,2,0,0,1,0,1,1,2,"-4,56859642","-37,75127649",SPRF-CE,DEL03-CE,UOP03-DEL03-CE
411782,2022-01-29,sábado,10:30:00,RS,386,"248,4",SOLEDADE,Condutor deixou de manter distância do veículo da frente,Colisão traseira,Sem Vítimas,Pleno dia,Crescente,Céu Claro,Simples,Reta;Em Obras,Sim,3,0,0,0,1,2,0,3,"-28,817902","-52,484734",SPRF-RS,DEL04-RS,UOP03-DEL04-RS
411783,2022-01-29,sábado,08:30:00,MS,262,"758,3",CORUMBA,Acumulo de água sobre o pavimento,Colisão com objeto,Sem Vítimas,Pleno dia,Decrescente,Chuva,Simples,Reta,Não,1,0,0,0,1,0,0,1,"-19,1599754","-57,63392329",SPRF-MS,DEL03-MS,UOP03-DEL03-MS
411784,2022-01-29,sábado,11:00:00,PR,116,49,CAMPINA GRANDE DO SUL,Obstrução na via,Engavetamento,Com Vítimas Feridas,Pleno dia,Decrescente,Chuva,Dupla,Reta,Não,4,0,1,0,2,4,1,7,"-25,22582814","-48,90686554",SPRF-PR,DEL01-PR,UOP02-DEL01-PR
411787,2022-01-29,sábado,11:40:00,MG,381,478,CONTAGEM,Velocidade Incompatível,Colisão transversal,Com Vítimas Feridas,Pleno dia,Decrescente,Chuva,Dupla,Reta;Declive,Sim,5,0,1,1,2,1,2,5,"-19,95826094","-44,05921101",SPRF-MG,DEL01-MG,UOP03-DEL01-MG
411793,2022-01-29,sábado,13:30:00,MG,265,"490,3",ILICINEA,Ultrapassagem Indevida,Colisão lateral mesmo sentido,Com Vítimas Feridas,Pleno dia,Decrescente,Nublado,Simples,Ponte,Não,3,0,2,0,1,0,2,2,"-20,9361753","-45,83001778",SPRF-MG,DEL04-MG,UOP02-DEL04-MG
411797,2022-01-29,sábado,10:00:00,RJ,493,78,JAPERI,Manobra de mudança de faixa,Colisão traseira,Com Vítimas Feridas,Pleno dia,Crescente,Céu Claro,Dupla,Reta;Ponte,Não,3,0,1,0,1,1,1,3,"-22,67068947","-43,54838848",SPRF-RJ,DEL01-RJ,UOP03-DEL01-RJ
411798,2022-01-29,sábado,14:00:00,PE,232,"14,4",JABOATAO DOS GUARARAPES,Condutor deixou de manter distância do veículo da frente,Colisão traseira,Com Vítimas Feridas,Pleno dia,Crescente,Nublado,Dupla,Reta,Não,3,0,1,1,0,1,2,2,"-8,09025488","-35,02052302",SPRF-PE,DEL01-PE,UOP01-DEL01-PE
411808,2022-01-04,terça-feira,21:30:00,BA,242,732,CRISTOPOLIS,Objeto estático sobre o leito carroçável,Colisão com objeto,Com Vítimas Feridas,Plena Noite,Crescente,Chuva,Simples,Reta,Não,3,0,1,0,1,1,1,2,"-12,198037","-44,485813",SPRF-BA,DEL10-BA,UOP01-DEL10-BA
411812,2022-01-29,sábado,15:00:00,RO,0,0,ARIQUEMES,Problema com o freio,Colisão com objeto,Sem Vítimas,Pleno dia,Não Informado,Céu Claro,Simples,Declive,Sim,2,0,0,0,1,1,0,2,"-9,93398403","-63,05522959",SPRF-RO,DEL03-RO,UOP01-DEL03-RO
411818,2022-01-29,sábado,16:50:00,TO,153,624,ALIANCA DO TOCANTINS,Reação tardia ou ineficiente do condutor,Colisão traseira,Com Vítimas Feridas,Pleno dia,Crescente,Nublado,Simples,Declive,Não,4,0,1,0,2,2,1,4,"-11,30983199","-48,94108506",SPRF-TO,DEL01-TO,UOP02-DEL01-TO
411822,2022-01-29,sábado,15:30:00,PE,407,"88,9",PETROLINA,Manobra de mudança de faixa,Colisão lateral sentido oposto,Com Vítimas Feridas,Pleno dia,Decrescente,Chuva,Simples,Reta,Não,3,0,0,1,1,1,1,3,"-9,08243422","-40,66108704",SPRF-PE,DEL06-PE,UOP02-DEL06-PE
411840,2022-01-29,sábado,19:25:00,CE,20,419,MARACANAU,Acessar a via sem observar a presença dos outros veículos,Colisão traseira,Com Vítimas Fatais,Plena Noite,Crescente,Céu Claro,Dupla,Reta;Em Obras,Sim,3,1,0,0,1,1,0,3,"-3,85293794","-38,56097437",SPRF-CE,DEL01-CE,UOP02-DEL01-CE
411843,2022-01-29,sábado,17:00:00,MT,364,349,SANTO ANTONIO DO LEVERGER,Reação tardia ou ineficiente do condutor,Saída de leito carroçável,Com Vítimas Feridas,Pleno dia,Crescente,Chuva,Simples,Curva,Não,2,0,1,0,0,2,1,3,"-15,80502622","-55,5546431",SPRF-MT,DEL05-MT,UOP02-DEL05-MT
411869,2022-01-29,sábado,20:00:00,GO,60,"18,8",ALEXANIA,Deficiência do Sistema de Iluminação/Sinalização,Colisão traseira,Com Vítimas Fatais,Plena Noite,Crescente,Céu Claro,Dupla,Aclive,Não,3,1,0,0,1,2,0,4,"-16,0963","-48,5202",SPRF-DF,DEL03-DF,UOP01-DEL03-DF
411870,2022-01-29,sábado,14:50:00,MT,163,880,SINOP,Ultrapassagem Indevida,Colisão lateral sentido oposto,Com Vítimas Fatais,Pleno dia,Crescente,Céu Claro,Simples,Reta,Não,8,1,3,0,2,5,3,8,"-11,60330506","-55,42821175",SPRF-MT,DEL06-MT,NPF/DEL06-MT
411872,2022-01-29,sábado,21:20:00,CE,222,"197,4",FORQUILHA,Velocidade Incompatível,Saída de leito carroçável,Com Vítimas Feridas,Plena Noite,Crescente,Nublado,Simples,Curva,Não,3,0,1,0,1,1,1,2,"-3,80200422","-40,18948138",SPRF-CE,DEL04-CE,UOP01-DEL04-CE
411873,2022-01-29,sábado,22:00:00,PI,135,"127,3",BERTOLINIA,Ausência de reação do condutor,Saída de leito carroçável,Com Vítimas Feridas,Plena Noite,Decrescente,Céu Claro,Simples,Curva;Declive,Não,2,0,0,1,0,2,1,3,"-7,66499735","-43,95114347",SPRF-PI,DEL03-PI,UOP01-DEL03-PI
411908,2022-01-30,domingo,05:00:00,BA,116,"925,3",ENCRUZILHADA,Condutor Dormindo,Colisão frontal,Com Vítimas Fatais,Plena Noite,Decrescente,Céu Claro,Simples,Reta,Não,7,1,4,1,0,1,5,3,"-15,63597992","-41,29946535",SPRF-BA,DEL08-BA,UOP03-DEL08-BA
411914,2022-01-30,domingo,06:20:00,SC,101,"192,1",BIGUACU,Velocidade Incompatível,Derramamento de carga,Sem Vítimas,Pleno dia,Decrescente,Céu Claro,Dupla,Curva,Sim,2,0,0,0,1,1,0,2,"-27,48591352","-48,64816368",SPRF-SC,DEL01-SC,UOP01-DEL01-SC
411917,2022-01-30,domingo,06:00:00,RJ,40,114,DUQUE DE CAXIAS,Reação tardia ou ineficiente do condutor,Colisão lateral mesmo sentido,Com Vítimas Feridas,Pleno dia,Decrescente,Chuva,Múltipla,Reta,Sim,6,0,0,4,2,0,4,4,"-22,71853604","-43,28993324",SPRF-RJ,DEL01-RJ,UOP01-DEL01-RJ