id,data_inversa,dia_semana,horario,uf,br,km,municipio,causa_acidente,tipo_acidente,classificacao_acidente,fase_dia,sentido_via,condicao_metereologica,tipo_pista,tracado_via,uso_solo,pessoas,mortos,feridos_leves,feridos_graves,ilesos,ignorados,feridos,veiculos,latitude,longitude,regional,delegacia,uop
412617,2022-02-03,quinta-feira,08:00:00,SP,116,177,GUARAREMA,Demais falhas mecânicas ou elétricas,Incêndio,Sem Vítimas,Amanhecer,Crescente,Nublado,Dupla,Reta,Não,1,0,0,0,1,0,0,1,"-23,32333315","-46,11958293",SPRF-SP,DEL01-SP,UOP01-DEL01-SP
412625,2022-02-03,quinta-feira,11:00:00,RO,319,60,PORTO VELHO,Ausência de reação do condutor,Colisão lateral mesmo sentido,Sem Vítimas,Pleno dia,Decrescente,Céu Claro,Simples,Rotatória,Sim,2,0,0,0,2,0,0,2,"-8,74007","-63,88979327",SPRF-RO,DEL01-RO,UOP01-DEL01-RO
412626,2022-02-03,quinta-feira,10:40:00,PR,277,"7,8",PARANAGUA,Acessar a via sem observar a presença dos outros veículos,Colisão lateral mesmo sentido,Com Vítimas Feridas,Pleno dia,Decrescente,Nublado,Dupla,Reta,Sim,5,0,0,1,1,4,1,5,"-25,56325904","-48,59249175",SPRF-PR,DEL01-PR,UOP05-DEL01-PR
412634,2022-02-03,quinta-feira,09:30:00,RJ,393,155,TRES RIOS,Velocidade Incompatível,Tombamento,Com Vítimas Feridas,Pleno dia,Decrescente,Céu Claro,Simples,Rotatória,Não,2,0,1,0,0,1,1,2,"-22,10628411","-43,0772013",SPRF-RJ,DEL05-RJ,UOP01-DEL05-RJ
412639,2022-02-03,quinta-feira,12:15:00,PR,376,"242,6",APUCARANA,Velocidade Incompatível,Tombamento,Sem Vítimas,Pleno dia,Crescente,Nublado,Dupla,Curva;Declive,Não,2,0,0,0,1,3,0,4,"-23,58168461","-51,42681594",SPRF-PR,DEL07-PR,UOP02-DEL07-PR
412640,2022-02-03,quinta-feira,12:00:00,MG,381,"489,1",BETIM,Estacionar ou parar em local proibido,Colisão traseira,Com Vítimas Feridas,Pleno dia,Crescente,Nublado,Dupla,Reta,Sim,2,0,0,1,1,0,1,2,"-19,95592351","-44,13276672",SPRF-MG,DEL01-MG,UOP03-DEL01-MG
412641,2022-01-07,sexta-feira,06:45:00,PE,101,"60,9",RECIFE,Ausência de reação do condutor,Colisão traseira,Com Vítimas Feridas,Pleno dia,Crescente,Céu Claro,Dupla,Reta,Sim,5,0,1,1,2,1,2,4,"-7,98344307","-34,93176727",SPRF-PE,DEL01-PE,UOP02-DEL01-PE
412644,2022-02-03,quinta-feira,10:38:00,SC,282,"655,8",SAO MIGUEL DO OESTE,Reação tardia ou ineficiente do condutor,Colisão transversal,Com Vítimas Feridas,Pleno dia,Decrescente,Céu Claro,Simples,Curva,Não,3,0,0,2,1,0,2,2,"-26,70121","-53,528481",SPRF-SC,DEL07-SC,UOP03-DEL07-SC
412647,2022-02-03,quinta-feira,12:45:00,MG,50,79,UBERLANDIA,Mal súbito do condutor,Saída de leito carroçável,Com Vítimas Fatais,Pleno dia,Crescente,Nublado,Dupla,Reta;Declive,Sim,2,1,0,0,0,1,0,2,"-18,986906","-48,211853",SPRF-MG,DEL15-MG,UOP01-DEL15-MG
412657,2022-02-03,quinta-feira,09:15:00,SC,153,"14,2",AGUA DOCE,Condutor deixou de manter distância do veículo da frente,Colisão traseira,Com Vítimas Feridas,Pleno dia,Crescente,Céu Claro,Simples,Reta,Não,3,0,1,0,1,1,1,3,"-26,697666","-51,57309",SPRF-SC,DEL07-SC,UOP05-DEL07-SC
412658,2022-01-17,segunda-feira,06:50:00,PR,277,579,CASCAVEL,Acessar a via sem observar a presença dos outros veículos,Colisão transversal,Com Vítimas Feridas,Pleno dia,Crescente,Céu Claro,Simples,Interseção de Vias,Não,3,0,0,1,1,2,1,4,"-24,98298977","-53,359282",SPRF-PR,DEL04-PR,UOP01-DEL04-PR
412659,2022-02-03,quinta-feira,14:40:00,TO,153,708,CARIRI DO TOCANTINS,Chuva,Colisão lateral sentido oposto,Com Vítimas Feridas,Pleno dia,Crescente,Chuva,Simples,Declive,Não,3,0,2,0,0,1,2,3,"-12,02248399","-49,19987885",SPRF-TO,DEL01-TO,UOP02-DEL01-TO
412670,2022-01-14,sexta-feira,16:00:00,MS,163,"398,7",NOVA ALVORADA DO SUL,Reação tardia ou ineficiente do condutor,Colisão traseira,Com Vítimas Feridas,Pleno dia,Crescente,Sol,Simples,Reta,Não,3,0,0,1,1,3,1,5,"-21,18509418","-54,46934137",SPRF-MS,DEL02-MS,UOP01-DEL02-MS
412671,2022-02-03,quinta-feira,15:50:00,GO,364,203,JATAI,Reação tardia ou ineficiente do condutor,Colisão traseira,Com Vítimas Feridas,Pleno dia,Decrescente,Sol,Simples,Aclive,Não,5,0,1,0,1,3,1,5,"-17,870329","-51,878986",SPRF-GO,DEL05-GO,UOP01-DEL05-GO
412673,2022-02-03,quinta-feira,16:00:00,RJ,116,277,BARRA MANSA,Velocidade Incompatível,Saída de leito carroçável,Com Vítimas Feridas,Pleno dia,Decrescente,Chuva,Dupla,Declive;Curva,Não,1,0,1,0,0,0,1,1,"-22,55905501","-44,17284006",SPRF-RJ,DEL07-RJ,UOP02-DEL07-RJ
412674,2022-02-03,quinta-feira,15:30:00,PR,116,"119,5",CURITIBA,Manobra de mudança de faixa,Colisão lateral mesmo sentido,Com Vítimas Feridas,Pleno dia,Crescente,Céu Claro,Dupla,Reta,Sim,2,0,1,0,1,0,1,2,"-25,57943011","-49,31283519",SPRF-PR,DEL01-PR,UOP03-DEL01-PR
412675,2022-02-03,quinta-feira,15:30:00,DF,20,21,BRASILIA,Ausência de reação do condutor,Tombamento,Sem Vítimas,Pleno dia,Crescente,Céu Claro,Dupla,Aclive,Não,2,0,0,0,0,2,0,2,"-15,603384","-47,684692",SPRF-DF,DEL02-DF,UOP01-DEL02-DF
412677,2022-02-03,quinta-feira,08:50:00,MT,158,594,AGUA BOA,Manobra de mudança de faixa,Tombamento,Sem Vítimas,Pleno dia,Crescente,Céu Claro,Simples,Reta,Não,2,0,0,0,1,3,0,4,"-14,267634","-52,168964",SPRF-MT,DEL07-MT,UOP02-DEL07-MT
412678,2022-02-03,quinta-feira,17:20:00,SC,101,375,GAROPABA,Demais falhas mecânicas ou elétricas,Incêndio,Sem Vítimas,Pleno dia,Crescente,Céu Claro,Dupla,Reta,Sim,1,0,0,0,1,0,0,1,"-28,1497688","-48,6924764",SPRF-SC,DEL02-SC,UOP01-DEL02-SC
412680,2022-02-03,quinta-feira,16:00:00,MG,116,58,MEDINA,Carga excessiva e/ou mal acondicionada,Derramamento de carga,Com Vítimas Feridas,Pleno dia,Crescente,Nublado,Simples,Reta,Não,3,0,2,0,0,1,2,2,"-16,122625","-41,4293",SPRF-MG,DEL11-MG,UOP02-DEL11-MG
412687,2022-02-03,quinta-feira,19:10:00,GO,50,"275,5",CATALAO,Ultrapassagem Indevida,Tombamento,Com Vítimas Feridas,Anoitecer,Decrescente,Garoa/Chuvisco,Simples,Declive;Reta,Sim,3,0,0,1,1,1,1,3,"-18,1483","-47,907",SPRF-GO,DEL06-GO,UOP01-DEL06-GO
412689,2022-02-03,quinta-feira,13:05:00,MG,262,"458,4",NOVA SERRANA,Ultrapassagem Indevida,Colisão lateral mesmo sentido,Com Vítimas Feridas,Pleno dia,Decrescente,Nublado,Simples,Reta,Não,4,0,2,0,1,1,2,3,"-19,83697491","-45,05802994",SPRF-MG,DEL08-MG,UOP03-DEL08-MG
412697,2022-02-03,quinta-feira,19:10:00,GO,60,"21,4",ALEXANIA,Ausência de reação do condutor,Colisão traseira,Com Vítimas Fatais,Plena Noite,Crescente,Céu Claro,Dupla,Reta,Sim,3,1,0,0,2,0,0,3,"-16,121884","-48,414986",SPRF-DF,DEL03-DF,UOP01-DEL03-DF
412698,2022-02-03,quinta-feira,15:55:00,RJ,393,"156,9",TRES RIOS,Acumulo de água sobre o pavimento,Colisão frontal,Com Vítimas Feridas,Pleno dia,Crescente,Chuva,Simples,Reta,Não,3,0,0,1,1,2,1,4,"-22,09021176","-43,06349116",SPRF-RJ,DEL05-RJ,UOP01-DEL05-RJ
412700,2022-02-03,quinta-feira,19:45:00,GO,158,228,JATAI,Transitar na contramão,Colisão frontal,Sem Vítimas,Plena Noite,Decrescente,Céu Claro,Simples,Reta,Não,5,0,0,0,1,4,0,4,"-17,548211","-51,88434",SPRF-GO,DEL05-GO,UOP01-DEL05-GO
412702,2022-02-03,quinta-feira,20:45:00,ES,101,"65,9",SAO MATEUS,Acessar a via sem observar a presença dos outros veículos,Colisão transversal,Com Vítimas Feridas,Plena Noite,Crescente,Céu Claro,Simples,Reta,Não,3,0,0,1,1,2,1,4,"-18,70935945","-39,87762087",SPRF-ES,DEL04-ES,UOP02-DEL04-ES
412706,2022-02-03,quinta-feira,06:00:00,BA,101,616,MASCOTE,Velocidade Incompatível,Saída de leito carroçável,Sem Vítimas,Pleno dia,Crescente,Sol,Simples,Curva,Não,2,0,0,0,1,1,0,2,"-15,75042705","-39,4801369",SPRF-BA,DEL05-BA,UOP02-DEL05-BA
412708,2022-02-03,quinta-feira,21:00:00,AL,101,41,FLEXEIRAS,Condutor Dormindo,Tombamento,Sem Vítimas,Plena Noite,Decrescente,Céu Claro,Dupla,Curva;Declive,Não,2,0,0,0,1,1,0,2,"-9,17104293","-35,77460326",SPRF-AL,DEL01-AL,UOP02-DEL01-AL
412712,2022-02-03,quinta-feira,12:55:00,SC,470,53,BLUMENAU,Condutor Dormindo,Colisão frontal,Sem Vítimas,Pleno dia,Crescente,Céu Claro,Simples,Reta,Não,3,0,0,0,2,1,0,3,"-26,867121","-49,102066",SPRF-SC,DEL04-SC,UOP01-DEL04-SC
412715,2022-02-03,quinta-feira,19:30:00,BA,116,594,IRAJUBA,Demais falhas na via,Tombamento,Sem Vítimas,Plena Noite,Decrescente,Céu Claro,Simples,Reta,Não,2,0,0,0,1,1,0,2,"-13,16531644","-39,99880271",SPRF-BA,DEL03-BA,UOP02-DEL03-BA
412719,2022-02-03,quinta-feira,21:20:00,PB,101,"103,8",ALHANDRA,Ausência de reação do condutor,Colisão traseira,Com Vítimas Feridas,Plena Noite,Crescente,Ignorado,Dupla,Reta,Não,3,0,1,0,1,2,1,4,"-7,29910332","-34,93823513",SPRF-PB,DEL01-PB,UOP02-DEL01-PB
412723,2022-02-03,quinta-feira,18:05:00,RS,285,256,GENTIL,Ultrapassagem Indevida,Engavetamento,Sem Vítimas,Pleno dia,Decrescente,Céu Claro,Simples,Reta,Não,7,0,0,0,6,2,0,8,"-28,30320936","-52,02030659",SPRF-RS,DEL08-RS,UOP03-DEL08-RS
412730,2022-02-03,quinta-feira,23:10:00,SC,470,"78,7",RODEIO,Carga excessiva e/ou mal acondicionada,Derramamento de carga,Sem Vítimas,Plena Noite,Decrescente,Nublado,Simples,Reta,Não,2,0,0,0,1,2,0,3,"-26,951647","-49,304474",SPRF-SC,DEL04-SC,UOP01-DEL04-SC
412731,2022-02-04,sexta-feira,00:50:00,SC,101,213,PALHOCA,Objeto estático sobre o leito carroçável,Queda de ocupante de veículo,Com Vítimas Feridas,Plena Noite,Decrescente,Garoa/Chuvisco,Dupla,Reta,Sim,2,0,1,0,1,0,1,2,"-27,63697369","-48,66514142",SPRF-SC,DEL01-SC,UOP02-DEL01-SC
412745,2022-02-04,sexta-feira,02:45:00,PR,376,"135,8",NOVA ESPERANCA,Acesso irregular,Colisão lateral mesmo sentido,Com Vítimas Fatais,Plena Noite,Crescente,Nublado,Dupla,Reta,Sim,2,1,0,0,0,1,0,2,"-23,19922523","-52,19885588",SPRF-PR,DEL09-PR,UOP02-DEL09-PR
412750,2022-02-04,sexta-feira,05:30:00,MG,40,"443,9",PARAOPEBA,Ausência de reação do condutor,Saída de leito carroçável,Com Vítimas Fatais,Amanhecer,Crescente,Céu Claro,Dupla,Reta,Não,1,1,0,0,0,0,0,1,"-19,28815","-44,392",SPRF-MG,DEL02-MG,UOP01-DEL02-MG
412754,2022-02-04,sexta-feira,06:33:00,MG,381,"452,4",SABARA,Ausência de reação do condutor,Engavetamento,Com Vítimas Fatais,Pleno dia,Crescente,Nublado,Simples,Reta;Aclive,Sim,4,1,1,0,1,1,1,4,"-19,83832024","-43,8806931",SPRF-MG,DEL01-MG,UOP01-DEL01-MG
412755,2022-02-03,quinta-feira,22:15:00,BA,116,684,JEQUIE,Velocidade Incompatível,Saída de leito carroçável,Sem Vítimas,Plena Noite,Decrescente,Céu Claro,Simples,Curva,Não,1,0,0,0,1,0,0,1,"-13,88614801","-40,13937497",SPRF-BA,DEL03-BA,UOP01-DEL03-BA
412758,2022-02-04,sexta-feira,05:30:00,RJ,40,49,PETROPOLIS,Ingestão de álcool pelo condutor,Tombamento,Sem Vítimas,Amanhecer,Crescente,Céu Claro,Dupla,Reta,Não,1,0,0,0,1,0,0,1,"-22,30911378","-43,13077556",SPRF-RJ,DEL05-RJ,UOP02-DEL05-RJ
412764,2022-02-04,sexta-feira,07:13:00,BA,101,"717,5",EUNAPOLIS,Entrada inopinada do pedestre,Atropelamento de Pedestre,Com Vítimas Fatais,Pleno dia,Crescente,Sol,Simples,Curva;Declive,Sim,3,1,0,0,0,2,0,3,"-16,369245","-39,583184",SPRF-BA,DEL09-BA,UOP01-DEL09-BA
412785,2022-02-04,sexta-feira,10:00:00,RS,471,"175,9",RIO PARDO,Acessar a via sem observar a presença dos outros veículos,Colisão lateral mesmo sentido,Sem Vítimas,Pleno dia,Crescente,Nublado,Simples,Interseção de Vias,Sim,2,0,0,0,2,0,0,2,"-30,031555","-52,371674",SPRF-RS,DEL02-RS,UOP03-DEL02-RS
412788,2022-02-04,sexta-feira,10:20:00,PR,277,586,CASCAVEL,Acessar a via sem observar a presença dos outros veículos,Colisão transversal,Com Vítimas Feridas,Pleno dia,Crescente,Chuva,Simples,Interseção de Vias;Reta,Sim,5,0,2,0,2,2,2,5,"-24,9649472","-53,4210459",SPRF-PR,DEL04-PR,UOP01-DEL04-PR
412789,2022-02-04,sexta-feira,09:40:00,RS,285,"404,2",PANAMBI,Ultrapassagem Indevida,Colisão frontal,Com Vítimas Feridas,Pleno dia,Crescente,Garoa/Chuvisco,Simples,Aclive,Não,3,0,1,1,0,1,2,3,"-28,37983494","-53,3710295",SPRF-RS,DEL10-RS,UOP02-DEL10-RS
412790,2022-02-04,sexta-feira,10:10:00,DF,80,"18,6",BRASILIA,Reação tardia ou ineficiente do condutor,Colisão traseira,Com Vítimas Feridas,Pleno dia,Decrescente,Céu Claro,Dupla,Retorno Regulamentado;Reta,Sim,2,0,1,0,1,0,1,2,"-15,67886579","-48,20519686",SPRF-DF,DEL03-DF,UOP02-DEL03-DF
412797,2022-02-04,sexta-feira,08:30:00,PR,376,666,GUARATUBA,Velocidade Incompatível,Tombamento,Com Vítimas Feridas,Pleno dia,Crescente,Nublado,Dupla,Curva;Declive,Não,2,0,0,1,0,1,1,2,"-25,86037408","-48,95087256",SPRF-PR,DEL01-PR,UOP04-DEL01-PR
412816,2022-02-04,sexta-feira,11:40:00,RO,364,430,JARU,Desrespeitar a preferência no cruzamento,Colisão transversal,Com Vítimas Feridas,Pleno dia,Decrescente,Chuva,Simples,Reta,Não,4,0,1,0,1,2,1,4,"-10,41098263","-62,51010043",SPRF-RO,DEL03-RO,UOP02-DEL03-RO
412827,2022-01-17,segunda-feira,15:38:00,MT,364,"347,4",SANTO ANTONIO DO LEVERGER,Condutor deixou de manter distância do veículo da frente,Colisão lateral mesmo sentido,Com Vítimas Feridas,Pleno dia,Crescente,Céu Claro,Dupla,Reta,Não,6,0,3,0,2,1,3,3,"-15,79366708","-55,57184681",SPRF-MT,DEL05-MT,UOP02-DEL05-MT
412828,2022-02-04,sexta-feira,14:50:00,ES,262,48,MARECHAL FLORIANO,Velocidade Incompatível,Engavetamento,Com Vítimas Feridas,Pleno dia,Decrescente,Chuva,Simples,Curva,Não,6,0,1,0,4,1,1,5,"-20,41192401","-40,68856",SPRF-ES,DEL01-ES,UOP01-DEL01-ES
412829,2022-02-04,sexta-feira,15:00:00,SC,101,"203,2",SAO JOSE,Manobra de mudança de faixa,Colisão lateral mesmo sentido,Com Vítimas Feridas,Pleno dia,Decrescente,Garoa/Chuvisco,Múltipla,Reta,Sim,2,0,0,1,1,0,1,2,"-27,5650044","-48,61460082",SPRF-SC,DEL01-SC,UOP01-DEL01-SC
412830,2022-02-04,sexta-feira,14:25:00,CE,20,432,EUSEBIO,Manobra de mudança de faixa,Colisão lateral mesmo sentido,Com Vítimas Feridas,Pleno dia,Crescente,Céu Claro,Dupla,Reta,Sim,4,0,1,0,2,1,1,4,"-3,8709966","-38,48302782",SPRF-CE,DEL01-CE,UOP02-DEL01-CE
412831,2022-02-04,sexta-feira,10:20:00,MG,116,"170,7",PADRE PARAISO,Pista esburacada,Saída de leito carroçável,Com Vítimas Feridas,Pleno dia,Decrescente,Nublado,Simples,Curva,Não,3,0,1,0,1,1,1,2,"-17,01766884","-41,4435732",SPRF-MG,DEL11-MG,UOP02-DEL11-MG
412834,2022-02-04,sexta-feira,13:20:00,GO,153,184,URUACU,Ultrapassagem Indevida,Colisão lateral sentido oposto,Com Vítimas Fatais,Pleno dia,Crescente,Céu Claro,Simples,Aclive,Não,4,1,0,0,3,0,0,2,"-14,377925","-49,15807",SPRF-GO,DEL07-GO,UOP02-DEL07-GO
412852,2022-02-04,sexta-feira,17:00:00,MG,116,"512,2",UBAPORANGA,Velocidade Incompatível,Colisão traseira,Com Vítimas Feridas,Anoitecer,Crescente,Chuva,Simples,Curva,Não,3,0,1,0,1,1,1,3,"-19,66095102","-42,11695495",SPRF-MG,DEL06-MG,UOP02-DEL06-MG
412854,2022-02-04,sexta-feira,17:15:00,RS,392,18,RIO GRANDE,Manobra de mudança de faixa,Colisão lateral mesmo sentido,Sem Vítimas,Pleno dia,Crescente,Nublado,Dupla,Reta,Sim,3,0,0,0,2,1,0,3,"-32,1024397","-52,16347437",SPRF-RS,DEL07-RS,UOP02-DEL07-RS
412857,2022-02-04,sexta-feira,05:00:00,RR,174,712,PACARAIMA,Demais falhas mecânicas ou elétricas,Eventos atípicos,Sem Vítimas,Pleno dia,Crescente,Céu Claro,Dupla,Aclive,Não,2,0,0,0,1,2,0,3,"4,455691","-61,133301",SPRF-RR,DEL01-RR,UOP01-DEL01-RR
412859,2022-02-04,sexta-feira,15:40:00,PR,163,"344,3",GUAIRA,Demais falhas mecânicas ou elétricas,Derramamento de carga,Sem Vítimas,Pleno dia,Decrescente,Chuva,Simples,Aclive,Não,3,0,0,0,1,4,0,5,"-24,21375699","-54,19958751",SPRF-PR,DEL06-PR,UOP01-DEL06-PR
412861,2022-02-04,sexta-feira,17:10:00,RS,293,"29,1",MORRO REDONDO,Ausência de reação do condutor,Colisão lateral sentido oposto,Com Vítimas Fatais,Pleno dia,Crescente,Céu Claro,Simples,Curva;Aclive,Não,3,1,1,0,1,0,1,2,"-31,72888597","-52,613132",SPRF-RS,DEL07-RS,UOP01-DEL07-RS
412864,2022-02-04,sexta-feira,09:10:00,RS,153,"586,5",BAGE,Chuva,Saída de leito carroçável,Com Vítimas Fatais,Pleno dia,Decrescente,Chuva,Simples,Reta,Não,2,1,0,0,0,1,0,2,"-31,09880692","-53,74105905",SPRF-RS,DEL11-RS,UOP03-DEL11-RS
412867,2022-02-04,sexta-feira,18:15:00,CE,20,428,FORTALEZA,Ingestão de álcool pelo condutor,Colisão traseira,Sem Vítimas,Plena Noite,Crescente,Céu Claro,Simples,Reta,Sim,2,0,0,0,1,1,0,2,"-3,86896456","-38,50819588",SPRF-CE,DEL01-CE,UOP02-DEL01-CE
412872,2022-02-04,sexta-feira,16:20:00,SC,282,"406,8",CATANDUVAS,Velocidade Incompatível,Colisão lateral sentido oposto,Com Vítimas Feridas,Pleno dia,Crescente,Chuva,Simples,Aclive,Não,4,0,1,1,1,1,2,3,"-27,092703","-51,659904",SPRF-SC,DEL07-SC,UOP05-DEL07-SC
412873,2022-02-04,sexta-feira,18:00:00,SP,116,567,BARRA DO TURVO,Reação tardia ou ineficiente do condutor,Colisão com objeto,Sem Vítimas,Anoitecer,Decrescente,Chuva,Simples,Curva,Não,1,0,0,0,1,0,0,1,"-25,05538368","-48,55422735",SPRF-SP,DEL05-SP,UOP02-DEL05-SP
412881,2022-02-04,sexta-feira,16:45:00,PR,116,9,CAMPINA GRANDE DO SUL,Reação tardia ou ineficiente do condutor,Saída de leito carroçável,Sem Vítimas,Pleno dia,Crescente,Chuva,Dupla,Curva;Declive,Não,2,0,0,0,1,2,0,3,"-25,08279464","-48,63845944",SPRF-PR,DEL01-PR,UOP02-DEL01-PR
412882,2022-02-04,sexta-feira,18:25:00,MA,135,60,BACABEIRA,Transitar na contramão,Colisão lateral sentido oposto,Com Vítimas Feridas,Plena Noite,Decrescente,Nublado,Simples,Reta,Não,2,0,0,1,1,0,1,2,"-3,05225689","-44,31876443",SPRF-MA,DEL01-MA,UOP02-DEL01-MA
412885,2022-02-04,sexta-feira,20:30:00,SP,116,373,MIRACATU,Demais falhas mecânicas ou elétricas,Colisão lateral mesmo sentido,Sem Vítimas,Plena Noite,Crescente,Chuva,Dupla,Reta,Sim,3,0,0,0,2,2,0,4,"-24,17118519","-47,33990085",SPRF-SP,DEL04-SP,UOP02-DEL04-SP
412886,2022-02-04,sexta-feira,19:20:00,RJ,101,144,MACAE,Demais falhas mecânicas ou elétricas,Incêndio,Sem Vítimas,Plena Noite,Crescente,Céu Claro,Dupla,Reta,Não,2,0,0,0,1,2,0,3,"-22,21668267","-41,75734878",SPRF-RJ,DEL08-RJ,UOP04-DEL08-RJ
412887,2022-02-04,sexta-feira,20:00:00,MS,262,61,TRES LAGOAS,Ausência de reação do condutor,Colisão traseira,Com Vítimas Fatais,Plena Noite,Decrescente,Céu Claro,Simples,Reta,Não,3,1,0,0,1,3,0,5,"-20,710878","-52,156641",SPRF-MS,DEL07-MS,UOP01-DEL07-MS
412896,2022-02-04,sexta-feira,09:30:00,RS,470,214,BENTO GONCALVES,Reação tardia ou ineficiente do condutor,Colisão lateral mesmo sentido,Com Vítimas Feridas,Pleno dia,Crescente,Nublado,Simples,Curva;Aclive,Sim,3,0,2,0,1,0,2,2,"-29,14408811","-51,53555411",SPRF-RS,DEL06-RS,UOP01-DEL06-RS
412899,2022-02-04,sexta-feira,18:50:00,RS,471,171,RIO PARDO,Desrespeitar a preferência no cruzamento,Colisão transversal,Com Vítimas Feridas,Plena Noite,Decrescente,Céu Claro,Simples,Reta,Não,2,0,1,0,1,0,1,2,"-29,9967","-52,368134",SPRF-RS,DEL02-RS,UOP03-DEL02-RS
412906,2022-02-04,sexta-feira,21:00:00,PR,376,87,PARANAVAI,Acessar a via sem observar a presença dos outros veículos,Colisão transversal,Com Vítimas Feridas,Plena Noite,Crescente,Chuva,Simples,Reta,Não,5,0,3,0,1,1,3,3,"-22,983856","-52,60177",SPRF-PR,DEL09-PR,UOP02-DEL09-PR
412909,2022-02-04,sexta-feira,19:20:00,GO,60,"227,5",CEZARINA,Pista esburacada,Tombamento,Sem Vítimas,Plena Noite,Decrescente,Ignorado,Simples,Aclive,Não,2,0,0,0,1,1,0,2,"-17,0331","-49,7777",SPRF-GO,DEL01-GO,UOP02-DEL01-GO
412918,2022-02-04,sexta-feira,20:30:00,SC,282,"49,5",AGUAS MORNAS,Velocidade Incompatível,Colisão frontal,Sem Vítimas,Plena Noite,Crescente,Chuva,Simples,Curva,Não,2,0,0,0,2,0,0,2,"-27,712931","-48,943741",SPRF-SC,DEL01-SC,UOP03-DEL01-SC
412932,2022-02-05,sábado,00:15:00,RS,285,"451,2",IJUI,Ingestão de álcool pelo condutor,Colisão lateral sentido oposto,Com Vítimas Feridas,Pleno dia,Decrescente,Céu Claro,Simples,Reta,Não,3,0,1,0,1,1,1,3,"-28,37462","-53,840855",SPRF-RS,DEL10-RS,UOP01-DEL10-RS
412933,2022-02-05,sábado,00:00:00,RS,386,"366,4",FAZENDA VILANOVA,Manobra de mudança de faixa,Colisão traseira,Sem Vítimas,Plena Noite,Decrescente,Céu Claro,Dupla,Retorno Regulamentado;Reta,Não,3,0,0,0,2,1,0,3,"-29,572111","-51,855782",SPRF-RS,DEL04-RS,UOP02-DEL04-RS
412935,2022-02-05,sábado,00:00:00,SC,470,141,RIO DO SUL,Ingestão de álcool pelo condutor,Colisão frontal,Sem Vítimas,Plena Noite,Decrescente,Chuva,Simples,Curva,Não,4,0,0,0,2,2,0,2,"-27,226065","-49,666161",SPRF-SC,DEL04-SC,UOP02-DEL04-SC
412936,2022-02-05,sábado,00:20:00,SP,116,"217,5",GUARULHOS,Entrada inopinada do pedestre,Atropelamento de Pedestre,Com Vítimas Feridas,Plena Noite,Decrescente,Chuva,Múltipla,Reta;Aclive,Sim,2,0,0,1,1,0,1,2,"-23,45423824","-46,47119028",SPRF-SP,DEL01-SP,UOP01-DEL01-SP
412937,2022-02-04,sexta-feira,21:50:00,RO,364,12,VILHENA,Ausência de reação do condutor,Colisão traseira,Sem Vítimas,Plena Noite,Crescente,Céu Claro,Simples,Reta,Sim,3,0,0,0,1,3,0,4,"-12,74370233","-60,12147609",SPRF-RO,DEL04-RO,UOP01-DEL04-RO
412938,2022-02-05,sábado,00:50:00,PE,101,"195,4",PALMARES,Condutor Dormindo,Colisão traseira,Com Vítimas Fatais,Plena Noite,Decrescente,Céu Claro,Dupla,Reta,Não,3,1,0,1,0,1,1,2,"-8,73847","-35,608995",SPRF-PE,DEL01-PE,UOP01-DEL01-PE
412939,2022-02-04,sexta-feira,21:50:00,PR,467,95,CASCAVEL,Problema com o freio,Incêndio,Sem Vítimas,Plena Noite,Crescente,Garoa/Chuvisco,Dupla,Reta,Não,2,0,0,0,1,1,0,2,"-24,8675","-53,5694",SPRF-PR,DEL04-PR,UOP01-DEL04-PR
412944,2022-02-05,sábado,01:30:00,RS,392,114,CANGUCU,Ingestão de álcool pelo condutor,Colisão lateral sentido oposto,Com Vítimas Feridas,Plena Noite,Crescente,Céu Claro,Simples,Reta,Não,6,0,5,0,0,2,5,5,"-31,43234525","-52,65622636",SPRF-RS,DEL07-RS,UOP01-DEL07-RS
412948,2022-02-05,sábado,00:00:00,BA,101,807,ITAMARAJU,Ausência de reação do condutor,Colisão traseira,Com Vítimas Feridas,Plena Noite,Decrescente,Céu Claro,Simples,Reta,Sim,3,0,1,0,2,0,1,2,"-17,18820805","-39,58798393",SPRF-BA,DEL09-BA,UOP02-DEL09-BA
412949,2022-02-05,sábado,01:25:00,SC,101,"216,5",PALHOCA,Pedestre andava na pista,Atropelamento de Pedestre,Com Vítimas Feridas,Plena Noite,Decrescente,Nublado,Dupla,Viaduto;Reta;Declive,Sim,2,0,1,0,1,0,1,2,"-27,663551","-48,675636",SPRF-SC,DEL01-SC,UOP02-DEL01-SC
412961,2022-02-05,sábado,02:50:00,RJ,116,"269,7",VOLTA REDONDA,Avarias e/ou desgaste excessivo no pneu,Colisão com objeto,Com Vítimas Feridas,Plena Noite,Decrescente,Chuva,Dupla,Reta,Sim,6,0,4,0,1,1,4,3,"-22,57510092","-44,11542461",SPRF-RJ,DEL07-RJ,UOP02-DEL07-RJ
412978,2022-02-05,sábado,06:30:00,PE,232,116,CARUARU,Demais falhas mecânicas ou elétricas,Capotamento,Com Vítimas Feridas,Pleno dia,Decrescente,Céu Claro,Dupla,Reta,Não,3,0,1,0,1,2,1,4,"-8,2970005","-35,86666391",SPRF-PE,DEL02-PE,UOP03-DEL02-PE
412979,2022-02-05,sábado,06:10:00,BA,116,"850,2",VITORIA DA CONQUISTA,Demais falhas mecânicas ou elétricas,Incêndio,Sem Vítimas,Amanhecer,Crescente,Garoa/Chuvisco,Simples,Reta,Não,2,0,0,0,1,1,0,2,"-14,99050229","-40,92828066",SPRF-BA,DEL08-BA,UOP01-DEL08-BA