id,data_inversa,dia_semana,horario,uf,br,km,municipio,causa_acidente,tipo_acidente,classificacao_acidente,fase_dia,sentido_via,condicao_metereologica,tipo_pista,tracado_via,uso_solo,pessoas,mortos,feridos_leves,feridos_graves,ilesos,ignorados,feridos,veiculos,latitude,longitude,regional,delegacia,uop
412982,2022-02-05,sábado,05:00:00,CE,116,428,IPAUMIRIM,Problema na suspensão,Tombamento,Com Vítimas Feridas,Amanhecer,Decrescente,Garoa/Chuvisco,Simples,Rotatória,Não,2,0,1,0,0,12,1,13,"-6,84207442","-38,73729448",SPRF-CE,DEL05-CE,UOP01-DEL05-CE
412988,2022-02-05,sábado,06:25:00,MG,40,"452,8",CAETANOPOLIS,Acessar a via sem observar a presença dos outros veículos,Colisão lateral mesmo sentido,Com Vítimas Feridas,Pleno dia,Decrescente,Nublado,Dupla,Reta;Retorno Regulamentado,Sim,3,0,1,0,2,0,1,2,"-19,33841","-44,35824",SPRF-MG,DEL02-MG,UOP01-DEL02-MG
412989,2022-02-04,sexta-feira,23:30:00,MG,365,327,SAO GONCALO DO ABAETE,Manobra de mudança de faixa,Colisão frontal,Com Vítimas Fatais,Plena Noite,Decrescente,Chuva,Simples,Declive,Não,6,2,3,0,1,0,3,2,"-18,28603802","-45,91859899",SPRF-MG,DEL10-MG,UOP01-DEL10-MG
412992,2022-02-05,sábado,08:00:00,MG,153,"80,6",PRATA,Condutor Dormindo,Saída de leito carroçável,Com Vítimas Fatais,Pleno dia,Decrescente,Céu Claro,Simples,Reta;Declive,Não,3,1,2,0,0,0,2,1,"-19,0652129","-49,00663485",SPRF-MG,DEL15-MG,UOP03-DEL15-MG
413003,2022-02-05,sábado,06:00:00,TO,153,"579,5",SANTA RITA DO TOCANTINS,Transitar na contramão,Colisão frontal,Com Vítimas Feridas,Amanhecer,Crescente,Chuva,Simples,Reta,Não,5,0,2,1,1,2,3,4,"-10,90901","-48,90765208",SPRF-TO,DEL01-TO,UOP01-DEL01-TO
413006,2022-02-05,sábado,08:40:00,SC,101,"146,7",ITAPEMA,Demais falhas mecânicas ou elétricas,Colisão com objeto,Com Vítimas Feridas,Pleno dia,Decrescente,Céu Claro,Simples,Reta,Sim,3,0,3,0,0,0,3,1,"-27,08666525","-48,60955587",SPRF-SC,DEL04-SC,UOP03-DEL04-SC
413010,2022-02-05,sábado,05:15:00,BA,116,"739,9",BOA NOVA,Condutor Dormindo,Colisão lateral sentido oposto,Com Vítimas Feridas,Amanhecer,Decrescente,Nublado,Simples,Reta;Declive,Não,5,0,1,0,3,1,1,4,"-14,39078","-40,35178",SPRF-BA,DEL08-BA,UOP01-DEL08-BA
413013,2022-01-09,domingo,14:15:00,GO,153,"147,9",CAMPINORTE,Carga excessiva e/ou mal acondicionada,Derramamento de carga,Sem Vítimas,Pleno dia,Decrescente,Chuva,Simples,Reta;Ponte,Não,2,0,0,0,1,1,0,2,"-14,056182","-49,090618",SPRF-GO,DEL07-GO,UOP02-DEL07-GO
413015,2022-02-05,sábado,10:20:00,SC,101,"270,1",IMBITUBA,Reação tardia ou ineficiente do condutor,Colisão traseira,Com Vítimas Feridas,Pleno dia,Crescente,Céu Claro,Dupla,Reta,Não,3,0,2,0,1,0,2,3,"-28,1015411","-48,70410641",SPRF-SC,DEL02-SC,UOP03-DEL02-SC
413017,2022-02-05,sábado,10:10:00,PR,116,"27,5",CAMPINA GRANDE DO SUL,Reação tardia ou ineficiente do condutor,Tombamento,Sem Vítimas,Pleno dia,Decrescente,Céu Claro,Dupla,Reta,Não,2,0,0,0,1,2,0,3,"-25,10840189","-48,79505902",SPRF-PR,DEL01-PR,UOP02-DEL01-PR
413018,2022-02-05,sábado,10:40:00,RS,386,"436,5",NOVA SANTA RITA,Transitar na contramão,Colisão frontal,Sem Vítimas,Pleno dia,Crescente,Céu Claro,Dupla,Retorno Regulamentado,Sim,6,0,0,0,4,2,0,5,"-29,85342998","-51,26468539",SPRF-RS,DEL04-RS,UOP02-DEL04-RS
413025,2022-02-05,sábado,09:10:00,RS,285,"101,2",MONTE ALEGRE DOS CAMPOS,Ingestão de álcool pelo condutor,Colisão lateral sentido oposto,Sem Vítimas,Pleno dia,Decrescente,Céu Claro,Simples,Reta,Não,2,0,0,0,2,0,0,2,"-28,570061","-50,779354",SPRF-RS,DEL05-RS,UOP03-DEL05-RS
413026,2022-02-05,sábado,11:10:00,ES,101,67,SAO MATEUS,Desrespeitar a preferência no cruzamento,Colisão transversal,Com Vítimas Feridas,Pleno dia,Decrescente,Chuva,Simples,Interseção de Vias,Sim,3,0,2,0,1,0,2,2,"-18,72054021","-39,8658931",SPRF-ES,DEL04-ES,UOP02-DEL04-ES
413035,2022-02-05,sábado,09:00:00,SC,470,"116,7",IBIRAMA,Velocidade Incompatível,Saída de leito carroçável,Com Vítimas Feridas,Pleno dia,Decrescente,Céu Claro,Simples,Curva,Não,2,0,0,1,0,1,1,2,"-27,08197407","-49,50096868",SPRF-SC,DEL04-SC,UOP02-DEL04-SC
413037,2022-02-05,sábado,12:50:00,SC,101,27,JOINVILLE,Manobra de mudança de faixa,Colisão lateral mesmo sentido,Com Vítimas Feridas,Pleno dia,Decrescente,Céu Claro,Dupla,Reta,Sim,5,0,2,0,2,1,2,3,"-26,20130351","-48,91331794",SPRF-SC,DEL03-SC,UOP01-DEL03-SC
413047,2022-02-05,sábado,14:05:00,BA,101,108,ALAGOINHAS,Desrespeitar a preferência no cruzamento,Colisão lateral sentido oposto,Com Vítimas Feridas,Pleno dia,Crescente,Céu Claro,Simples,Interseção de Vias,Sim,3,0,0,1,1,1,1,3,"-12,14836958","-38,39537881",SPRF-BA,DEL01-BA,UOP04-DEL01-BA
413052,2022-02-05,sábado,14:15:00,MG,262,"368,5",JUATUBA,Velocidade Incompatível,Colisão transversal,Com Vítimas Feridas,Pleno dia,Decrescente,Nublado,Dupla,Reta;Interseção de Vias,Não,3,0,1,0,1,3,1,5,"-19,96154559","-44,33623159",SPRF-MG,DEL01-MG,UOP03-DEL01-MG
413063,2022-02-05,sábado,15:35:00,SC,280,"51,5",GUARAMIRIM,Velocidade Incompatível,Tombamento,Com Vítimas Feridas,Pleno dia,Crescente,Chuva,Dupla,Interseção de Vias,Não,1,0,1,0,0,0,1,1,"-26,46673133","-48,9600563",SPRF-SC,DEL03-SC,UOP03-DEL03-SC
413064,2022-02-05,sábado,14:50:00,RJ,101,264,RIO BONITO,Acessar a via sem observar a presença dos outros veículos,Colisão lateral mesmo sentido,Sem Vítimas,Pleno dia,Decrescente,Nublado,Dupla,Reta,Não,2,0,0,0,1,1,0,2,"-22,71818337","-42,63600702",SPRF-RJ,DEL02-RJ,UOP03-DEL02-RJ
413074,2022-02-05,sábado,16:17:00,SP,116,"66,5",GUARATINGUETA,Mal súbito do condutor,Saída de leito carroçável,Com Vítimas Feridas,Pleno dia,Decrescente,Nublado,Dupla,Curva,Sim,2,0,1,0,0,1,1,2,"-22,82270215","-45,20193286",SPRF-SP,DEL08-SP,UOP01-DEL08-SP
413078,2022-02-05,sábado,15:40:00,SC,470,"10,6",ILHOTA,Velocidade Incompatível,Colisão traseira,Com Vítimas Feridas,Pleno dia,Decrescente,Nublado,Simples,Reta,Não,3,0,0,1,2,0,1,3,"-26,833693","-48,73724",SPRF-SC,DEL04-SC,UOP04-DEL04-SC
413080,2022-02-05,sábado,17:05:00,PR,376,614,SAO JOSE DOS PINHAIS,Transitar na contramão,Colisão traseira,Com Vítimas Feridas,Pleno dia,Decrescente,Céu Claro,Dupla,Reta;Viaduto,Sim,2,0,0,1,1,0,1,2,"-25,57084314","-49,19356398",SPRF-PR,DEL01-PR,UOP01-DEL01-PR
413081,2022-02-05,sábado,17:45:00,SC,101,"128,5",ITAJAI,Ingestão de álcool pelo condutor,Colisão com objeto,Com Vítimas Feridas,Pleno dia,Crescente,Chuva,Dupla,Reta,Sim,2,0,1,0,0,1,1,2,"-26,97284292","-48,68299451",SPRF-SC,DEL04-SC,UOP03-DEL04-SC
413087,2022-02-05,sábado,17:20:00,PE,116,31,SALGUEIRO,Velocidade Incompatível,Tombamento,Com Vítimas Feridas,Pleno dia,Crescente,Céu Claro,Simples,Curva;Aclive,Não,2,0,1,0,0,1,1,2,"-8,11305","-39,123844",SPRF-PE,DEL05-PE,UOP01-DEL05-PE
413091,2022-02-05,sábado,17:30:00,SP,153,"157,6",PROMISSAO,Transitar na contramão,Colisão frontal,Com Vítimas Fatais,Pleno dia,Decrescente,Nublado,Simples,Reta,Não,3,1,0,0,1,1,0,3,"-21,48031197","-49,78090972",SPRF-SP,DEL07-SP,UOP01-DEL07-SP
413105,2022-02-05,sábado,19:10:00,SP,116,215,GUARULHOS,Manobra de mudança de faixa,Colisão traseira,Sem Vítimas,Plena Noite,Crescente,Ignorado,Múltipla,Reta,Não,3,0,0,0,2,1,0,3,"-23,44695693","-46,45394103",SPRF-SP,DEL01-SP,UOP01-DEL01-SP
413107,2022-02-05,sábado,16:30:00,MS,158,78,PARANAIBA,Reação tardia ou ineficiente do condutor,Colisão com objeto,Com Vítimas Feridas,Pleno dia,Decrescente,Nublado,Simples,Aclive;Reta,Não,3,0,1,0,0,4,1,5,"-19,55016815","-51,25437521",SPRF-MS,DEL08-MS,UOP01-DEL08-MS
413118,2022-02-05,sábado,20:00:00,MG,365,"461,6",PATROCINIO,Transitar no acostamento,Colisão frontal,Com Vítimas Feridas,Amanhecer,Crescente,Chuva,Simples,Reta,Não,3,0,1,1,0,2,2,4,"-18,8805996","-46,91838322",SPRF-MG,DEL10-MG,UOP01-DEL10-MG
413123,2022-02-05,sábado,20:30:00,ES,101,431,ATILIO VIVACQUA,Velocidade Incompatível,Colisão frontal,Com Vítimas Feridas,Plena Noite,Decrescente,Nublado,Simples,Curva,Não,4,0,1,0,2,3,1,6,"-21,02628184","-41,17629902",SPRF-ES,DEL03-ES,UOP02-DEL03-ES
413128,2022-02-05,sábado,21:15:00,PB,230,465,SOUSA,Ingestão de álcool pelo condutor,Colisão frontal,Sem Vítimas,Plena Noite,Crescente,Céu Claro,Simples,Reta,Sim,3,0,0,0,2,1,0,3,"-6,780169","-38,248689",SPRF-PB,DEL03-PB,UOP03-DEL03-PB
413174,2022-02-06,domingo,03:30:00,PR,153,"9,9",JACAREZINHO,Ingestão de álcool e/ou substâncias psicoativas pelo pedestre,Colisão frontal,Com Vítimas Feridas,Plena Noite,Crescente,Céu Claro,Simples,Reta,Não,2,0,0,1,1,0,1,2,"-23,0736794","-49,93399858",SPRF-PR,DEL07-PR,UOP04-DEL07-PR
413177,2022-02-06,domingo,03:15:00,SC,470,119,IBIRAMA,Velocidade Incompatível,Tombamento,Com Vítimas Feridas,Plena Noite,Decrescente,Céu Claro,Simples,Reta;Retorno Regulamentado,Não,2,0,1,0,0,2,1,3,"-27,081554","-49,520206",SPRF-SC,DEL04-SC,UOP02-DEL04-SC
413180,2022-02-06,domingo,05:20:00,MG,50,"96,1",UBERLANDIA,Reação tardia ou ineficiente do condutor,Colisão traseira,Com Vítimas Feridas,Amanhecer,Decrescente,Céu Claro,Dupla,Aclive,Não,6,0,4,0,1,3,4,5,"-19,1023739","-48,1807368",SPRF-MG,DEL15-MG,UOP01-DEL15-MG
413182,2022-02-06,domingo,05:40:00,GO,153,640,MORRINHOS,Condutor Dormindo,Saída de leito carroçável,Com Vítimas Feridas,Amanhecer,Crescente,Chuva,Dupla,Reta,Não,1,0,0,1,0,0,1,1,"-17,8799","-49,2301",SPRF-GO,DEL03-GO,UOP01-DEL03-GO
413188,2022-02-06,domingo,06:30:00,RS,290,"17,8",SANTO ANTONIO DA PATRULHA,Afundamento ou ondulação no pavimento,Saída de leito carroçável,Com Vítimas Feridas,Pleno dia,Decrescente,Sol,Dupla,Reta,Não,4,0,2,1,0,1,3,2,"-29,880892","-50,434214",SPRF-RS,DEL03-RS,UOP01-DEL03-RS
413198,2022-02-06,domingo,05:35:00,MT,70,521,VARZEA GRANDE,Condutor desrespeitou a iluminação vermelha do semáforo,Colisão transversal,Sem Vítimas,Amanhecer,Crescente,Céu Claro,Simples,Interseção de Vias,Sim,3,0,0,0,2,1,0,3,"-15,70667126","-56,13292694",SPRF-MT,DEL01-MT,UOP02-DEL01-MT
413199,2022-02-06,domingo,06:10:00,RO,364,"232,8",CACOAL,Ultrapassagem Indevida,Colisão lateral sentido oposto,Sem Vítimas,Pleno dia,Crescente,Céu Claro,Simples,Aclive;Reta,Não,3,0,0,0,2,2,0,4,"-11,46557676","-61,40744887",SPRF-RO,DEL02-RO,UOP02-DEL02-RO
413217,2022-02-06,domingo,08:30:00,RS,386,50,SEBERI,Transitar na contramão,Colisão frontal,Com Vítimas Fatais,Pleno dia,Crescente,Céu Claro,Simples,Reta,Sim,4,1,1,0,1,2,1,4,"-27,491682","-53,389172",SPRF-RS,DEL08-RS,UOP02-DEL08-RS
413218,2022-02-05,sábado,05:00:00,GO,80,"5,7",PADRE BERNARDO,Curva acentuada,Tombamento,Com Vítimas Feridas,Plena Noite,Crescente,Chuva,Simples,Curva;Aclive,Não,2,0,1,0,0,1,1,2,"-15,48312915","-48,23513031",SPRF-DF,DEL03-DF,UOP02-DEL03-DF
413222,2022-02-06,domingo,05:35:00,MG,365,415,PATOS DE MINAS,Transitar na contramão,Colisão lateral sentido oposto,Com Vítimas Fatais,Amanhecer,Crescente,Chuva,Simples,Reta,Não,22,2,7,1,11,1,8,3,"-18,67464569","-46,54518843",SPRF-MG,DEL10-MG,UOP01-DEL10-MG
413228,2022-02-06,domingo,06:35:00,MG,365,"83,4",JEQUITAI,Ausência de reação do condutor,Saída de leito carroçável,Com Vítimas Feridas,Pleno dia,Crescente,Chuva,Simples,Declive;Reta,Não,1,0,1,0,0,0,1,1,"-17,16221758","-44,400429",SPRF-MG,DEL12-MG,UOP01-DEL12-MG
413231,2022-02-06,domingo,05:00:00,RS,470,"156,9",NOVA PRATA,Iluminação deficiente,Atropelamento de Pedestre,Com Vítimas Fatais,Plena Noite,Decrescente,Nublado,Simples,Reta;Aclive,Não,2,1,0,0,0,1,0,2,"-28,78587279","-51,61410391",SPRF-RS,DEL06-RS,UOP02-DEL06-RS
413238,2022-02-06,domingo,12:00:00,SC,101,233,PALHOCA,Frear bruscamente,Colisão com objeto,Com Vítimas Feridas,Pleno dia,Crescente,Céu Claro,Dupla,Curva;Declive,Não,2,0,1,0,0,1,1,2,"-27,80376397","-48,63826211",SPRF-SC,DEL01-SC,UOP02-DEL01-SC
413240,2022-02-06,domingo,09:00:00,MG,381,447,SABARA,Carga excessiva e/ou mal acondicionada,Derramamento de carga,Sem Vítimas,Pleno dia,Decrescente,Chuva,Simples,Curva,Sim,2,0,0,0,1,1,0,2,"-19,83447607","-43,85011601",SPRF-MG,DEL01-MG,UOP01-DEL01-MG
413243,2022-02-06,domingo,10:50:00,MT,70,"0,8",BARRA DO GARCAS,Ingestão de álcool pelo condutor,Colisão lateral mesmo sentido,Sem Vítimas,Pleno dia,Crescente,Sol,Simples,Reta,Sim,9,0,0,0,4,6,0,9,"-15,895538","-52,25599",SPRF-MT,DEL07-MT,UOP01-DEL07-MT
413244,2022-02-06,domingo,13:20:00,GO,452,"175,8",ITUMBIARA,Condutor Dormindo,Colisão traseira,Com Vítimas Feridas,Pleno dia,Crescente,Céu Claro,Simples,Aclive;Reta,Não,3,0,1,0,1,3,1,5,"-18,35117173","-49,38769586",SPRF-GO,DEL03-GO,UOP02-DEL03-GO
413251,2022-02-06,domingo,04:00:00,BA,116,42,CHORROCHO,Animais na Pista,Saída de leito carroçável,Sem Vítimas,Amanhecer,Crescente,Céu Claro,Simples,Reta,Não,2,0,0,0,1,1,0,2,"-8,98249903","-39,19894206",SPRF-PE,DEL05-PE,UOP01-DEL05-PE
413254,2022-02-06,domingo,11:00:00,PR,277,307,GUARAPUAVA,Ausência de reação do condutor,Saída de leito carroçável,Com Vítimas Feridas,Pleno dia,Decrescente,Nublado,Simples,Curva;Declive,Não,1,0,1,0,0,0,1,1,"-25,317938","-51,195156",SPRF-PR,DEL08-PR,UOP01-DEL08-PR
413277,2022-02-06,domingo,16:30:00,PR,376,"630,9",SAO JOSE DOS PINHAIS,Frear bruscamente,Colisão traseira,Com Vítimas Feridas,Pleno dia,Crescente,Céu Claro,Dupla,Reta,Não,5,0,1,0,3,1,1,2,"-25,695757","-49,144882",SPRF-PR,DEL01-PR,UOP04-DEL01-PR
413284,2022-02-06,domingo,16:20:00,PR,376,592,CURITIBA,Manobra de mudança de faixa,Capotamento,Com Vítimas Feridas,Pleno dia,Decrescente,Céu Claro,Dupla,Reta,Sim,4,0,2,0,1,1,2,3,"-25,46833525","-49,35524543",SPRF-PR,DEL01-PR,UOP01-DEL01-PR
413296,2022-02-06,domingo,13:45:00,PR,277,347,GUARAPUAVA,Ingestão de álcool pelo condutor,Saída de leito carroçável,Sem Vítimas,Pleno dia,Crescente,Céu Claro,Simples,Aclive;Reta,Sim,3,0,0,0,1,2,0,3,"-25,378239","-51,506422",SPRF-PR,DEL08-PR,UOP01-DEL08-PR
413297,2022-02-06,domingo,16:10:00,PR,163,"168,3",LINDOESTE,Ausência de reação do condutor,Capotamento,Com Vítimas Feridas,Pleno dia,Crescente,Sol,Simples,Reta,Não,2,0,1,0,0,1,1,2,"-25,29248982","-53,57038619",SPRF-PR,DEL05-PR,UOP05-DEL05-PR
413309,2022-02-06,domingo,15:30:00,MT,174,365,CONQUISTA DOESTE,Transitar na contramão,Colisão frontal,Com Vítimas Feridas,Pleno dia,Decrescente,Céu Claro,Simples,Aclive;Reta,Não,3,0,1,0,2,0,1,2,"-14,64075117","-59,46615111",SPRF-MT,DEL04-MT,UOP01-DEL04-MT
413325,2022-02-06,domingo,19:45:00,MG,365,"148,9",PIRAPORA,Velocidade Incompatível,Colisão traseira,Com Vítimas Feridas,Plena Noite,Crescente,Céu Claro,Simples,Reta,Não,5,0,1,1,1,2,2,3,"-17,31522897","-44,89556828",SPRF-MG,DEL12-MG,UOP01-DEL12-MG
413337,2022-02-06,domingo,20:00:00,PR,277,"69,3",SAO JOSE DOS PINHAIS,Reação tardia ou ineficiente do condutor,Tombamento,Com Vítimas Fatais,Plena Noite,Decrescente,Nublado,Dupla,Reta,Sim,2,1,0,0,0,1,0,2,"-25,5173476","-49,11472321",SPRF-PR,DEL01-PR,UOP01-DEL01-PR
413340,2022-02-06,domingo,20:20:00,SC,101,"291,9",IMBITUBA,Ingestão de substâncias psicoativas pelo condutor,Saída de leito carroçável,Com Vítimas Feridas,Plena Noite,Crescente,Céu Claro,Dupla,Reta,Não,2,0,1,0,0,1,1,2,"-28,26980586","-48,70081551",SPRF-SC,DEL02-SC,UOP03-DEL02-SC
413354,2022-02-06,domingo,19:00:00,PB,412,"141,5",MONTEIRO,Pedestre andava na pista,Atropelamento de Pedestre,Com Vítimas Fatais,Plena Noite,Decrescente,Céu Claro,Simples,Reta,Não,3,1,1,0,0,1,1,3,"-7,872064","-37,092819",SPRF-PB,DEL02-PB,UOP02-DEL02-PB
413355,2022-02-06,domingo,21:00:00,PR,116,81,PIRAQUARA,Ausência de reação do condutor,Colisão traseira,Com Vítimas Feridas,Plena Noite,Decrescente,Nublado,Múltipla,Reta,Sim,2,0,1,0,1,0,1,2,"-25,40969292","-49,0632661",SPRF-PR,DEL01-PR,UOP01-DEL01-PR
413363,2022-02-06,domingo,22:00:00,SC,163,"110,1",GUARUJA DO SUL,Velocidade Incompatível,Colisão traseira,Com Vítimas Fatais,Plena Noite,Decrescente,Céu Claro,Simples,Reta,Não,3,1,0,0,1,2,0,4,"-26,401796","-53,5245873",SPRF-SC,DEL07-SC,UOP03-DEL07-SC
413364,2022-02-06,domingo,22:30:00,ES,101,"230,9",FUNDAO,Reação tardia ou ineficiente do condutor,Colisão lateral sentido oposto,Com Vítimas Feridas,Plena Noite,Decrescente,Nublado,Simples,Curva,Não,4,0,1,0,2,1,1,4,"-19,93558165","-40,40603211",SPRF-ES,DEL02-ES,UOP01-DEL02-ES
413372,2022-02-06,domingo,22:30:00,MS,163,"560,8",BANDEIRANTES,Reação tardia ou ineficiente do condutor,Saída de leito carroçável,Com Vítimas Feridas,Plena Noite,Decrescente,Chuva,Dupla,Reta,Não,2,0,1,0,0,1,1,2,"-19,809854","-54,371217",SPRF-MS,DEL01-MS,UOP02-DEL01-MS
413381,2022-02-06,domingo,23:02:00,MG,40,642,CONSELHEIRO LAFAIETE,Velocidade Incompatível,Tombamento,Sem Vítimas,Plena Noite,Crescente,Nublado,Simples,Reta,Não,2,0,0,0,1,3,0,4,"-20,76690251","-43,80687129",SPRF-MG,DEL05-MG,UOP02-DEL05-MG
413382,2022-02-06,domingo,23:40:00,PE,101,36,IGARASSU,Ausência de reação do condutor,Colisão traseira,Com Vítimas Feridas,Plena Noite,Crescente,Céu Claro,Dupla,Reta,Sim,2,0,0,1,1,0,1,2,"-7,788367","-34,92981702",SPRF-PE,DEL01-PE,UOP02-DEL01-PE
413391,2022-02-07,segunda-feira,00:01:00,MG,381,"760,4",TRES CORACOES,Ausência de reação do condutor,Colisão lateral mesmo sentido,Com Vítimas Feridas,Plena Noite,Crescente,Garoa/Chuvisco,Dupla,Curva,Não,4,0,1,0,2,1,1,3,"-21,6980113","-45,36670089",SPRF-MG,DEL16-MG,UOP02-DEL16-MG
413396,2022-02-07,segunda-feira,00:20:00,PE,110,241,JATOBA,Reação tardia ou ineficiente do condutor,Colisão frontal,Com Vítimas Feridas,Plena Noite,Decrescente,Céu Claro,Simples,Reta,Não,2,0,1,0,1,0,1,2,"-9,148655","-38,28464499",SPRF-BA,DEL07-BA,UOP01-DEL07-BA
413399,2022-02-07,segunda-feira,03:00:00,TO,226,23,PALMEIRAS DO TOCANTINS,Velocidade Incompatível,Saída de leito carroçável,Com Vítimas Feridas,Plena Noite,Decrescente,Nublado,Simples,Reta,Não,1,0,1,0,0,0,1,1,"-6,63551","-47,640892",SPRF-TO,DEL02-TO,UOP03-DEL02-TO
413405,2022-02-07,segunda-feira,05:35:00,SE,101,"116,4",ITAPORANGA DAJUDA,Condutor deixou de manter distância do veículo da frente,Colisão traseira,Com Vítimas Feridas,Pleno dia,Crescente,Céu Claro,Dupla,Reta,Sim,3,0,0,1,1,2,1,4,"-11,01146389","-37,31286103",SPRF-SE,DEL02-SE,UOP01-DEL02-SE
413412,2022-02-07,segunda-feira,06:30:00,GO,60,"370,7",SAO FRANCISCO DE GOIAS,Ultrapassagem Indevida,Colisão lateral mesmo sentido,Com Vítimas Feridas,Amanhecer,Crescente,Chuva,Simples,Aclive,Não,2,0,1,0,1,0,1,2,"-15,847006","-49,269092",SPRF-GO,DEL04-GO,UOP01-DEL04-GO
413413,2022-02-07,segunda-feira,02:10:00,BA,101,881,TEIXEIRA DE FREITAS,Condutor deixou de manter distância do veículo da frente,Colisão traseira,Com Vítimas Feridas,Plena Noite,Decrescente,Céu Claro,Simples,Reta,Não,3,0,0,1,1,2,1,4,"-17,5588716","-39,7262911",SPRF-BA,DEL09-BA,UOP02-DEL09-BA
413414,2022-02-07,segunda-feira,07:15:00,GO,153,"515,5",APARECIDA DE GOIANIA,Velocidade Incompatível,Saída de leito carroçável,Com Vítimas Feridas,Amanhecer,Decrescente,Chuva,Dupla,Reta,Sim,4,0,0,2,2,0,2,3,"-16,8413","-49,2454",SPRF-GO,DEL01-GO,UOP03-DEL01-GO
413419,2022-02-06,domingo,19:00:00,PR,476,77,BOCAIUVA DO SUL,Velocidade Incompatível,Saída de leito carroçável,Com Vítimas Feridas,Plena Noite,Crescente,Céu Claro,Simples,Curva,Não,1,0,1,0,0,0,1,1,"-25,108524","-49,105446",SPRF-PR,DEL01-PR,UOP02-DEL01-PR
413425,2022-02-06,domingo,18:30:00,GO,153,"317,9",RIANAPOLIS,Estacionar ou parar em local proibido,Colisão traseira,Com Vítimas Feridas,Anoitecer,Crescente,Céu Claro,Simples,Reta,Não,2,0,0,1,0,1,1,2,"-15,43861","-49,509311",SPRF-GO,DEL02-GO,UOP02-DEL02-GO
413439,2022-02-07,segunda-feira,08:58:00,SE,101,54,CARMOPOLIS,Condutor deixou de manter distância do veículo da frente,Engavetamento,Com Vítimas Feridas,Pleno dia,Decrescente,Céu Claro,Simples,Reta,Não,6,0,1,1,3,2,2,5,"-10,62656711","-36,99773792",SPRF-SE,DEL02-SE,UOP02-DEL02-SE
413459,2022-02-07,segunda-feira,10:30:00,RS,386,"350,1",ESTRELA,Objeto estático sobre o leito carroçável,Colisão com objeto,Com Vítimas Feridas,Pleno dia,Decrescente,Céu Claro,Dupla,Ponte,Sim,3,0,1,0,2,0,1,2,"-29,4743","-51,952923",SPRF-RS,DEL04-RS,UOP02-DEL04-RS
413460,2022-02-07,segunda-feira,06:20:00,SC,280,96,CORUPA,Condutor Dormindo,Saída de leito carroçável,Com Vítimas Feridas,Amanhecer,Crescente,Céu Claro,Simples,Declive;Reta,Não,1,0,1,0,0,0,1,1,"-26,38512958","-49,30811584",SPRF-SC,DEL06-SC,UOP03-DEL06-SC
413467,2022-02-07,segunda-feira,09:30:00,RO,364,10,VILHENA,Acesso irregular,Colisão transversal,Com Vítimas Feridas,Pleno dia,Decrescente,Céu Claro,Simples,Reta,Não,3,0,1,0,1,1,1,3,"-12,75325805","-60,10494774",SPRF-RO,DEL04-RO,UOP01-DEL04-RO
413468,2022-02-07,segunda-feira,10:00:00,GO,153,"205,6",URUACU,Acumulo de água sobre o pavimento,Saída de leito carroçável,Com Vítimas Fatais,Pleno dia,Decrescente,Chuva,Simples,Reta,Não,2,1,1,0,0,0,1,1,"-14,569736","-49,156287",SPRF-GO,DEL07-GO,UOP02-DEL07-GO
413475,2022-01-27,quinta-feira,05:30:00,MS,262,"104,5",AGUA CLARA,Condutor Dormindo,Saída de leito carroçável,Com Vítimas Feridas,Amanhecer,Decrescente,Nublado,Simples,Aclive,Não,2,0,1,0,0,3,1,4,"-20,55467135","-52,52903416",SPRF-MS,DEL07-MS,UOP02-DEL07-MS
413476,2022-02-07,segunda-feira,10:45:00,BA,242,729,CRISTOPOLIS,Transitar na contramão,Colisão frontal,Com Vítimas Fatais,Pleno dia,Crescente,Chuva,Simples,Reta,Não,3,1,0,0,1,1,0,3,"-12,2071561","-44,4673213",SPRF-BA,DEL10-BA,UOP01-DEL10-BA
413477,2022-02-07,segunda-feira,10:30:00,PR,277,391,CANDOI,Reação tardia ou ineficiente do condutor,Colisão traseira,Com Vítimas Feridas,Pleno dia,Decrescente,Céu Claro,Simples,Reta,Não,4,0,1,0,3,0,1,2,"-25,44091094","-51,83855201",SPRF-PR,DEL08-PR,UOP01-DEL08-PR
413479,2022-02-07,segunda-feira,10:29:00,SP,116,511,CAJATI,Problema com o freio,Saída de leito carroçável,Com Vítimas Feridas,Pleno dia,Decrescente,Garoa/Chuvisco,Simples,Curva,Não,3,0,3,0,0,0,3,1,"-24,83558399","-48,2223738",SPRF-SP,DEL05-SP,UOP02-DEL05-SP
413493,2022-02-07,segunda-feira,13:30:00,PE,232,27,MORENO,Condutor deixou de manter distância do veículo da frente,Colisão traseira,Com Vítimas Feridas,Pleno dia,Crescente,Sol,Dupla,Curva,Não,6,0,2,0,3,1,2,4,"-8,11418416","-35,12568999",SPRF-PE,DEL01-PE,UOP01-DEL01-PE