id,data_inversa,dia_semana,horario,uf,br,km,municipio,causa_acidente,tipo_acidente,classificacao_acidente,fase_dia,sentido_via,condicao_metereologica,tipo_pista,tracado_via,uso_solo,pessoas,mortos,feridos_leves,feridos_graves,ilesos,ignorados,feridos,veiculos,latitude,longitude,regional,delegacia,uop
414111,2022-01-01,sábado,11:50:00,PR,116,116,CURITIBA,Manobra de mudança de faixa,Colisão lateral mesmo sentido,Com Vítimas Feridas,Pleno dia,Crescente,Céu Claro,Dupla,Reta,Não,2,0,1,0,0,1,1,2,"-25,558317","-49,306667",SPRF-PR,DEL01-PR,UOP03-DEL01-PR
414114,2022-02-10,quinta-feira,21:10:00,GO,20,"178,5",ALVORADA DO NORTE,Condutor deixou de manter distância do veículo da frente,Colisão traseira,Com Vítimas Feridas,Plena Noite,Decrescente,Nublado,Dupla,Reta,Sim,3,0,1,0,1,2,1,4,"-14,491601","-46,504112",SPRF-DF,DEL02-DF,UOP03-DEL02-DF
414115,2022-02-10,quinta-feira,18:25:00,MG,381,"793,9",SAO GONCALO DO SAPUCAI,Ausência de reação do condutor,Colisão traseira,Com Vítimas Feridas,Anoitecer,Decrescente,Céu Claro,Dupla,Reta,Não,3,0,1,0,1,1,1,3,"-21,90596106","-45,55905282",SPRF-MG,DEL16-MG,UOP02-DEL16-MG
414121,2022-02-10,quinta-feira,22:30:00,MG,365,220,BURITIZEIRO,Condutor deixou de manter distância do veículo da frente,Colisão traseira,Com Vítimas Feridas,Plena Noite,Crescente,Nevoeiro/Neblina,Simples,Reta,Não,3,0,2,0,0,1,2,3,"-17,60092813","-45,37493592",SPRF-MG,DEL12-MG,UOP01-DEL12-MG
414126,2022-02-10,quinta-feira,22:30:00,GO,60,"112,9",GOIANAPOLIS,Ausência de reação do condutor,Colisão traseira,Com Vítimas Feridas,Plena Noite,Decrescente,Nublado,Dupla,Reta;Aclive,Não,4,0,0,2,1,1,2,3,"-16,45641681","-49,05570965",SPRF-GO,DEL01-GO,UOP01-DEL01-GO
414127,2022-02-10,quinta-feira,23:25:00,SC,470,63,INDAIAL,Velocidade Incompatível,Colisão traseira,Com Vítimas Feridas,Plena Noite,Crescente,Céu Claro,Simples,Reta,Sim,3,0,0,1,1,1,1,3,"-26,872396","-49,19228",SPRF-SC,DEL04-SC,UOP01-DEL04-SC
414129,2022-02-10,quinta-feira,16:00:00,MT,163,997,TERRA NOVA DO NORTE,Acessar a via sem observar a presença dos outros veículos,Colisão transversal,Com Vítimas Feridas,Pleno dia,Decrescente,Sol,Simples,Reta,Não,4,0,1,0,1,4,1,6,"-10,66092498","-55,13234203",SPRF-MT,DEL06-MT,NPF/DEL06-MT
414130,2022-02-11,sexta-feira,00:10:00,BA,116,474,SANTO ESTEVAO,Demais falhas mecânicas ou elétricas,Incêndio,Sem Vítimas,Plena Noite,Decrescente,Céu Claro,Dupla,Reta,Não,2,0,0,0,0,2,0,2,"-12,48458706","-39,31922297",SPRF-BA,DEL02-BA,UOP01-DEL02-BA
414131,2022-02-11,sexta-feira,00:30:00,MG,381,364,SAO GONCALO DO RIO ABAIXO,Ausência de reação do condutor,Colisão transversal,Com Vítimas Fatais,Plena Noite,Decrescente,Garoa/Chuvisco,Simples,Curva,Não,4,1,1,0,1,1,1,4,"-19,84955579","-43,25424839",SPRF-MG,DEL03-MG,UOP01-DEL03-MG
414132,2022-02-11,sexta-feira,00:40:00,MG,262,"518,3",LUZ,Animais na Pista,Atropelamento de Animal,Com Vítimas Feridas,Plena Noite,Crescente,Nublado,Simples,Declive;Reta,Não,2,0,0,1,0,1,1,2,"-19,79125663","-45,60083807",SPRF-MG,DEL08-MG,UOP03-DEL08-MG
414140,2022-02-10,quinta-feira,20:55:00,MG,262,"786,5",UBERABA,Velocidade Incompatível,Colisão traseira,Com Vítimas Feridas,Plena Noite,Decrescente,Céu Claro,Simples,Reta,Não,3,0,2,0,0,1,2,2,"-19,7601993","-47,81279315",SPRF-MG,DEL13-MG,UOP01-DEL13-MG
414147,2022-02-10,quinta-feira,23:30:00,MS,163,262,DOURADOS,Reação tardia ou ineficiente do condutor,Colisão traseira,Com Vítimas Fatais,Plena Noite,Crescente,Céu Claro,Dupla,Aclive;Reta,Sim,4,2,0,0,2,0,0,3,"-22,236285","-54,758851",SPRF-MS,DEL04-MS,UOP01-DEL04-MS
414149,2022-02-11,sexta-feira,01:50:00,SP,116,401,MIRACATU,Condutor Dormindo,Colisão traseira,Com Vítimas Feridas,Plena Noite,Decrescente,Céu Claro,Dupla,Reta,Não,3,0,1,0,1,4,1,6,"-24,31051469","-47,50995275",SPRF-SP,DEL04-SP,UOP02-DEL04-SP
414150,2022-02-11,sexta-feira,02:30:00,RJ,101,62,CAMPOS DOS GOYTACAZES,Condutor deixou de manter distância do veículo da frente,Colisão traseira,Com Vítimas Feridas,Plena Noite,Decrescente,Chuva,Simples,Reta,Sim,4,0,2,0,1,1,2,3,"-21,73473386","-41,32504025",SPRF-RJ,DEL08-RJ,UOP01-DEL08-RJ
414151,2022-02-11,sexta-feira,01:55:00,SP,116,"22,6",LAVRINHAS,Ausência de reação do condutor,Colisão traseira,Com Vítimas Feridas,Plena Noite,Decrescente,Nublado,Dupla,Aclive,Não,3,0,0,1,2,0,1,2,"-22,58506845","-44,87959027",SPRF-SP,DEL08-SP,UOP02-DEL08-SP
414154,2022-02-11,sexta-feira,02:10:00,MG,262,157,SAO DOMINGOS DO PRATA,Ausência de reação do condutor,Tombamento,Com Vítimas Fatais,Plena Noite,Decrescente,Garoa/Chuvisco,Simples,Curva,Não,2,1,0,0,0,1,0,2,"-19,96304722","-42,81017502",SPRF-MG,DEL03-MG,UOP03-DEL03-MG
414155,2022-02-11,sexta-feira,02:40:00,RS,386,"127,8",SARANDI,Transitar na contramão,Colisão frontal,Com Vítimas Feridas,Plena Noite,Decrescente,Céu Claro,Simples,Curva,Não,3,0,1,0,1,1,1,3,"-27,920189","-52,965775",SPRF-RS,DEL08-RS,UOP01-DEL08-RS
414156,2022-02-11,sexta-feira,02:00:00,CE,222,"56,9",SAO GONCALO DO AMARANTE,Ausência de reação do condutor,Colisão traseira,Com Vítimas Feridas,Plena Noite,Decrescente,Céu Claro,Simples,Reta,Não,4,0,2,0,1,1,2,3,"-3,6696788","-39,04523401",SPRF-CE,DEL01-CE,UOP03-DEL01-CE
414157,2022-02-11,sexta-feira,01:15:00,RO,364,"177,4",PIMENTA BUENO,Mal súbito do condutor,Saída de leito carroçável,Com Vítimas Feridas,Plena Noite,Crescente,Nublado,Simples,Reta,Não,4,0,1,0,0,3,1,3,"-11,79707271","-61,05491682",SPRF-RO,DEL02-RO,UOP02-DEL02-RO
414162,2022-02-11,sexta-feira,03:00:00,MG,381,"563,1",ITAGUARA,Demais falhas mecânicas ou elétricas,Incêndio,Sem Vítimas,Pleno dia,Decrescente,Nublado,Dupla,Curva,Não,2,0,0,0,1,1,0,2,"-20,40233189","-44,509134",SPRF-MG,DEL04-MG,UOP03-DEL04-MG
414172,2022-02-11,sexta-feira,06:15:00,MT,70,"522,5",VARZEA GRANDE,Entrada inopinada do pedestre,Atropelamento de Pedestre,Com Vítimas Feridas,Amanhecer,Decrescente,Nublado,Simples,Reta,Sim,3,0,0,1,1,2,1,4,"-15,66053826","-56,18698251",SPRF-MT,DEL01-MT,UOP02-DEL01-MT
414173,2022-02-11,sexta-feira,06:50:00,ES,101,"297,6",VIANA,Condutor deixou de manter distância do veículo da frente,Colisão traseira,Com Vítimas Feridas,Pleno dia,Decrescente,Céu Claro,Dupla,Reta,Sim,4,0,1,0,3,0,1,2,"-20,35084362","-40,41297197",SPRF-ES,DEL01-ES,UOP01-DEL01-ES
414177,2022-02-11,sexta-feira,07:30:00,MG,381,364,JOAO MONLEVADE,Ausência de reação do condutor,Tombamento,Com Vítimas Feridas,Pleno dia,Decrescente,Garoa/Chuvisco,Simples,Curva,Não,5,0,2,0,2,3,2,7,"-19,859399","-43,225576",SPRF-MG,DEL03-MG,UOP01-DEL03-MG
414180,2022-02-11,sexta-feira,07:45:00,RN,304,"66,4",MOSSORO,Condutor Dormindo,Saída de leito carroçável,Com Vítimas Feridas,Pleno dia,Crescente,Céu Claro,Simples,Reta,Não,2,0,1,0,0,1,1,2,"-5,37514","-37,24089",SPRF-RN,DEL04-RN,UOP01-DEL04-RN
414185,2022-02-11,sexta-feira,07:50:00,RS,116,268,CANOAS,Manobra de mudança de faixa,Colisão lateral mesmo sentido,Com Vítimas Feridas,Pleno dia,Crescente,Céu Claro,Dupla,Reta,Sim,3,0,1,0,1,1,1,3,"-29,95042502","-51,17652939",SPRF-RS,DEL01-RS,UOP01-DEL01-RS
414198,2022-02-11,sexta-feira,05:30:00,BA,242,359,LENCOIS,Demais falhas mecânicas ou elétricas,Tombamento,Sem Vítimas,Amanhecer,Decrescente,Nublado,Simples,Curva,Não,2,0,0,0,1,3,0,4,"-12,46891769","-41,38258031",SPRF-BA,DEL06-BA,UOP01-DEL06-BA
414209,2022-02-11,sexta-feira,09:00:00,BA,116,521,ITATIM,Acessar a via sem observar a presença dos outros veículos,Colisão transversal,Sem Vítimas,Pleno dia,Crescente,Céu Claro,Simples,Reta,Sim,3,0,0,0,2,1,0,3,"-12,68846804","-39,68756198",SPRF-BA,DEL03-BA,UOP02-DEL03-BA
414226,2022-02-11,sexta-feira,06:25:00,MG,116,"192,9",CARAI,Acessar a via sem observar a presença dos outros veículos,Colisão traseira,Com Vítimas Fatais,Pleno dia,Crescente,Céu Claro,Simples,Curva,Não,3,1,0,0,1,1,0,3,"-17,17971924","-41,49345216",SPRF-MG,DEL11-MG,UOP01-DEL11-MG
414230,2022-02-11,sexta-feira,07:42:00,MG,381,"652,1",SANTO ANTONIO DO AMPARO,Velocidade Incompatível,Tombamento,Com Vítimas Feridas,Pleno dia,Decrescente,Chuva,Dupla,Curva,Não,2,0,1,0,0,1,1,2,"-20,98384831","-44,94479972",SPRF-MG,DEL04-MG,UOP02-DEL04-MG
414233,2022-02-11,sexta-feira,07:00:00,SC,280,251,CANOINHAS,Manobra de mudança de faixa,Colisão frontal,Com Vítimas Feridas,Pleno dia,Crescente,Céu Claro,Simples,Aclive;Reta,Não,6,0,4,0,1,1,4,3,"-26,25669092","-50,55239702",SPRF-SC,DEL06-SC,UOP04-DEL06-SC
414247,2022-02-11,sexta-feira,12:02:00,SP,381,"59,5",MAIRIPORA,Ausência de reação do condutor,Colisão transversal,Com Vítimas Feridas,Pleno dia,Decrescente,Céu Claro,Múltipla,Aclive,Não,4,0,1,0,2,2,1,4,"-23,28728433","-46,58975065",SPRF-SP,DEL03-SP,UOP01-DEL03-SP
414250,2022-01-30,domingo,11:00:00,MT,70,54,BARRA DO GARCAS,Velocidade Incompatível,Saída de leito carroçável,Com Vítimas Feridas,Pleno dia,Crescente,Nublado,Simples,Curva,Não,1,0,0,1,0,0,1,1,"-15,71763569","-52,64757802",SPRF-MT,DEL07-MT,UOP01-DEL07-MT
414251,2022-02-11,sexta-feira,12:55:00,MG,40,"275,8",TRES MARIAS,Entrada inopinada do pedestre,Atropelamento de Pedestre,Com Vítimas Feridas,Pleno dia,Crescente,Céu Claro,Simples,Aclive,Sim,3,0,1,0,1,2,1,4,"-18,19945877","-45,23770577",SPRF-MG,DEL14-MG,UOP02-DEL14-MG
414255,2022-01-26,quarta-feira,14:30:00,PR,376,616,SAO JOSE DOS PINHAIS,Ausência de reação do condutor,Saída de leito carroçável,Com Vítimas Feridas,Pleno dia,Decrescente,Céu Claro,Dupla,Curva,Sim,4,0,2,0,1,1,2,3,"-25,57583659","-49,17953679",SPRF-PR,DEL01-PR,UOP04-DEL01-PR
414268,2022-02-11,sexta-feira,16:00:00,TO,153,141,ARAGUAINA,Estacionar ou parar em local proibido,Colisão traseira,Com Vítimas Fatais,Pleno dia,Crescente,Nublado,Dupla,Reta,Sim,3,1,0,0,1,1,0,3,"-7,175959","-48,219548",SPRF-TO,DEL02-TO,UOP01-DEL02-TO
414273,2022-02-11,sexta-feira,15:20:00,BA,415,"26,9",ILHEUS,Demais falhas mecânicas ou elétricas,Colisão lateral mesmo sentido,Com Vítimas Feridas,Pleno dia,Crescente,Céu Claro,Simples,Reta,Não,2,0,1,0,1,0,1,2,"-14,796435","-39,200932",SPRF-BA,DEL05-BA,UOP01-DEL05-BA
414274,2022-02-11,sexta-feira,15:00:00,MT,163,435,VARZEA GRANDE,Condutor deixou de manter distância do veículo da frente,Colisão traseira,Com Vítimas Feridas,Pleno dia,Crescente,Céu Claro,Dupla,Reta,Sim,6,0,3,2,1,0,5,2,"-15,64087676","-56,20180607",SPRF-MT,DEL01-MT,UOP01-DEL01-MT
414278,2022-02-11,sexta-feira,17:00:00,GO,414,410,ABADIANIA,Acessar a via sem observar a presença dos outros veículos,Colisão transversal,Com Vítimas Feridas,Pleno dia,Crescente,Nublado,Simples,Interseção de Vias;Reta;Rotatória,Sim,5,0,2,0,2,1,2,3,"-16,05858626","-48,85401759",SPRF-GO,DEL02-GO,UOP01-DEL02-GO
414286,2022-02-11,sexta-feira,18:00:00,TO,153,"727,4",FIGUEIROPOLIS,Pista esburacada,Tombamento,Com Vítimas Feridas,Anoitecer,Decrescente,Chuva,Simples,Declive,Não,2,0,1,0,0,1,1,2,"-12,18062191","-49,15566363",SPRF-TO,DEL01-TO,UOP02-DEL01-TO
414296,2022-02-11,sexta-feira,15:10:00,MG,365,"17,8",MONTES CLAROS,Chuva,Colisão com objeto,Com Vítimas Feridas,Pleno dia,Decrescente,Garoa/Chuvisco,Simples,Reta,Não,2,0,1,0,1,0,1,1,"-16,87724015","-43,993381",SPRF-MG,DEL12-MG,UOP01-DEL12-MG
414297,2022-02-11,sexta-feira,16:00:00,BA,407,"138,4",SENHOR DO BONFIM,Condutor Dormindo,Colisão traseira,Com Vítimas Feridas,Pleno dia,Crescente,Céu Claro,Simples,Reta,Não,4,0,1,0,2,1,1,4,"-10,55096499","-40,13701592",SPRF-BA,DEL04-BA,UOP01-DEL04-BA
414305,2022-02-11,sexta-feira,15:30:00,BA,101,321,PRESIDENTE TANCREDO NEVES,Condutor deixou de manter distância do veículo da frente,Engavetamento,Sem Vítimas,Pleno dia,Decrescente,Sol,Simples,Reta,Não,6,0,0,0,5,1,0,5,"-13,402092","-39,40694",SPRF-BA,DEL05-BA,UOP03-DEL05-BA
414313,2022-02-11,sexta-feira,17:49:00,TO,153,781,TALISMA,Condutor deixou de manter distância do veículo da frente,Colisão lateral mesmo sentido,Sem Vítimas,Anoitecer,Crescente,Chuva,Simples,Reta,Não,4,0,0,0,3,3,0,6,"-12,65936562","-49,12069716",SPRF-TO,DEL01-TO,UOP02-DEL01-TO
414322,2022-02-11,sexta-feira,20:20:00,GO,153,"495,5",GOIANIA,Entrada inopinada do pedestre,Atropelamento de Pedestre,Com Vítimas Fatais,Plena Noite,Crescente,Nublado,Múltipla,Aclive,Sim,3,1,0,0,1,1,0,3,"-16,6681","-49,2263",SPRF-GO,DEL01-GO,UOP01-DEL01-GO
414344,2022-02-11,sexta-feira,20:00:00,BA,116,53,CHORROCHO,Ausência de reação do condutor,Tombamento,Sem Vítimas,Plena Noite,Crescente,Nublado,Simples,Reta,Não,2,0,0,0,1,1,0,2,"-9,07318315","-39,15533931",SPRF-PE,DEL05-PE,UOP01-DEL05-PE
414345,2022-02-11,sexta-feira,21:30:00,RJ,116,"267,7",BARRA MANSA,Manobra de mudança de faixa,Colisão traseira,Com Vítimas Feridas,Plena Noite,Crescente,Nublado,Dupla,Reta,Sim,4,0,2,0,1,3,2,5,"-22,58964229","-44,10482516",SPRF-RJ,DEL07-RJ,UOP02-DEL07-RJ
414347,2022-02-11,sexta-feira,22:53:00,PR,376,"268,6",MARILANDIA DO SUL,Ingestão de álcool pelo condutor,Colisão traseira,Com Vítimas Feridas,Pleno dia,Decrescente,Céu Claro,Dupla,Reta,Não,3,0,1,0,1,4,1,6,"-23,74795399","-51,27162198",SPRF-PR,DEL07-PR,UOP02-DEL07-PR
414352,2022-02-11,sexta-feira,23:15:00,PE,423,69,JUPI,Ingestão de álcool pelo condutor,Colisão lateral sentido oposto,Com Vítimas Feridas,Plena Noite,Crescente,Nublado,Simples,Aclive,Não,2,0,1,0,1,0,1,2,"-8,67648714","-36,40182687",SPRF-PE,DEL03-PE,UOP01-DEL03-PE
414364,2022-02-11,sexta-feira,22:00:00,RS,392,"99,5",MORRO REDONDO,Demais falhas mecânicas ou elétricas,Tombamento,Com Vítimas Feridas,Plena Noite,Crescente,Céu Claro,Simples,Curva,Não,2,0,1,0,0,1,1,2,"-31,54130208","-52,56823006",SPRF-RS,DEL07-RS,UOP01-DEL07-RS
414373,2022-02-12,sábado,02:35:00,BA,101,"884,8",TEIXEIRA DE FREITAS,Demais falhas mecânicas ou elétricas,Tombamento,Com Vítimas Feridas,Plena Noite,Crescente,Céu Claro,Simples,Curva,Não,3,0,2,0,0,1,2,2,"-17,60160095","-39,74892569",SPRF-BA,DEL09-BA,UOP02-DEL09-BA
414382,2022-02-12,sábado,01:00:00,MS,163,581,BANDEIRANTES,Ausência de reação do condutor,Saída de leito carroçável,Com Vítimas Feridas,Plena Noite,Crescente,Céu Claro,Dupla,Reta,Não,1,0,1,0,0,0,1,1,"-19,63795482","-54,36828176",SPRF-MS,DEL06-MS,UOP02-DEL06-MS
414384,2022-02-12,sábado,00:30:00,MG,365,"626,4",UBERLANDIA,Ausência de reação do condutor,Saída de leito carroçável,Sem Vítimas,Plena Noite,Crescente,Chuva,Dupla,Aclive,Sim,2,0,0,0,1,1,0,2,"-18,90707439","-48,31737086",SPRF-MG,DEL15-MG,UOP01-DEL15-MG
414394,2022-02-11,sexta-feira,04:30:00,BA,116,347,TEOFILANDIA,Transitar na contramão,Colisão frontal,Com Vítimas Fatais,Plena Noite,Decrescente,Céu Claro,Simples,Reta,Sim,3,1,0,0,1,1,0,3,"-11,56452494","-38,98882349",SPRF-BA,DEL02-BA,UOP01-DEL02-BA
414397,2022-02-12,sábado,03:20:00,PR,277,729,FOZ DO IGUACU,Condutor Dormindo,Colisão traseira,Sem Vítimas,Plena Noite,Crescente,Céu Claro,Dupla,Viaduto,Sim,2,0,0,0,2,0,0,2,"-25,50749887","-54,58379896",SPRF-PR,DEL05-PR,UOP03-DEL05-PR
414398,2022-02-11,sexta-feira,20:05:00,PR,277,529,GUARANIACU,Manobra de mudança de faixa,Colisão frontal,Com Vítimas Fatais,Plena Noite,Decrescente,Céu Claro,Simples,Curva,Não,3,1,0,0,1,1,0,3,"-25,091649","-52,949265",SPRF-PR,DEL04-PR,UOP01-DEL04-PR
414400,2022-02-12,sábado,00:40:00,SC,101,"362,2",SANGAO,Condutor deixou de manter distância do veículo da frente,Colisão traseira,Com Vítimas Feridas,Plena Noite,Decrescente,Nublado,Dupla,Aclive;Reta,Não,2,0,0,1,1,0,1,2,"-28,67136197","-49,12225505",SPRF-SC,DEL02-SC,UOP01-DEL02-SC
414404,2022-02-12,sábado,04:30:00,BA,116,556,MILAGRES,Condutor Dormindo,Colisão lateral sentido oposto,Com Vítimas Feridas,Plena Noite,Crescente,Céu Claro,Simples,Reta,Não,4,0,1,0,2,1,1,3,"-12,91848475","-39,87281823",SPRF-BA,DEL03-BA,UOP02-DEL03-BA
414406,2022-02-12,sábado,05:19:00,GO,60,182,ABADIA DE GOIAS,Demais falhas mecânicas ou elétricas,Incêndio,Sem Vítimas,Amanhecer,Crescente,Céu Claro,Dupla,Reta,Não,2,0,0,0,1,2,0,3,"-16,7778","-49,489",SPRF-GO,DEL01-GO,UOP02-DEL01-GO
414407,2022-02-12,sábado,06:10:00,MG,381,"773,9",CAMPANHA,Condutor Dormindo,Tombamento,Com Vítimas Feridas,Amanhecer,Decrescente,Nublado,Dupla,Ponte;Reta,Não,3,0,2,0,0,1,2,2,"-21,785312","-45,435159",SPRF-MG,DEL16-MG,UOP02-DEL16-MG
414415,2022-02-12,sábado,07:18:00,SC,101,135,BALNEARIO CAMBORIU,Reação tardia ou ineficiente do condutor,Engavetamento,Com Vítimas Feridas,Pleno dia,Decrescente,Céu Claro,Dupla,Reta,Sim,4,0,2,0,1,1,2,3,"-27,0050108","-48,62677494",SPRF-SC,DEL04-SC,UOP03-DEL04-SC
414420,2022-02-12,sábado,05:30:00,SP,116,349,MIRACATU,Reação tardia ou ineficiente do condutor,Colisão traseira,Com Vítimas Feridas,Amanhecer,Decrescente,Céu Claro,Dupla,Túnel,Não,4,0,1,0,3,0,1,2,"-24,05190879","-47,213052",SPRF-SP,DEL04-SP,UOP02-DEL04-SP
414423,2022-02-12,sábado,05:20:00,SP,116,309,SAO LOURENCO DA SERRA,Condutor Dormindo,Saída de leito carroçável,Com Vítimas Feridas,Amanhecer,Decrescente,Nublado,Dupla,Reta,Não,2,0,1,0,0,1,1,2,"-23,86766013","-46,95354593",SPRF-SP,DEL04-SP,UOP01-DEL04-SP
414425,2022-02-12,sábado,05:30:00,SP,116,499,CAJATI,Reação tardia ou ineficiente do condutor,Tombamento,Com Vítimas Feridas,Pleno dia,Crescente,Céu Claro,Simples,Curva,Não,2,0,1,0,0,1,1,2,"-24,78494229","-48,18174362",SPRF-SP,DEL05-SP,UOP02-DEL05-SP
414428,2022-02-12,sábado,06:20:00,SC,282,568,NOVA ERECHIM,Ingestão de álcool pelo condutor,Colisão lateral sentido oposto,Com Vítimas Feridas,Amanhecer,Decrescente,Céu Claro,Simples,Reta,Não,2,0,0,1,1,0,1,2,"-26,899681","-52,915756",SPRF-SC,DEL07-SC,UOP02-DEL07-SC
414430,2022-02-08,terça-feira,19:00:00,MG,262,"586,1",CAMPOS ALTOS,Chuva,Colisão frontal,Sem Vítimas,Anoitecer,Decrescente,Chuva,Simples,Curva,Não,5,0,0,0,4,1,0,4,"-19,66225488","-46,10030694",SPRF-MG,DEL08-MG,UOP02-DEL08-MG
414440,2022-02-12,sábado,07:30:00,MG,365,"101,2",JEQUITAI,Acumulo de água sobre o pavimento,Colisão transversal,Com Vítimas Feridas,Pleno dia,Crescente,Chuva,Simples,Curva,Não,4,0,2,0,1,1,2,4,"-17,20168876","-44,61491494",SPRF-MG,DEL12-MG,UOP01-DEL12-MG
414446,2022-02-12,sábado,09:20:00,PE,423,132,SALOA,Condutor Dormindo,Tombamento,Com Vítimas Fatais,Pleno dia,Crescente,Céu Claro,Simples,Curva,Não,1,1,0,0,0,0,0,1,"-8,95896174","-36,76570784",SPRF-PE,DEL03-PE,UOP01-DEL03-PE
414462,2022-02-12,sábado,11:20:00,PR,376,"601,5",CURITIBA,Manobra de mudança de faixa,Colisão lateral mesmo sentido,Com Vítimas Feridas,Pleno dia,Decrescente,Sol,Dupla,Reta,Sim,3,0,1,0,1,1,1,2,"-25,53870483","-49,31263804",SPRF-PR,DEL01-PR,UOP01-DEL01-PR
414473,2022-02-12,sábado,12:10:00,CE,116,"32,8",AQUIRAZ,Manobra de mudança de faixa,Colisão lateral mesmo sentido,Com Vítimas Feridas,Pleno dia,Crescente,Céu Claro,Dupla,Reta,Sim,4,0,1,0,2,2,1,5,"-4,03174098","-38,51119995",SPRF-CE,DEL01-CE,UOP02-DEL01-CE
414478,2022-02-12,sábado,11:35:00,RO,319,59,PORTO VELHO,Ausência de reação do condutor,Colisão lateral mesmo sentido,Com Vítimas Feridas,Pleno dia,Crescente,Céu Claro,Dupla,Reta,Sim,3,0,1,0,1,2,1,4,"-8,74266195","-63,90337408",SPRF-RO,DEL01-RO,UOP01-DEL01-RO
414480,2022-02-12,sábado,09:10:00,PA,10,155,PARAGOMINAS,Condutor deixou de manter distância do veículo da frente,Engavetamento,Com Vítimas Feridas,Pleno dia,Decrescente,Céu Claro,Simples,Reta,Não,6,0,0,2,3,5,2,9,"-3,08035501","-47,47768998",SPRF-PA,DEL02-PA,UOP01-DEL02-PA
414481,2022-02-12,sábado,12:00:00,SP,381,"83,1",SAO PAULO,Velocidade Incompatível,Colisão traseira,Com Vítimas Feridas,Pleno dia,Crescente,Sol,Dupla,Reta,Sim,4,0,0,1,3,0,1,2,"-23,4309671","-46,56998022",SPRF-SP,DEL03-SP,UOP01-DEL03-SP
414489,2022-02-12,sábado,12:05:00,MT,163,646,LUCAS DO RIO VERDE,Reação tardia ou ineficiente do condutor,Colisão traseira,Com Vítimas Feridas,Pleno dia,Decrescente,Garoa/Chuvisco,Simples,Reta,Não,3,0,1,0,1,1,1,3,"-13,404467","-56,086025",SPRF-MT,DEL06-MT,UOP01-DEL06-MT
414494,2022-02-12,sábado,14:00:00,BA,135,126,RIACHAO DAS NEVES,Ausência de reação do condutor,Colisão traseira,Com Vítimas Feridas,Pleno dia,Decrescente,Céu Claro,Simples,Declive,Não,5,0,2,0,2,2,2,5,"-11,7630892","-44,9084555",SPRF-BA,DEL10-BA,UOP01-DEL10-BA
414495,2022-02-12,sábado,13:45:00,PR,277,708,SANTA TEREZINHA DE ITAIPU,Condutor deixou de manter distância do veículo da frente,Colisão lateral mesmo sentido,Com Vítimas Feridas,Pleno dia,Decrescente,Céu Claro,Dupla,Reta,Não,7,0,0,1,4,2,1,4,"-25,44290885","-54,39565306",SPRF-PR,DEL05-PR,UOP01-DEL05-PR
414497,2022-02-12,sábado,13:30:00,MS,163,490,CAMPO GRANDE,Acesso irregular,Colisão transversal,Com Vítimas Feridas,Pleno dia,Decrescente,Nublado,Simples,Reta,Sim,4,0,0,1,1,3,1,5,"-20,392849","-54,5564851",SPRF-MS,DEL01-MS,UOP02-DEL01-MS
414498,2022-02-12,sábado,14:20:00,CE,222,5,CAUCAIA,Velocidade Incompatível,Colisão traseira,Com Vítimas Feridas,Pleno dia,Decrescente,Céu Claro,Múltipla,Reta,Não,2,0,1,0,1,0,1,2,"-3,74296918","-38,61330997",SPRF-CE,DEL01-CE,UOP01-DEL01-CE
414500,2022-02-12,sábado,14:05:00,PR,116,"111,5",CURITIBA,Condutor deixou de manter distância do veículo da frente,Colisão traseira,Sem Vítimas,Pleno dia,Crescente,Sol,Dupla,Reta,Sim,4,0,0,0,3,1,0,4,"-25,55795034","-49,26853407",SPRF-PR,DEL01-PR,UOP01-DEL01-PR
414504,2022-02-12,sábado,08:00:00,MG,365,104,JEQUITAI,Obstrução na via,Colisão traseira,Com Vítimas Feridas,Pleno dia,Crescente,Chuva,Simples,Reta,Não,2,0,1,0,1,0,1,2,"-17,21442312","-44,56049104",SPRF-MG,DEL12-MG,UOP01-DEL12-MG
414518,2022-02-12,sábado,14:30:00,PR,376,16,MARINGA,Manobra de mudança de faixa,Colisão lateral mesmo sentido,Com Vítimas Feridas,Pleno dia,Crescente,Céu Claro,Dupla,Aclive,Sim,3,0,1,0,1,1,1,2,"-23,41995531","-51,8830204",SPRF-PR,DEL09-PR,UOP01-DEL09-PR
414527,2022-02-12,sábado,17:15:00,RS,287,"329,8",SANTA MARIA,Acessar a via sem observar a presença dos outros veículos,Colisão transversal,Com Vítimas Feridas,Pleno dia,Crescente,Céu Claro,Simples,Rotatória;Interseção de Vias;Viaduto,Sim,4,0,2,0,2,0,2,2,"-29,70030848","-53,84087205",SPRF-RS,DEL12-RS,UOP02-DEL12-RS
414528,2022-02-12,sábado,07:40:00,SC,280,10,SAO FRANCISCO DO SUL,Ingestão de álcool pelo condutor,Colisão traseira,Com Vítimas Feridas,Amanhecer,Decrescente,Céu Claro,Simples,Reta,Não,2,0,0,1,1,0,1,2,"-26,29625399","-48,64238799",SPRF-SC,DEL03-SC,UOP03-DEL03-SC
414543,2022-02-12,sábado,17:00:00,MG,262,"487,5",BOM DESPACHO,Ingestão de álcool pelo condutor,Colisão lateral sentido oposto,Sem Vítimas,Pleno dia,Decrescente,Nublado,Simples,Reta,Não,3,0,0,0,2,1,0,3,"-19,78526432","-45,31343803",SPRF-MG,DEL08-MG,UOP03-DEL08-MG