id,data_inversa,dia_semana,horario,uf,br,km,municipio,causa_acidente,tipo_acidente,classificacao_acidente,fase_dia,sentido_via,condicao_metereologica,tipo_pista,tracado_via,uso_solo,pessoas,mortos,feridos_leves,feridos_graves,ilesos,ignorados,feridos,veiculos,latitude,longitude,regional,delegacia,uop
416362,2022-02-21,segunda-feira,19:30:00,MG,365,735,ITUIUTABA,Condutor deixou de manter distância do veículo da frente,Colisão traseira,Com Vítimas Feridas,Plena Noite,Decrescente,Nublado,Simples,Reta;Aclive,Não,2,0,1,0,1,0,1,2,"-18,90585964","-49,32623604",SPRF-MG,DEL15-MG,UOP03-DEL15-MG
416368,2022-02-21,segunda-feira,20:10:00,RN,304,84,MOSSORO,Manobra de mudança de faixa,Colisão lateral sentido oposto,Com Vítimas Feridas,Plena Noite,Crescente,Céu Claro,Simples,Reta,Não,2,0,0,1,1,0,1,2,"-5,49932609","-37,14569806",SPRF-RN,DEL04-RN,UOP01-DEL04-RN
416372,2022-02-21,segunda-feira,20:10:00,MG,381,343,BELA VISTA DE MINAS,Acumulo de água sobre o pavimento,Colisão frontal,Com Vítimas Feridas,Plena Noite,Crescente,Chuva,Simples,Curva,Não,3,0,2,0,1,0,2,2,"-19,85663904","-43,10916603",SPRF-MG,DEL03-MG,UOP01-DEL03-MG
416376,2022-02-21,segunda-feira,15:00:00,SC,282,438,IRANI,Manobra de mudança de faixa,Colisão lateral sentido oposto,Sem Vítimas,Pleno dia,Decrescente,Chuva,Simples,Reta,Não,3,0,0,0,2,1,0,3,"-26,962492","-51,854947",SPRF-SC,DEL07-SC,UOP04-DEL07-SC
416379,2022-02-21,segunda-feira,20:20:00,RS,116,"73,9",CAMPESTRE DA SERRA,Transitar na contramão,Colisão frontal,Com Vítimas Fatais,Plena Noite,Crescente,Nublado,Simples,Reta,Não,2,1,0,0,1,0,0,2,"-28,74990158","-51,09526634",SPRF-RS,DEL05-RS,UOP03-DEL05-RS
416385,2022-02-21,segunda-feira,20:50:00,ES,101,"457,8",MIMOSO DO SUL,Conversão proibida,Colisão transversal,Com Vítimas Feridas,Plena Noite,Crescente,Céu Claro,Simples,Interseção de Vias,Não,2,0,1,0,0,1,1,2,"-21,20215642","-41,30074807",SPRF-ES,DEL03-ES,UOP02-DEL03-ES
416388,2022-02-21,segunda-feira,21:35:00,MS,60,385,CAMPO GRANDE,Ausência de reação do condutor,Saída de leito carroçável,Com Vítimas Feridas,Plena Noite,Decrescente,Nublado,Simples,Reta,Não,2,0,1,0,0,1,1,2,"-20,66977888","-54,75724625",SPRF-MS,DEL01-MS,UOP04-DEL01-MS
416392,2022-02-21,segunda-feira,21:55:00,CE,116,"90,1",CASCAVEL,Velocidade Incompatível,Colisão com objeto,Com Vítimas Feridas,Plena Noite,Decrescente,Céu Claro,Simples,Curva,Não,2,0,1,0,0,2,1,3,"-4,46831551","-38,36275578",SPRF-CE,DEL03-CE,UOP02-DEL03-CE
416393,2022-02-21,segunda-feira,21:20:00,MT,163,854,SINOP,Acessar a via sem observar a presença dos outros veículos,Colisão transversal,Com Vítimas Feridas,Plena Noite,Crescente,Céu Claro,Simples,Reta,Sim,2,0,1,0,1,0,1,2,"-11,820672","-55,48465698",SPRF-MT,DEL06-MT,NPF/DEL06-MT
416395,2022-02-21,segunda-feira,23:50:00,ES,101,"406,8",ITAPEMIRIM,Velocidade Incompatível,Tombamento,Com Vítimas Feridas,Plena Noite,Crescente,Céu Claro,Simples,Curva,Não,2,0,0,1,0,1,1,2,"-20,89278975","-41,03049296",SPRF-ES,DEL03-ES,UOP02-DEL03-ES
416406,2022-02-22,terça-feira,03:00:00,PR,476,"107,7",COLOMBO,Transitar na contramão,Colisão lateral sentido oposto,Com Vítimas Feridas,Plena Noite,Crescente,Ignorado,Simples,Curva,Não,3,0,1,0,1,1,1,3,"-25,292171","-49,15197",SPRF-PR,DEL01-PR,UOP02-DEL01-PR
416408,2022-02-21,segunda-feira,20:35:00,PI,343,474,ANGICAL DO PIAUI,Pista esburacada,Colisão com objeto,Com Vítimas Feridas,Plena Noite,Decrescente,Céu Claro,Simples,Reta,Não,2,0,0,1,0,2,1,3,"-6,12501","-42,725243",SPRF-PI,DEL01-PI,UOP02-DEL01-PI
416412,2022-02-21,segunda-feira,13:00:00,PR,277,307,GUARAPUAVA,Demais falhas mecânicas ou elétricas,Incêndio,Sem Vítimas,Pleno dia,Crescente,Céu Claro,Simples,Reta;Aclive,Não,2,0,0,0,1,2,0,3,"-25,30334725","-51,15427693",SPRF-PR,DEL08-PR,UOP01-DEL08-PR
416414,2022-02-22,terça-feira,05:06:00,MS,163,345,RIO BRILHANTE,Pedestre andava na pista,Atropelamento de Pedestre,Com Vítimas Feridas,Amanhecer,Decrescente,Céu Claro,Simples,Reta,Não,3,0,0,1,1,2,1,4,"-21,63425303","-54,42686207",SPRF-MS,DEL02-MS,UOP01-DEL02-MS
416415,2022-02-22,terça-feira,06:30:00,RS,392,"139,1",CANGUCU,Demais falhas mecânicas ou elétricas,Incêndio,Sem Vítimas,Pleno dia,Decrescente,Céu Claro,Simples,Reta,Não,2,0,0,0,1,2,0,3,"-31,25669603","-52,79508721",SPRF-RS,DEL07-RS,UOP01-DEL07-RS
416416,2022-02-22,terça-feira,06:55:00,MG,365,625,UBERLANDIA,Acumulo de óleo sobre o pavimento,Colisão lateral mesmo sentido,Com Vítimas Feridas,Pleno dia,Decrescente,Céu Claro,Dupla,Interseção de Vias,Sim,3,0,0,1,1,2,1,4,"-18,90585472","-48,32526001",SPRF-MG,DEL15-MG,UOP01-DEL15-MG
416419,2022-02-22,terça-feira,07:00:00,GO,60,97,ANAPOLIS,Reação tardia ou ineficiente do condutor,Colisão transversal,Com Vítimas Feridas,Pleno dia,Crescente,Céu Claro,Dupla,Interseção de Vias,Sim,3,0,1,0,1,1,1,3,"-16,3774","-48,9483",SPRF-GO,DEL02-GO,UOP01-DEL02-GO
416420,2022-02-22,terça-feira,01:10:00,RS,470,162,NOVA PRATA,Velocidade Incompatível,Colisão traseira,Com Vítimas Feridas,Plena Noite,Decrescente,Céu Claro,Simples,Reta,Sim,3,0,1,0,1,1,1,3,"-28,82572058","-51,58308875",SPRF-RS,DEL06-RS,UOP02-DEL06-RS
416434,2022-02-22,terça-feira,08:53:00,PR,158,"523,5",PATO BRANCO,Manobra de mudança de faixa,Colisão lateral mesmo sentido,Com Vítimas Feridas,Pleno dia,Decrescente,Céu Claro,Simples,Reta,Não,5,0,2,0,3,0,2,4,"-26,13259128","-52,65551563",SPRF-PR,DEL02-PR,UOP01-DEL02-PR
416440,2022-02-22,terça-feira,06:45:00,PR,277,"393,9",CANDOI,Velocidade Incompatível,Tombamento,Com Vítimas Feridas,Pleno dia,Decrescente,Céu Claro,Simples,Curva,Não,4,0,0,1,2,1,1,2,"-25,45009495","-51,91675186",SPRF-PR,DEL08-PR,UOP01-DEL08-PR
416454,2022-02-22,terça-feira,10:25:00,PR,116,"40,2",CAMPINA GRANDE DO SUL,Velocidade Incompatível,Tombamento,Com Vítimas Feridas,Pleno dia,Decrescente,Sol,Dupla,Curva,Não,2,0,1,0,0,1,1,2,"-25,16723198","-48,86485934",SPRF-PR,DEL01-PR,UOP02-DEL01-PR
416464,2022-01-28,sexta-feira,16:00:00,PA,10,"230,4",IPIXUNA DO PARA,Condutor deixou de manter distância do veículo da frente,Colisão traseira,Sem Vítimas,Pleno dia,Decrescente,Céu Claro,Simples,Reta,Não,2,0,0,0,2,0,0,2,"-2,41844282","-47,52147771",SPRF-PA,DEL02-PA,UOP01-DEL02-PA
416467,2022-02-22,terça-feira,12:10:00,ES,101,"145,3",LINHARES,Reação tardia ou ineficiente do condutor,Colisão traseira,Com Vítimas Feridas,Pleno dia,Crescente,Céu Claro,Múltipla,Reta,Não,3,0,1,0,2,0,1,2,"-19,36089598","-40,06464018",SPRF-ES,DEL04-ES,UOP01-DEL04-ES
416469,2022-02-22,terça-feira,11:10:00,PB,101,"54,2",SANTA RITA,Mal súbito do condutor,Colisão traseira,Com Vítimas Feridas,Pleno dia,Crescente,Sol,Dupla,Aclive,Não,3,0,0,1,1,1,1,3,"-6,95396379","-35,09058058",SPRF-PB,DEL01-PB,UOP04-DEL01-PB
416471,2022-02-22,terça-feira,10:00:00,RJ,393,184,PARAIBA DO SUL,Reação tardia ou ineficiente do condutor,Colisão lateral sentido oposto,Com Vítimas Feridas,Pleno dia,Crescente,Sol,Simples,Reta,Não,3,0,1,0,1,1,1,3,"-22,14296968","-43,27570421",SPRF-RJ,DEL05-RJ,UOP03-DEL05-RJ
416472,2022-02-10,quinta-feira,10:30:00,GO,452,78,MAURILANDIA,Pista esburacada,Tombamento,Sem Vítimas,Pleno dia,Crescente,Céu Claro,Simples,Curva,Não,2,0,0,0,1,3,0,4,"-18,0532807","-50,23024694",SPRF-GO,DEL04-GO,UOP01-DEL04-GO
416483,2022-02-10,quinta-feira,12:53:00,SC,153,"95,8",CONCORDIA,Desrespeitar a preferência no cruzamento,Colisão transversal,Com Vítimas Feridas,Pleno dia,Crescente,Céu Claro,Simples,Reta,Sim,2,0,0,1,1,0,1,2,"-27,204384","-51,949116",SPRF-SC,DEL07-SC,UOP04-DEL07-SC
416486,2022-02-22,terça-feira,13:05:00,SC,163,"85,5",GUARACIABA,Pista em desnível,Tombamento,Com Vítimas Feridas,Pleno dia,Crescente,Nublado,Simples,Reta,Sim,3,0,1,0,1,1,1,3,"-26,60730301","-53,51704391",SPRF-SC,DEL07-SC,UOP03-DEL07-SC
416487,2022-02-22,terça-feira,13:20:00,PE,101,"65,8",RECIFE,Condutor deixou de manter distância do veículo da frente,Colisão traseira,Com Vítimas Feridas,Pleno dia,Decrescente,Sol,Dupla,Reta,Sim,3,0,1,0,2,0,1,3,"-8,02478597","-34,94276635",SPRF-PE,DEL01-PE,UOP01-DEL01-PE
416490,2022-02-22,terça-feira,13:40:00,SP,153,"57,8",SAO JOSE DO RIO PRETO,Ausência de reação do condutor,Colisão traseira,Sem Vítimas,Pleno dia,Crescente,Céu Claro,Dupla,Curva,Sim,2,0,0,0,2,0,0,2,"-20,76991095","-49,34982212",SPRF-SP,DEL09-SP,UOP01-DEL09-SP
416496,2022-01-17,segunda-feira,10:30:00,BA,101,308,PRESIDENTE TANCREDO NEVES,Ultrapassagem Indevida,Colisão frontal,Com Vítimas Feridas,Pleno dia,Decrescente,Céu Claro,Simples,Reta,Não,2,0,0,1,1,0,1,2,"-13,4211559","-39,41464621",SPRF-BA,DEL05-BA,UOP03-DEL05-BA
416502,2022-02-22,terça-feira,13:30:00,RJ,116,273,BARRA MANSA,Condutor deixou de manter distância do veículo da frente,Colisão traseira,Com Vítimas Feridas,Pleno dia,Crescente,Céu Claro,Dupla,Desvio Temporário;Viaduto;Reta;Em Obras;Interseção de Vias,Sim,4,0,3,0,1,0,3,3,"-22,56100142","-44,13833993",SPRF-RJ,DEL07-RJ,UOP02-DEL07-RJ
416505,2022-02-22,terça-feira,16:10:00,SC,101,"197,8",BIGUACU,Velocidade Incompatível,Tombamento,Com Vítimas Feridas,Pleno dia,Decrescente,Céu Claro,Dupla,Curva,Sim,4,0,0,1,2,1,1,3,"-27,52658712","-48,63506019",SPRF-SC,DEL01-SC,UOP01-DEL01-SC
416506,2022-02-18,sexta-feira,13:30:00,ES,101,276,SERRA,Acumulo de água sobre o pavimento,Colisão traseira,Com Vítimas Feridas,Pleno dia,Crescente,Chuva,Dupla,Reta,Sim,2,0,0,1,1,0,1,2,"-20,20788726","-40,3133509",SPRF-ES,DEL02-ES,UOP01-DEL02-ES
416510,2022-02-22,terça-feira,15:45:00,SP,116,"147,4",SAO JOSE DOS CAMPOS,Condutor deixou de manter distância do veículo da frente,Colisão traseira,Com Vítimas Feridas,Pleno dia,Crescente,Céu Claro,Múltipla,Reta,Sim,3,0,1,1,1,0,2,2,"-23,19928933","-45,87839127",SPRF-SP,DEL02-SP,UOP01-DEL02-SP
416519,2022-02-22,terça-feira,13:30:00,MG,40,44,PARACATU,Acesso irregular,Colisão lateral mesmo sentido,Sem Vítimas,Pleno dia,Decrescente,Nublado,Simples,Interseção de Vias,Não,3,0,0,0,2,2,0,4,"-17,23101648","-46,85390396",SPRF-MG,DEL14-MG,UOP01-DEL14-MG
416521,2022-02-22,terça-feira,11:50:00,SC,101,291,IMBITUBA,Mal súbito do condutor,Colisão traseira,Com Vítimas Feridas,Pleno dia,Crescente,Céu Claro,Dupla,Reta,Não,3,0,1,0,1,1,1,3,"-28,26980586","-48,70081551",SPRF-SC,DEL02-SC,UOP03-DEL02-SC
416522,2022-02-22,terça-feira,15:30:00,GO,60,111,GOIANAPOLIS,Acumulo de água sobre o pavimento,Colisão transversal,Com Vítimas Feridas,Pleno dia,Crescente,Chuva,Dupla,Reta,Não,2,0,1,0,1,0,1,2,"-16,451","-49,0409",SPRF-GO,DEL01-GO,UOP01-DEL01-GO
416533,2022-02-22,terça-feira,13:30:00,GO,153,139,MARA ROSA,Ausência de reação do condutor,Saída de leito carroçável,Sem Vítimas,Pleno dia,Decrescente,Céu Claro,Simples,Declive,Não,2,0,0,0,1,1,0,2,"-13,985113","-49,090572",SPRF-GO,DEL07-GO,UOP01-DEL07-GO
416534,2022-02-22,terça-feira,18:00:00,RJ,40,82,PETROPOLIS,Reação tardia ou ineficiente do condutor,Colisão com objeto,Sem Vítimas,Anoitecer,Decrescente,Nublado,Simples,Reta,Sim,3,0,0,0,2,1,0,2,"-22,51183137","-43,23076171",SPRF-RJ,DEL06-RJ,UOP01-DEL06-RJ
416536,2022-02-22,terça-feira,18:40:00,PE,101,"7,3",GOIANA,Acessar a via sem observar a presença dos outros veículos,Colisão transversal,Com Vítimas Feridas,Plena Noite,Crescente,Céu Claro,Dupla,Reta,Sim,2,0,1,0,1,0,1,2,"-7,55997111","-34,99072674",SPRF-PE,DEL01-PE,UOP02-DEL01-PE
416541,2022-02-22,terça-feira,12:25:00,MA,135,67,SANTA RITA,Ausência de reação do condutor,Colisão traseira,Sem Vítimas,Pleno dia,Crescente,Céu Claro,Simples,Reta,Não,3,0,0,0,3,0,0,3,"-3,11481199","-44,32344911",SPRF-MA,DEL01-MA,UOP02-DEL01-MA
416554,2022-02-22,terça-feira,19:00:00,SP,116,110,TAUBATE,Velocidade Incompatível,Colisão lateral mesmo sentido,Com Vítimas Feridas,Anoitecer,Decrescente,Céu Claro,Dupla,Interseção de Vias,Sim,4,0,2,0,1,1,2,3,"-23,03412614","-45,5526999",SPRF-SP,DEL08-SP,UOP01-DEL08-SP
416562,2022-02-22,terça-feira,20:00:00,MG,262,649,IBIA,Pista esburacada,Colisão frontal,Com Vítimas Feridas,Plena Noite,Crescente,Nublado,Simples,Reta,Não,3,0,1,0,2,0,1,2,"-19,57219679","-46,64248556",SPRF-MG,DEL08-MG,UOP01-DEL08-MG
416566,2022-02-22,terça-feira,21:20:00,AL,316,190,TANQUE DARCA,Condutor Dormindo,Colisão frontal,Sem Vítimas,Plena Noite,Crescente,Céu Claro,Simples,Curva,Não,2,0,0,0,2,0,0,2,"-9,57757726","-36,41040786",SPRF-AL,DEL03-AL,UOP01-DEL03-AL
416567,2022-02-22,terça-feira,19:45:00,PE,101,197,AGUA PRETA,Curva acentuada,Tombamento,Com Vítimas Feridas,Plena Noite,Decrescente,Nublado,Dupla,Reta,Sim,2,0,1,0,0,1,1,2,"-8,75523097","-35,60154384",SPRF-PE,DEL01-PE,UOP01-DEL01-PE
416569,2022-02-22,terça-feira,17:10:00,RS,470,201,BENTO GONCALVES,Reação tardia ou ineficiente do condutor,Saída de leito carroçável,Com Vítimas Feridas,Pleno dia,Decrescente,Nublado,Simples,Declive;Curva,Não,1,0,1,0,0,0,1,1,"-29,07627535","-51,58905029",SPRF-RS,DEL06-RS,UOP02-DEL06-RS
416572,2022-02-23,quarta-feira,01:00:00,SP,116,"548,8",BARRA DO TURVO,Condutor Dormindo,Colisão com objeto,Com Vítimas Feridas,Plena Noite,Crescente,Céu Claro,Dupla,Curva,Não,3,0,2,0,0,1,2,2,"-24,95393","-48,447268",SPRF-SP,DEL05-SP,UOP02-DEL05-SP
416574,2022-02-23,quarta-feira,03:30:00,RS,290,"30,8",SANTO ANTONIO DA PATRULHA,Condutor Dormindo,Saída de leito carroçável,Com Vítimas Feridas,Plena Noite,Decrescente,Nevoeiro/Neblina,Dupla,Reta,Não,1,0,1,0,0,0,1,1,"-29,883583","-50,555428",SPRF-RS,DEL03-RS,UOP01-DEL03-RS
416578,2022-02-22,terça-feira,20:15:00,RO,364,"295,5",PRESIDENTE MEDICI,Acostamento em desnível,Tombamento,Com Vítimas Feridas,Plena Noite,Crescente,Chuva,Simples,Reta,Não,2,0,1,0,0,1,1,2,"-11,28920189","-61,89866179",SPRF-RO,DEL02-RO,UOP01-DEL02-RO
416583,2022-02-23,quarta-feira,07:40:00,PR,376,681,GUARATUBA,Velocidade Incompatível,Incêndio,Sem Vítimas,Pleno dia,Crescente,Céu Claro,Dupla,Reta,Não,2,0,0,0,1,2,0,3,"-25,96596616","-48,89663319",SPRF-PR,DEL01-PR,UOP04-DEL01-PR
416585,2022-02-23,quarta-feira,06:55:00,RN,226,0,NATAL,Manobra de mudança de faixa,Colisão lateral mesmo sentido,Sem Vítimas,Pleno dia,Decrescente,Céu Claro,Simples,Reta,Sim,2,0,0,0,2,0,0,2,"-5,800019","-35,238174",SPRF-RN,DEL01-RN,UOP02-DEL01-RN
416586,2022-02-19,sábado,14:00:00,GO,153,494,GOIANIA,Manobra de mudança de faixa,Saída de leito carroçável,Sem Vítimas,Pleno dia,Crescente,Chuva,Dupla,Ponte,Sim,2,0,0,0,1,2,0,3,"-16,67391998","-49,1855067",SPRF-GO,DEL01-GO,UOP01-DEL01-GO
416596,2022-02-23,quarta-feira,07:20:00,SC,101,"113,3",ITAJAI,Acessar a via sem observar a presença dos outros veículos,Colisão transversal,Com Vítimas Feridas,Pleno dia,Decrescente,Céu Claro,Múltipla,Reta,Não,3,0,1,0,1,1,1,3,"-26,85311393","-48,72689927",SPRF-SC,DEL04-SC,UOP04-DEL04-SC
416610,2022-02-23,quarta-feira,07:30:00,RJ,493,96,SEROPEDICA,Velocidade Incompatível,Saída de leito carroçável,Sem Vítimas,Amanhecer,Decrescente,Céu Claro,Dupla,Curva,Não,2,0,0,0,1,1,0,2,"-22,71546826","-43,70457888",SPRF-RJ,DEL03-RJ,UOP01-DEL03-RJ
416615,2022-02-16,quarta-feira,08:58:00,TO,153,405,MIRANORTE,Reação tardia ou ineficiente do condutor,Colisão com objeto,Sem Vítimas,Pleno dia,Decrescente,Nublado,Simples,Aclive,Não,2,0,0,0,1,2,0,3,"-9,45445904","-48,57818379",SPRF-TO,DEL02-TO,UOP02-DEL02-TO
416618,2022-02-17,quinta-feira,16:25:00,RJ,101,144,MACAE,Carga excessiva e/ou mal acondicionada,Tombamento,Com Vítimas Feridas,Pleno dia,Crescente,Nublado,Dupla,Rotatória,Não,1,0,1,0,0,0,1,1,"-22,21662897","-41,75617933",SPRF-RJ,DEL08-RJ,UOP04-DEL08-RJ
416619,2022-02-23,quarta-feira,11:00:00,PR,153,"368,5",RIO AZUL,Acessar a via sem observar a presença dos outros veículos,Colisão lateral sentido oposto,Com Vítimas Feridas,Pleno dia,Crescente,Céu Claro,Simples,Curva,Não,3,0,0,1,1,2,1,4,"-25,647917","-50,73187908",SPRF-PR,DEL03-PR,UOP03-DEL03-PR
416620,2022-02-23,quarta-feira,10:45:00,PR,277,105,CAMPO LARGO,Reação tardia ou ineficiente do condutor,Colisão lateral mesmo sentido,Com Vítimas Feridas,Pleno dia,Crescente,Sol,Dupla,Declive;Curva,Não,5,0,4,0,1,0,4,2,"-25,43446479","-49,41424549",SPRF-PR,DEL01-PR,UOP03-DEL03-PR
416625,2022-02-23,quarta-feira,02:45:00,MA,230,403,BALSAS,Ingestão de álcool pelo condutor,Colisão transversal,Sem Vítimas,Plena Noite,Decrescente,Céu Claro,Simples,Reta,Sim,6,0,0,0,1,5,0,4,"-7,51686308","-46,03524183",SPRF-MA,DEL05-MA,UOP01-DEL05-MA
416632,2022-02-23,quarta-feira,12:50:00,SP,116,204,ARUJA,Manobra de mudança de faixa,Colisão traseira,Com Vítimas Feridas,Pleno dia,Crescente,Céu Claro,Múltipla,Reta,Não,4,0,2,0,2,0,2,2,"-23,41236123","-46,35692496",SPRF-SP,DEL01-SP,UOP01-DEL01-SP
416642,2022-01-27,quinta-feira,20:00:00,BA,116,47,CHORROCHO,Demais falhas mecânicas ou elétricas,Incêndio,Sem Vítimas,Plena Noite,Crescente,Ignorado,Simples,Reta,Não,2,0,0,0,1,1,0,2,"-9,02359667","-39,17918934",SPRF-PE,DEL05-PE,UOP01-DEL05-PE
416644,2022-02-23,quarta-feira,13:00:00,PE,101,68,RECIFE,Condutor deixou de manter distância do veículo da frente,Colisão traseira,Com Vítimas Feridas,Pleno dia,Decrescente,Sol,Simples,Reta,Sim,2,0,1,0,1,0,1,2,"-8,05074296","-34,94580619",SPRF-PE,DEL01-PE,UOP01-DEL01-PE
416645,2022-02-23,quarta-feira,13:45:00,RS,386,"418,3",MONTENEGRO,Transitar na contramão,Colisão frontal,Com Vítimas Feridas,Pleno dia,Decrescente,Céu Claro,Simples,Aclive,Não,3,0,1,0,1,1,1,3,"-29,819609","-51,442814",SPRF-RS,DEL04-RS,UOP02-DEL04-RS
416646,2022-01-27,quinta-feira,08:20:00,BA,101,"745,8",ITABELA,Reação tardia ou ineficiente do condutor,Colisão lateral sentido oposto,Com Vítimas Feridas,Pleno dia,Crescente,Nublado,Simples,Interseção de Vias,Sim,3,0,0,1,1,2,1,4,"-16,57249","-39,559",SPRF-BA,DEL09-BA,UOP01-DEL09-BA
416649,2022-02-23,quarta-feira,14:21:00,MG,381,385,SAO GONCALO DO RIO ABAIXO,Velocidade Incompatível,Colisão traseira,Com Vítimas Feridas,Pleno dia,Crescente,Céu Claro,Simples,Reta,Sim,4,0,0,1,2,1,1,4,"-19,84141645","-43,32982083",SPRF-MG,DEL01-MG,UOP01-DEL01-MG
416650,2022-02-23,quarta-feira,11:00:00,SC,153,"88,4",CONCORDIA,Demais falhas mecânicas ou elétricas,Tombamento,Com Vítimas Feridas,Pleno dia,Decrescente,Céu Claro,Simples,Curva,Não,2,0,1,0,0,1,1,2,"-27,176329","-51,908144",SPRF-SC,DEL07-SC,UOP04-DEL07-SC
416653,2022-02-23,quarta-feira,14:45:00,BA,242,715,CRISTOPOLIS,Pista Escorregadia,Colisão traseira,Com Vítimas Feridas,Pleno dia,Decrescente,Chuva,Simples,Curva,Não,3,0,1,0,2,0,1,2,"-12,22241559","-44,133708",SPRF-BA,DEL10-BA,UOP02-DEL10-BA
416655,2022-01-25,terça-feira,16:45:00,RO,364,25,VILHENA,Transitar na contramão,Saída de leito carroçável,Com Vítimas Feridas,Pleno dia,Decrescente,Chuva,Simples,Reta,Não,2,0,0,1,0,1,1,2,"-12,72429829","-60,23883701",SPRF-RO,DEL04-RO,UOP01-DEL04-RO
416671,2022-02-23,quarta-feira,15:08:00,RJ,393,237,VASSOURAS,Condutor Dormindo,Colisão lateral sentido oposto,Com Vítimas Feridas,Pleno dia,Decrescente,Sol,Simples,Reta,Não,3,0,0,1,1,1,1,3,"-22,42594517","-43,69228363",SPRF-RJ,DEL05-RJ,UOP03-DEL05-RJ
416672,2022-02-23,quarta-feira,15:20:00,GO,40,22,LUZIANIA,Entrada inopinada do pedestre,Atropelamento de Pedestre,Com Vítimas Feridas,Pleno dia,Decrescente,Céu Claro,Dupla,Retorno Regulamentado,Sim,3,0,0,1,1,1,1,3,"-16,227484","-47,914109",SPRF-DF,DEL01-DF,UOP01-DEL01-DF
416675,2022-02-23,quarta-feira,16:30:00,SP,116,500,CAJATI,Problema com o freio,Incêndio,Sem Vítimas,Pleno dia,Decrescente,Céu Claro,Simples,Reta,Não,2,0,0,0,2,0,0,2,"-24,78162109","-48,18342711",SPRF-SP,DEL05-SP,UOP02-DEL05-SP
416676,2022-02-23,quarta-feira,15:13:00,SC,101,384,ICARA,Manobra de mudança de faixa,Colisão lateral mesmo sentido,Com Vítimas Feridas,Pleno dia,Decrescente,Céu Claro,Dupla,Viaduto,Não,2,0,1,0,0,1,1,2,"-28,77637687","-49,31553483",SPRF-SC,DEL02-SC,UOP02-DEL02-SC
416677,2022-02-23,quarta-feira,16:50:00,SC,101,214,PALHOCA,Transitar na calçada,Colisão lateral sentido oposto,Com Vítimas Feridas,Pleno dia,Crescente,Sol,Simples,Reta,Não,2,0,1,0,1,0,1,2,"-27,64443","-48,67057",SPRF-SC,DEL01-SC,UOP02-DEL01-SC
416681,2022-02-23,quarta-feira,13:40:00,MT,364,277,JACIARA,Reação tardia ou ineficiente do condutor,Saída de leito carroçável,Com Vítimas Feridas,Pleno dia,Decrescente,Sol,Simples,Declive,Não,2,0,0,1,0,1,1,2,"-15,95076591","-54,99952397",SPRF-MT,DEL02-MT,UOP01-DEL02-MT
416699,2022-02-23,quarta-feira,18:30:00,SC,101,430,SOMBRIO,Demais falhas mecânicas ou elétricas,Incêndio,Sem Vítimas,Anoitecer,Decrescente,Nublado,Dupla,Reta,Não,1,0,0,0,1,0,0,1,"-29,05578387","-49,62209542",SPRF-SC,DEL02-SC,UOP02-DEL02-SC
416710,2022-02-23,quarta-feira,11:10:00,MG,116,"783,8",LEOPOLDINA,Reação tardia ou ineficiente do condutor,Tombamento,Com Vítimas Feridas,Pleno dia,Crescente,Céu Claro,Simples,Curva,Não,2,0,1,0,0,1,1,2,"-21,63888361","-42,70379911",SPRF-MG,DEL07-MG,UOP01-DEL07-MG
416712,2022-02-23,quarta-feira,16:15:00,MG,116,"394,5",GOVERNADOR VALADARES,Condutor Dormindo,Colisão frontal,Com Vítimas Feridas,Pleno dia,Crescente,Céu Claro,Simples,Reta,Não,6,0,0,1,4,2,1,5,"-18,732496","-41,98694203",SPRF-MG,DEL06-MG,UOP01-DEL06-MG
416717,2022-02-23,quarta-feira,19:30:00,PR,163,"212,7",CASCAVEL,Velocidade Incompatível,Tombamento,Com Vítimas Feridas,Plena Noite,Decrescente,Céu Claro,Simples,Reta,Não,2,0,1,0,1,0,1,1,"-24,92573701","-53,53696393",SPRF-PR,DEL04-PR,UOP01-DEL04-PR
416719,2022-02-23,quarta-feira,18:30:00,MT,364,280,JACIARA,Mal súbito do condutor,Saída de leito carroçável,Com Vítimas Feridas,Anoitecer,Decrescente,Nublado,Dupla,Aclive,Não,2,0,0,1,0,2,1,3,"-15,9364519","-55,0199037",SPRF-MT,DEL05-MT,UOP02-DEL05-MT
416726,2022-02-23,quarta-feira,19:50:00,SP,116,65,GUARATINGUETA,Manobra de mudança de faixa,Tombamento,Sem Vítimas,Plena Noite,Decrescente,Céu Claro,Dupla,Curva,Sim,2,0,0,0,1,1,0,2,"-22,823273","-45,192806",SPRF-SP,DEL08-SP,UOP01-DEL08-SP
416727,2022-02-23,quarta-feira,19:00:00,BA,101,763,ITABELA,Ultrapassagem Indevida,Colisão lateral mesmo sentido,Com Vítimas Feridas,Plena Noite,Crescente,Céu Claro,Simples,Reta,Não,4,0,1,0,1,2,1,4,"-16,85914294","-39,49450809",SPRF-BA,DEL09-BA,UOP01-DEL09-BA
416728,2022-02-23,quarta-feira,20:00:00,RR,174,503,BOA VISTA,Condutor deixou de manter distância do veículo da frente,Colisão traseira,Sem Vítimas,Plena Noite,Decrescente,Céu Claro,Dupla,Rotatória,Sim,4,0,0,0,4,0,0,2,"2,80721341","-60,69096565",SPRF-RR,DEL01-RR,UOP01-DEL01-RR