id,data_inversa,dia_semana,horario,uf,br,km,municipio,causa_acidente,tipo_acidente,classificacao_acidente,fase_dia,sentido_via,condicao_metereologica,tipo_pista,tracado_via,uso_solo,pessoas,mortos,feridos_leves,feridos_graves,ilesos,ignorados,feridos,veiculos,latitude,longitude,regional,delegacia,uop
416729,2022-02-23,quarta-feira,15:55:00,DF,251,24,BRASILIA,Demais falhas mecânicas ou elétricas,Saída de leito carroçável,Com Vítimas Feridas,Pleno dia,Decrescente,Céu Claro,Simples,Declive,Não,1,0,1,0,0,0,1,1,"-15,957002","-47,671162",SPRF-DF,DEL01-DF,UOP01-DEL01-DF
416730,2022-01-14,sexta-feira,23:00:00,BA,420,240,LAJE,Mal súbito do condutor,Saída de leito carroçável,Com Vítimas Feridas,Plena Noite,Crescente,Céu Claro,Simples,Reta,Não,1,0,0,1,0,0,1,1,"-13,173876","-39,408077",SPRF-BA,DEL01-BA,UOP02-DEL01-BA
416736,2022-02-23,quarta-feira,20:45:00,MG,116,"742,5",LEOPOLDINA,Acessar a via sem observar a presença dos outros veículos,Colisão transversal,Com Vítimas Feridas,Plena Noite,Decrescente,Céu Claro,Simples,Reta,Não,2,0,0,1,1,0,1,2,"-21,40594838","-42,50133258",SPRF-MG,DEL07-MG,UOP01-DEL07-MG
416739,2022-02-23,quarta-feira,16:03:00,BA,324,"0,8",SALVADOR,Demais falhas mecânicas ou elétricas,Eventos atípicos,Sem Vítimas,Pleno dia,Decrescente,Céu Claro,Dupla,Aclive;Viaduto,Sim,2,0,0,0,1,1,0,2,"-12,971561","-38,511154",SPRF-BA,DEL01-BA,UOP01-DEL01-BA
416740,2022-02-23,quarta-feira,21:20:00,SC,282,"372,7",HERVAL DOESTE,Ausência de reação do condutor,Colisão traseira,Com Vítimas Fatais,Plena Noite,Crescente,Céu Claro,Simples,Reta,Não,3,1,0,0,1,2,0,4,"-27,251827","-51,446991",SPRF-SC,DEL07-SC,UOP05-DEL07-SC
416743,2022-02-23,quarta-feira,20:30:00,GO,364,305,MINEIROS,Chuva,Tombamento,Com Vítimas Feridas,Plena Noite,Decrescente,Chuva,Simples,Reta,Não,2,0,1,0,0,1,1,2,"-17,517811","-52,532791",SPRF-GO,DEL05-GO,UOP01-DEL05-GO
416744,2022-02-23,quarta-feira,20:40:00,MA,10,"316,4",ACAILANDIA,Ausência de reação do condutor,Colisão com objeto,Com Vítimas Fatais,Plena Noite,Decrescente,Céu Claro,Simples,Aclive,Não,3,1,0,1,0,1,1,2,"-4,982702","-47,522224",SPRF-MA,DEL04-MA,UOP03-DEL04-MA
416745,2022-02-23,quarta-feira,19:45:00,PA,230,1122,ITAITUBA,Problema com o freio,Colisão transversal,Sem Vítimas,Plena Noite,Crescente,Nublado,Simples,Reta,Não,2,0,0,0,2,0,0,2,"-4,37716926","-55,85492088",SPRF-PA,DEL05-PA,UOP01-DEL05-PA
416747,2022-02-24,quinta-feira,00:15:00,CE,20,"421,3",MARACANAU,Transitar na contramão,Colisão frontal,Com Vítimas Feridas,Plena Noite,Crescente,Céu Claro,Múltipla,Reta,Sim,4,0,0,2,1,1,2,3,"-3,84780173","-38,57269764",SPRF-CE,DEL01-CE,UOP02-DEL01-CE
416748,2022-02-23,quarta-feira,19:00:00,GO,80,"29,8",PADRE BERNARDO,Ausência de reação do condutor,Saída de leito carroçável,Sem Vítimas,Plena Noite,Decrescente,Céu Claro,Simples,Aclive;Reta,Não,2,0,0,0,1,1,0,2,"-15,303066","-48,229732",SPRF-DF,DEL03-DF,UOP02-DEL03-DF
416753,2022-02-23,quarta-feira,23:00:00,MT,163,"539,8",DIAMANTINO,Pista Escorregadia,Colisão transversal,Com Vítimas Feridas,Plena Noite,Crescente,Chuva,Simples,Declive,Não,4,0,2,0,1,1,2,3,"-14,39101303","-56,11636404",SPRF-MT,DEL01-MT,UOP01-DEL01-MT
416756,2022-02-24,quinta-feira,04:30:00,SC,101,234,PALHOCA,Condutor Dormindo,Colisão traseira,Com Vítimas Feridas,Plena Noite,Decrescente,Céu Claro,Dupla,Reta,Não,3,0,1,0,1,1,1,3,"-27,81043812","-48,63537111",SPRF-SC,DEL01-SC,UOP02-DEL01-SC
416758,2022-02-24,quinta-feira,05:10:00,MG,40,613,CONGONHAS,Ausência de reação do condutor,Colisão frontal,Com Vítimas Feridas,Amanhecer,Crescente,Nublado,Simples,Reta,Não,3,0,0,1,1,1,1,3,"-20,52319889","-43,8291359",SPRF-MG,DEL05-MG,UOP02-DEL05-MG
416760,2022-02-23,quarta-feira,14:35:00,RN,101,"152,3",GOIANINHA,Ultrapassagem Indevida,Saída de leito carroçável,Sem Vítimas,Pleno dia,Decrescente,Céu Claro,Dupla,Reta,Não,1,0,0,0,1,0,0,1,"-6,30988774","-35,18750756",SPRF-RN,DEL01-RN,UOP01-DEL01-RN
416761,2022-02-24,quinta-feira,05:10:00,RS,158,316,ITAARA,Ingestão de álcool pelo condutor,Colisão lateral sentido oposto,Com Vítimas Feridas,Amanhecer,Crescente,Céu Claro,Simples,Curva,Não,2,0,1,0,1,0,1,2,"-29,65231057","-53,76503707",SPRF-RS,DEL09-RS,UOP01-DEL09-RS
416763,2022-02-24,quinta-feira,02:30:00,MG,381,"734,7",CARMO DA CACHOEIRA,Acessar a via sem observar a presença dos outros veículos,Colisão transversal,Com Vítimas Feridas,Plena Noite,Decrescente,Céu Claro,Dupla,Reta,Não,3,0,2,0,0,1,2,3,"-21,538163","-45,235536",SPRF-MG,DEL16-MG,UOP02-DEL16-MG
416764,2022-02-24,quinta-feira,04:30:00,SC,470,"303,5",CAMPOS NOVOS,Condutor Dormindo,Saída de leito carroçável,Com Vítimas Fatais,Plena Noite,Crescente,Céu Claro,Simples,Ponte,Não,1,1,0,0,0,0,0,1,"-27,3751061",-51,SPRF-SC,DEL07-SC,UOP06-DEL07-SC
416772,2022-02-24,quinta-feira,07:30:00,SP,116,207,GUARULHOS,Condutor deixou de manter distância do veículo da frente,Colisão lateral mesmo sentido,Com Vítimas Feridas,Pleno dia,Crescente,Nublado,Múltipla,Reta,Não,5,0,2,0,2,1,2,5,"-23,41972188","-46,38419203",SPRF-SP,DEL01-SP,UOP01-DEL01-SP
416774,2022-02-23,quarta-feira,20:00:00,PI,135,426,MONTE ALEGRE DO PIAUI,Reação tardia ou ineficiente do condutor,Saída de leito carroçável,Com Vítimas Feridas,Plena Noite,Crescente,Céu Claro,Simples,Curva,Não,2,0,1,0,0,1,1,2,"-9,51154295","-44,74040671",SPRF-PI,DEL03-PI,UOP02-DEL03-PI
416777,2022-02-24,quinta-feira,06:00:00,MG,116,"777,4",LEOPOLDINA,Reação tardia ou ineficiente do condutor,Tombamento,Com Vítimas Feridas,Pleno dia,Decrescente,Céu Claro,Simples,Curva,Não,2,0,1,0,0,1,1,2,"-21,59632074","-42,69196405",SPRF-MG,DEL07-MG,UOP01-DEL07-MG
416778,2022-02-24,quinta-feira,07:10:00,PR,376,601,CURITIBA,Acessar a via sem observar a presença dos outros veículos,Colisão traseira,Com Vítimas Feridas,Pleno dia,Crescente,Céu Claro,Múltipla,Reta,Sim,4,0,1,0,2,4,1,7,"-25,537054","-49,31404",SPRF-PR,DEL01-PR,UOP01-DEL01-PR
416787,2022-02-24,quinta-feira,07:30:00,CE,20,429,FORTALEZA,Acessar a via sem observar a presença dos outros veículos,Colisão lateral mesmo sentido,Com Vítimas Feridas,Pleno dia,Crescente,Céu Claro,Dupla,Reta,Não,4,0,1,0,2,2,1,5,"-3,87094169","-38,50080555",SPRF-CE,DEL01-CE,UOP02-DEL01-CE
416788,2022-02-24,quinta-feira,08:20:00,RJ,40,113,DUQUE DE CAXIAS,Manobra de mudança de faixa,Colisão lateral mesmo sentido,Com Vítimas Feridas,Pleno dia,Crescente,Céu Claro,Múltipla,Viaduto;Reta;Aclive,Sim,5,0,1,0,2,2,1,5,"-22,70948502","-43,29040354",SPRF-RJ,DEL01-RJ,UOP01-DEL01-RJ
416794,2022-02-24,quinta-feira,08:24:00,PR,376,504,PONTA GROSSA,Frear bruscamente,Colisão traseira,Com Vítimas Feridas,Pleno dia,Crescente,Céu Claro,Dupla,Aclive,Sim,5,0,1,0,3,1,1,3,"-25,23024416","-50,04503118",SPRF-PR,DEL03-PR,UOP01-DEL03-PR
416798,2022-02-24,quinta-feira,06:50:00,RJ,116,163,RIO DE JANEIRO,Manobra de mudança de faixa,Colisão lateral mesmo sentido,Com Vítimas Feridas,Pleno dia,Decrescente,Céu Claro,Múltipla,Reta,Sim,2,0,1,0,1,0,1,2,"-22,802729","-43,290424",SPRF-RJ,DEL01-RJ,UOP01-DEL01-RJ
416800,2022-02-24,quinta-feira,07:25:00,RS,392,"20,1",RIO GRANDE,Manobra de mudança de faixa,Colisão lateral mesmo sentido,Com Vítimas Feridas,Pleno dia,Decrescente,Céu Claro,Dupla,Curva,Não,3,0,0,1,1,2,1,4,"-32,08573295","-52,19690099",SPRF-RS,DEL07-RS,UOP02-DEL07-RS
416804,2022-02-24,quinta-feira,04:30:00,RJ,116,"224,9",PIRAI,Demais falhas mecânicas ou elétricas,Colisão com objeto,Com Vítimas Fatais,Plena Noite,Decrescente,Nublado,Simples,Declive;Curva,Não,1,1,0,0,0,0,0,1,"-22,66765782","-43,82892218",SPRF-RJ,DEL07-RJ,UOP01-DEL07-RJ
416806,2022-02-24,quinta-feira,10:40:00,SP,116,"228,5",SAO PAULO,Reação tardia ou ineficiente do condutor,Colisão traseira,Com Vítimas Feridas,Pleno dia,Crescente,Céu Claro,Dupla,Reta,Sim,2,0,0,1,1,0,1,2,"-23,50343484","-46,56638712",SPRF-SP,DEL01-SP,UOP01-DEL01-SP
416808,2022-02-24,quinta-feira,10:00:00,PI,316,309,PICOS,Reação tardia ou ineficiente do condutor,Colisão lateral sentido oposto,Com Vítimas Feridas,Pleno dia,Crescente,Céu Claro,Dupla,Reta,Sim,3,0,1,0,0,3,1,4,"-7,07778744","-41,48370094",SPRF-PI,DEL04-PI,UOP01-DEL04-PI
416811,2022-02-24,quinta-feira,10:50:00,DF,20,22,BRASILIA,Velocidade Incompatível,Colisão com objeto,Sem Vítimas,Pleno dia,Crescente,Chuva,Dupla,Reta,Sim,1,0,0,0,1,0,0,1,"-15,59459995","-47,65937805",SPRF-DF,DEL02-DF,UOP01-DEL02-DF
416813,2022-02-23,quarta-feira,22:45:00,SC,470,"111,2",IBIRAMA,Velocidade Incompatível,Colisão frontal,Com Vítimas Feridas,Plena Noite,Decrescente,Nublado,Simples,Curva,Não,2,0,2,0,0,0,2,2,"-27,095388","-49,457878",SPRF-SC,DEL04-SC,UOP02-DEL04-SC
416816,2022-02-24,quinta-feira,11:15:00,AL,101,144,SAO MIGUEL DOS CAMPOS,Condutor deixou de manter distância do veículo da frente,Tombamento,Com Vítimas Feridas,Pleno dia,Decrescente,Céu Claro,Dupla,Reta,Não,4,0,0,1,1,2,1,3,"-9,85676299","-36,14470806",SPRF-AL,DEL02-AL,UOP01-DEL02-AL
416820,2022-02-24,quinta-feira,12:40:00,SP,116,218,GUARULHOS,Reação tardia ou ineficiente do condutor,Colisão traseira,Com Vítimas Feridas,Pleno dia,Crescente,Céu Claro,Múltipla,Reta,Sim,4,0,2,0,2,0,2,2,"-23,457972","-46,479927",SPRF-SP,DEL01-SP,UOP01-DEL01-SP
416824,2022-02-24,quinta-feira,12:30:00,SC,470,"3,9",NAVEGANTES,Desrespeitar a preferência no cruzamento,Colisão traseira,Com Vítimas Feridas,Pleno dia,Decrescente,Nublado,Simples,Interseção de Vias,Não,4,0,1,0,2,1,1,4,"-26,85848984","-48,68917298",SPRF-SC,DEL04-SC,UOP04-DEL04-SC
416829,2022-02-24,quinta-feira,11:00:00,GO,60,"248,3",INDIARA,Manobra de mudança de faixa,Colisão lateral mesmo sentido,Com Vítimas Feridas,Pleno dia,Decrescente,Céu Claro,Dupla,Reta,Não,3,0,1,0,1,2,1,4,"-17,1134","-49,9449",SPRF-GO,DEL01-GO,UOP02-DEL01-GO
416831,2022-02-24,quinta-feira,11:50:00,MT,70,523,VARZEA GRANDE,Condutor deixou de manter distância do veículo da frente,Colisão frontal,Sem Vítimas,Pleno dia,Decrescente,Sol,Simples,Reta,Sim,2,0,0,0,1,1,0,2,"-15,65084656","-56,19454612",SPRF-MT,DEL01-MT,UOP02-DEL01-MT
416833,2022-02-24,quinta-feira,14:10:00,SP,116,177,GUARAREMA,Estacionar ou parar em local proibido,Colisão traseira,Com Vítimas Feridas,Pleno dia,Decrescente,Céu Claro,Dupla,Reta,Não,3,0,1,0,2,0,1,2,"-23,32333315","-46,11958293",SPRF-SP,DEL01-SP,UOP01-DEL01-SP
416837,2022-02-12,sábado,10:30:00,SP,116,503,CAJATI,Reação tardia ou ineficiente do condutor,Saída de leito carroçável,Sem Vítimas,Pleno dia,Crescente,Céu Claro,Dupla,Reta,Não,2,0,0,0,1,1,0,2,"-24,77541893","-48,20947907",SPRF-SP,DEL05-SP,UOP02-DEL05-SP
416843,2022-02-24,quinta-feira,14:00:00,SC,116,"188,9",SAO CRISTOVAO DO SUL,Desrespeitar a preferência no cruzamento,Saída de leito carroçável,Com Vítimas Feridas,Pleno dia,Decrescente,Sol,Simples,Interseção de Vias,Não,4,0,1,0,2,2,1,4,"-27,3350988","-50,42690277",SPRF-SC,DEL05-SC,UOP03-DEL05-SC
416850,2022-02-24,quinta-feira,10:30:00,SC,163,"109,4",GUARUJA DO SUL,Demais falhas mecânicas ou elétricas,Incêndio,Sem Vítimas,Pleno dia,Crescente,Sol,Simples,Reta;Em Obras;Declive,Não,1,0,0,0,1,0,0,1,"-26,41107971","-53,52235436",SPRF-SC,DEL07-SC,UOP03-DEL07-SC
416854,2022-02-24,quinta-feira,16:00:00,MG,50,"21,3",ARAGUARI,Reação tardia ou ineficiente do condutor,Colisão traseira,Sem Vítimas,Pleno dia,Crescente,Céu Claro,Dupla,Aclive;Reta,Não,4,0,0,0,3,2,0,4,"-18,59591113","-48,05355644",SPRF-MG,DEL15-MG,UOP02-DEL15-MG
416858,2022-02-24,quinta-feira,16:40:00,RS,116,265,CANOAS,Ingestão de substâncias psicoativas pelo condutor,Colisão lateral mesmo sentido,Com Vítimas Feridas,Pleno dia,Decrescente,Céu Claro,Múltipla,Reta,Sim,4,0,2,0,2,0,2,2,"-29,92342302","-51,17780944",SPRF-RS,DEL01-RS,UOP01-DEL01-RS
416859,2022-02-05,sábado,12:30:00,MG,262,"568,4",CORREGO DANTA,Velocidade Incompatível,Colisão frontal,Com Vítimas Fatais,Pleno dia,Decrescente,Chuva,Simples,Declive;Curva,Não,6,3,0,1,1,1,1,3,"-19,72679654","-46,02061272",SPRF-MG,DEL08-MG,UOP02-DEL08-MG
416861,2022-02-24,quinta-feira,17:50:00,SC,101,"327,7",CAPIVARI DE BAIXO,Acessar a via sem observar a presença dos outros veículos,Colisão lateral mesmo sentido,Com Vítimas Feridas,Pleno dia,Decrescente,Céu Claro,Múltipla,Reta,Não,3,0,2,0,1,0,2,2,"-28,44333364","-48,96540111",SPRF-SC,DEL02-SC,UOP01-DEL02-SC
416877,2022-02-24,quinta-feira,09:25:00,MG,365,706,MONTE ALEGRE DE MINAS,Reação tardia ou ineficiente do condutor,Tombamento,Com Vítimas Feridas,Pleno dia,Crescente,Céu Claro,Dupla,Rotatória,Não,1,0,1,0,0,0,1,1,"-18,8789182","-49,05482003",SPRF-MG,DEL15-MG,UOP03-DEL15-MG
416881,2022-02-24,quinta-feira,18:30:00,RO,364,"712,3",PORTO VELHO,Reação tardia ou ineficiente do condutor,Colisão lateral mesmo sentido,Com Vítimas Feridas,Pleno dia,Crescente,Céu Claro,Simples,Rotatória,Sim,2,0,1,0,1,0,1,2,"-8,77638033","-63,87381619",SPRF-RO,DEL01-RO,UOP01-DEL01-RO
416882,2022-02-24,quinta-feira,13:00:00,RS,471,"549,8",SANTA VITORIA DO PALMAR,Animais na Pista,Tombamento,Com Vítimas Feridas,Pleno dia,Crescente,Céu Claro,Simples,Curva,Não,2,0,1,0,0,1,1,2,"-32,810402","-52,683491",SPRF-RS,DEL07-RS,UOP04-DEL07-RS
416893,2022-02-24,quinta-feira,16:45:00,SE,101,"116,1",ITAPORANGA DAJUDA,Demais falhas mecânicas ou elétricas,Incêndio,Sem Vítimas,Pleno dia,Crescente,Céu Claro,Dupla,Aclive,Não,2,0,0,0,1,2,0,3,"-11,01146389","-37,31286103",SPRF-SE,DEL02-SE,UOP01-DEL02-SE
416895,2022-02-24,quinta-feira,20:45:00,PR,116,31,CAMPINA GRANDE DO SUL,Reação tardia ou ineficiente do condutor,Colisão lateral mesmo sentido,Sem Vítimas,Plena Noite,Crescente,Céu Claro,Dupla,Aclive;Reta,Não,4,0,0,0,3,1,0,3,"-25,10158154","-48,83062487",SPRF-PR,DEL01-PR,UOP02-DEL01-PR
416898,2022-02-24,quinta-feira,20:50:00,SC,470,59,BLUMENAU,Pedestre andava na pista,Atropelamento de Pedestre,Sem Vítimas,Plena Noite,Decrescente,Nublado,Simples,Curva,Não,3,0,0,0,1,2,0,3,"-26,882812","-49,1548",SPRF-SC,DEL04-SC,UOP01-DEL04-SC
416899,2022-02-24,quinta-feira,21:20:00,SE,101,"51,6",CARMOPOLIS,Deficiência do Sistema de Iluminação/Sinalização,Tombamento,Com Vítimas Feridas,Plena Noite,Crescente,Céu Claro,Simples,Em Obras;Desvio Temporário,Não,3,0,1,0,1,1,1,3,"-10,61153091","-36,97737715",SPRF-SE,DEL02-SE,UOP02-DEL02-SE
416905,2022-02-24,quinta-feira,15:50:00,RJ,101,283,ITABORAI,Ausência de reação do condutor,Tombamento,Sem Vítimas,Pleno dia,Decrescente,Céu Claro,Dupla,Curva,Não,2,0,0,0,1,1,0,2,"-22,73591014","-42,80592689",SPRF-RJ,DEL02-RJ,UOP02-DEL02-RJ
416907,2022-02-24,quinta-feira,22:14:00,PR,369,"147,2",LONDRINA,Condutor desrespeitou a iluminação vermelha do semáforo,Colisão transversal,Com Vítimas Feridas,Plena Noite,Crescente,Nublado,Dupla,Aclive;Reta;Interseção de Vias,Sim,3,0,1,0,1,1,1,3,"-23,29313996","-51,13434613",SPRF-PR,DEL07-PR,UOP01-DEL07-PR
416911,2022-02-24,quinta-feira,22:30:00,TO,153,334,GUARAI,Ausência de reação do condutor,Colisão com objeto,Sem Vítimas,Plena Noite,Decrescente,Céu Claro,Múltipla,Reta,Sim,3,0,0,0,1,3,0,4,"-8,835718","-48,512123",SPRF-TO,DEL02-TO,UOP02-DEL02-TO
416912,2022-02-24,quinta-feira,20:40:00,BA,242,383,PALMEIRAS,Animais na Pista,Atropelamento de Animal,Com Vítimas Feridas,Plena Noite,Crescente,Céu Claro,Simples,Curva,Não,2,0,0,1,0,1,1,2,"-12,44010873","-41,51988097",SPRF-BA,DEL06-BA,UOP01-DEL06-BA
416916,2022-02-24,quinta-feira,21:11:00,SP,381,82,SAO PAULO,Manobra de mudança de faixa,Colisão traseira,Com Vítimas Feridas,Plena Noite,Crescente,Céu Claro,Múltipla,Reta,Sim,4,0,0,1,2,1,1,4,"-23,42399","-46,575112",SPRF-SP,DEL03-SP,UOP01-DEL03-SP
416924,2022-02-24,quinta-feira,18:30:00,MA,135,155,SAO MATEUS DO MARANHAO,Ultrapassagem Indevida,Colisão lateral sentido oposto,Sem Vítimas,Pleno dia,Crescente,Céu Claro,Simples,Reta,Não,5,0,0,0,4,1,0,2,"-3,80516298","-44,51156804",SPRF-MA,DEL01-MA,UOP02-DEL01-MA
416992,2022-02-25,sexta-feira,00:40:00,SC,101,"414,9",ARARANGUA,Área urbana sem a presença de local apropriado para a travessia de pedestres,Atropelamento de Pedestre,Com Vítimas Feridas,Plena Noite,Decrescente,Ignorado,Dupla,Curva,Sim,2,0,0,1,1,0,1,2,"-28,96279219","-49,52259064",SPRF-SC,DEL02-SC,UOP02-DEL02-SC
416996,2022-02-24,quinta-feira,22:30:00,RJ,116,"326,6",ITATIAIA,Condutor Dormindo,Colisão traseira,Com Vítimas Fatais,Plena Noite,Decrescente,Nublado,Dupla,Reta,Não,3,1,0,0,1,1,0,3,"-22,4985235","-44,64029623",SPRF-RJ,DEL07-RJ,UOP02-DEL07-RJ
416998,2022-02-24,quinta-feira,22:30:00,MG,40,"193,8",JOAO PINHEIRO,Condutor Dormindo,Colisão lateral sentido oposto,Com Vítimas Feridas,Plena Noite,Decrescente,Nublado,Simples,Reta;Ponte,Não,2,0,1,0,0,1,1,2,"-18,00278455","-45,86229801",SPRF-MG,DEL14-MG,UOP02-DEL14-MG
417001,2022-02-25,sexta-feira,01:30:00,RJ,116,309,RESENDE,Estacionar ou parar em local proibido,Colisão traseira,Sem Vítimas,Plena Noite,Crescente,Céu Claro,Dupla,Reta,Não,2,0,0,0,1,1,0,2,"-22,46338841","-44,48501587",SPRF-RJ,DEL07-RJ,UOP02-DEL07-RJ
417012,2022-02-25,sexta-feira,02:30:00,RS,290,"81,3",GRAVATAI,Condutor Dormindo,Saída de leito carroçável,Com Vítimas Feridas,Plena Noite,Crescente,Garoa/Chuvisco,Dupla,Reta,Não,2,0,0,1,0,1,1,2,"-29,954445","-51,06881",SPRF-RS,DEL01-RS,UOP01-DEL01-RS
417014,2022-02-25,sexta-feira,04:25:00,RS,116,234,ESTANCIA VELHA,Pista Escorregadia,Saída de leito carroçável,Com Vítimas Feridas,Amanhecer,Crescente,Céu Claro,Simples,Reta,Sim,3,0,1,0,2,0,1,3,"-29,65121313","-51,1444433",SPRF-RS,DEL01-RS,UOP02-DEL01-RS
417028,2022-02-25,sexta-feira,03:50:00,BA,242,351,LENCOIS,Demais falhas mecânicas ou elétricas,Tombamento,Com Vítimas Feridas,Plena Noite,Crescente,Céu Claro,Simples,Curva,Não,2,0,1,0,0,2,1,3,"-12,49243908","-41,3280788",SPRF-BA,DEL06-BA,UOP01-DEL06-BA
417033,2022-02-25,sexta-feira,07:24:00,TO,153,"338,8",GUARAI,Demais falhas mecânicas ou elétricas,Eventos atípicos,Sem Vítimas,Pleno dia,Decrescente,Céu Claro,Simples,Reta,Não,1,0,0,0,1,0,0,1,"-8,879303","-48,508669",SPRF-TO,DEL02-TO,UOP02-DEL02-TO
417042,2022-02-25,sexta-feira,04:00:00,GO,60,"382,9",RIO VERDE,Ingestão de álcool pelo condutor,Tombamento,Com Vítimas Feridas,Plena Noite,Crescente,Céu Claro,Dupla,Aclive;Interseção de Vias;Reta,Sim,2,0,1,0,0,2,1,3,"-17,779","-50,8933",SPRF-GO,DEL04-GO,UOP01-DEL04-GO
417045,2022-02-25,sexta-feira,05:10:00,PB,230,"280,1",SANTA LUZIA,Velocidade Incompatível,Tombamento,Com Vítimas Feridas,Amanhecer,Crescente,Céu Claro,Simples,Curva;Declive,Não,2,0,0,1,0,1,1,2,"-6,9359","-36,8505",SPRF-PB,DEL03-PB,UOP01-DEL03-PB
417046,2022-02-25,sexta-feira,07:50:00,DF,20,"45,5",BRASILIA,Velocidade Incompatível,Colisão traseira,Com Vítimas Feridas,Pleno dia,Decrescente,Céu Claro,Dupla,Reta,Não,3,0,1,0,1,1,1,3,"-15,577153","-47,467113",SPRF-DF,DEL02-DF,UOP01-DEL02-DF
417050,2022-02-25,sexta-feira,07:10:00,RS,392,73,PELOTAS,Acessar a via sem observar a presença dos outros veículos,Colisão traseira,Com Vítimas Feridas,Pleno dia,Crescente,Céu Claro,Simples,Reta,Não,2,0,1,0,1,0,1,2,"-31,71342679","-52,39537975",SPRF-RS,DEL07-RS,UOP01-DEL07-RS
417053,2022-01-28,sexta-feira,02:30:00,RJ,116,292,BARRA MANSA,Condutor Dormindo,Colisão traseira,Com Vítimas Feridas,Plena Noite,Decrescente,Céu Claro,Dupla,Reta,Não,3,0,0,1,1,1,1,3,"-22,46511993","-44,28491095",SPRF-RJ,DEL07-RJ,UOP02-DEL07-RJ
417054,2022-02-25,sexta-feira,07:20:00,MT,70,513,VARZEA GRANDE,Ausência de reação do condutor,Colisão traseira,Com Vítimas Feridas,Pleno dia,Crescente,Céu Claro,Simples,Reta,Sim,3,0,0,1,1,1,1,3,"-15,70579594","-56,1278066",SPRF-MT,DEL01-MT,UOP02-DEL01-MT
417056,2022-02-25,sexta-feira,08:30:00,SP,116,182,SANTA ISABEL,Reação tardia ou ineficiente do condutor,Colisão traseira,Com Vítimas Feridas,Pleno dia,Decrescente,Céu Claro,Múltipla,Reta,Não,3,0,1,0,1,1,1,3,"-23,3463803","-46,16481012",SPRF-SP,DEL01-SP,UOP01-DEL01-SP
417064,2022-02-25,sexta-feira,09:04:00,GO,153,"513,4",APARECIDA DE GOIANIA,Condutor deixou de manter distância do veículo da frente,Colisão lateral mesmo sentido,Com Vítimas Feridas,Pleno dia,Decrescente,Sol,Simples,Reta,Sim,3,0,0,1,0,2,1,3,"-16,8244","-49,2421",SPRF-GO,DEL01-GO,UOP03-DEL01-GO
417065,2022-02-25,sexta-feira,06:24:00,DF,20,36,BRASILIA,Reação tardia ou ineficiente do condutor,Colisão traseira,Com Vítimas Fatais,Pleno dia,Decrescente,Céu Claro,Dupla,Reta,Não,3,1,0,0,1,2,0,4,"-15,582146","-47,559162",SPRF-DF,DEL02-DF,UOP01-DEL02-DF
417066,2022-02-25,sexta-feira,09:40:00,MT,158,706,BARRA DO GARCAS,Ausência de reação do condutor,Colisão traseira,Sem Vítimas,Pleno dia,Crescente,Céu Claro,Simples,Reta,Não,3,0,0,0,1,4,0,5,"-15,10820998","-52,21274494",SPRF-MT,DEL07-MT,UOP01-DEL07-MT
417067,2022-02-25,sexta-feira,09:00:00,PR,277,"342,6",GUARAPUAVA,Acumulo de água sobre o pavimento,Colisão traseira,Com Vítimas Feridas,Pleno dia,Crescente,Chuva,Dupla,Reta,Sim,4,0,0,1,2,1,1,4,"-25,35664016","-51,46276116",SPRF-PR,DEL08-PR,UOP01-DEL08-PR
417080,2022-02-25,sexta-feira,09:15:00,SC,282,106,ALFREDO WAGNER,Acessar a via sem observar a presença dos outros veículos,Colisão lateral mesmo sentido,Sem Vítimas,Pleno dia,Crescente,Nublado,Simples,Curva,Não,2,0,0,0,2,0,0,2,"-27,697609","-49,344734",SPRF-SC,DEL01-SC,UOP03-DEL01-SC
417082,2022-02-25,sexta-feira,11:02:00,GO,40,"92,7",CRISTALINA,Desrespeitar a preferência no cruzamento,Colisão transversal,Com Vítimas Feridas,Pleno dia,Decrescente,Nublado,Simples,Interseção de Vias,Não,3,0,0,2,1,0,2,2,"-16,73396536","-47,62152856",SPRF-DF,DEL01-DF,UOP02-DEL01-DF
417084,2022-02-25,sexta-feira,10:30:00,PE,104,"119,2",PANELAS,Demais falhas mecânicas ou elétricas,Saída de leito carroçável,Com Vítimas Fatais,Pleno dia,Decrescente,Sol,Simples,Declive;Curva,Não,1,1,0,0,0,0,0,1,"-8,69214","-36,023621",SPRF-PE,DEL02-PE,UOP01-DEL02-PE
417086,2022-02-25,sexta-feira,10:00:00,MG,267,"254,5",SERITINGA,Acessar a via sem observar a presença dos outros veículos,Colisão transversal,Com Vítimas Feridas,Pleno dia,Decrescente,Céu Claro,Simples,Interseção de Vias,Não,2,0,1,0,0,1,1,2,"-21,93350568","-44,51973807",SPRF-MG,DEL17-MG,UOP01-DEL17-MG