id,data_inversa,dia_semana,horario,uf,br,km,municipio,causa_acidente,tipo_acidente,classificacao_acidente,fase_dia,sentido_via,condicao_metereologica,tipo_pista,tracado_via,uso_solo,pessoas,mortos,feridos_leves,feridos_graves,ilesos,ignorados,feridos,veiculos,latitude,longitude,regional,delegacia,uop
417089,2022-02-25,sexta-feira,06:40:00,MG,116,"208,1",CATUJI,Acessar a via sem observar a presença dos outros veículos,Colisão transversal,Com Vítimas Feridas,Pleno dia,Crescente,Céu Claro,Simples,Reta,Sim,2,0,1,0,1,0,1,2,"-17,308365","-41,518593",SPRF-MG,DEL11-MG,UOP01-DEL11-MG
417091,2022-02-25,sexta-feira,10:30:00,PR,163,"8,9",BARRACAO,Velocidade Incompatível,Tombamento,Com Vítimas Feridas,Pleno dia,Crescente,Nublado,Simples,Rotatória,Sim,2,0,1,0,0,1,1,2,"-26,25066","-53,635523",SPRF-PR,DEL02-PR,UOP02-DEL02-PR
417094,2022-02-25,sexta-feira,11:00:00,PE,101,"88,8",JABOATAO DOS GUARARAPES,Velocidade Incompatível,Colisão lateral sentido oposto,Com Vítimas Feridas,Pleno dia,Decrescente,Céu Claro,Dupla,Reta,Sim,6,0,2,3,1,0,5,3,"-8,19971387","-34,9785382",SPRF-PE,DEL01-PE,UOP01-DEL01-PE
417103,2022-02-25,sexta-feira,13:00:00,SP,116,148,SAO JOSE DOS CAMPOS,Manobra de mudança de faixa,Saída de leito carroçável,Com Vítimas Feridas,Pleno dia,Crescente,Céu Claro,Múltipla,Reta,Sim,2,0,0,1,0,1,1,2,"-23,20067421","-45,8795018",SPRF-SP,DEL02-SP,UOP01-DEL02-SP
417109,2022-02-25,sexta-feira,13:05:00,RJ,40,117,DUQUE DE CAXIAS,Ausência de reação do condutor,Colisão traseira,Com Vítimas Feridas,Pleno dia,Decrescente,Céu Claro,Dupla,Reta,Sim,4,0,1,0,3,0,1,2,"-22,745676","-43,2881",SPRF-RJ,DEL01-RJ,UOP01-DEL01-RJ
417112,2022-02-25,sexta-feira,08:20:00,SC,282,"533,8",CORDILHEIRA ALTA,Condutor deixou de manter distância do veículo da frente,Colisão traseira,Com Vítimas Feridas,Pleno dia,Crescente,Nublado,Simples,Reta,Sim,4,0,1,0,2,1,1,3,"-26,996775","-52,632465",SPRF-SC,DEL07-SC,UOP01-DEL07-SC
417114,2022-02-25,sexta-feira,14:20:00,SC,101,205,SAO JOSE,Condutor deixou de manter distância do veículo da frente,Colisão traseira,Com Vítimas Feridas,Pleno dia,Crescente,Céu Claro,Múltipla,Reta,Sim,4,0,3,0,1,0,3,3,"-27,58313237","-48,61532885",SPRF-SC,DEL01-SC,UOP01-DEL01-SC
417127,2022-02-25,sexta-feira,14:50:00,RS,116,245,SAO LEOPOLDO,Ausência de reação do condutor,Colisão traseira,Sem Vítimas,Pleno dia,Decrescente,Nublado,Dupla,Viaduto;Reta,Sim,9,0,0,0,8,1,0,6,"-29,74427148","-51,1507291",SPRF-RS,DEL01-RS,UOP02-DEL01-RS
417128,2022-02-25,sexta-feira,14:45:00,RJ,40,83,PETROPOLIS,Ausência de reação do condutor,Colisão traseira,Com Vítimas Feridas,Pleno dia,Decrescente,Céu Claro,Simples,Em Obras,Não,2,0,1,0,1,0,1,2,"-22,51910302","-43,22873364",SPRF-RJ,DEL06-RJ,UOP01-DEL06-RJ
417136,2022-02-25,sexta-feira,15:30:00,SP,153,"60,1",SAO JOSE DO RIO PRETO,Condutor deixou de manter distância do veículo da frente,Colisão traseira,Com Vítimas Feridas,Pleno dia,Crescente,Céu Claro,Dupla,Reta,Sim,3,0,1,0,1,2,1,4,"-20,79627979","-49,35480206",SPRF-SP,DEL09-SP,UOP01-DEL09-SP
417138,2022-02-25,sexta-feira,09:00:00,SC,282,143,BOM RETIRO,Ausência de reação do condutor,Colisão traseira,Com Vítimas Feridas,Pleno dia,Crescente,Ignorado,Simples,Reta,Não,2,0,1,0,0,1,1,2,"-27,811066","-49,615063",SPRF-SC,DEL05-SC,UOP01-DEL05-SC
417139,2022-02-25,sexta-feira,14:20:00,MS,163,490,CAMPO GRANDE,Acessar a via sem observar a presença dos outros veículos,Colisão traseira,Com Vítimas Feridas,Pleno dia,Crescente,Céu Claro,Simples,Reta,Sim,5,0,2,0,2,2,2,4,"-20,40017983","-54,55539878",SPRF-MS,DEL01-MS,UOP02-DEL01-MS
417140,2022-01-13,quinta-feira,11:50:00,PR,373,"221,6",IMBITUVA,Manobra de mudança de faixa,Colisão traseira,Com Vítimas Fatais,Pleno dia,Crescente,Nublado,Simples,Reta,Não,5,1,1,2,1,0,3,3,"-25,17845015","-50,58403992",SPRF-PR,DEL03-PR,UOP04-DEL03-PR
417144,2022-02-25,sexta-feira,16:00:00,BA,116,"861,2",VITORIA DA CONQUISTA,Acessar a via sem observar a presença dos outros veículos,Colisão transversal,Com Vítimas Fatais,Pleno dia,Decrescente,Céu Claro,Simples,Interseção de Vias;Reta,Não,3,1,0,0,1,1,0,3,"-15,06993464","-41,00109327",SPRF-BA,DEL08-BA,UOP01-DEL08-BA
417149,2022-02-25,sexta-feira,14:30:00,MT,364,332,SANTO ANTONIO DO LEVERGER,Chuva,Tombamento,Com Vítimas Feridas,Pleno dia,Decrescente,Chuva,Dupla,Curva,Não,1,0,1,0,0,0,1,1,"-15,82506773","-55,42827212",SPRF-MT,DEL05-MT,UOP02-DEL05-MT
417158,2022-02-25,sexta-feira,15:30:00,SE,101,73,MARUIM,Ultrapassagem Indevida,Colisão frontal,Com Vítimas Feridas,Pleno dia,Decrescente,Céu Claro,Simples,Declive,Não,3,0,0,1,1,1,1,3,"-10,75674403","-37,10467696",SPRF-SE,DEL01-SE,UOP01-DEL01-SE
417172,2022-02-25,sexta-feira,15:00:00,BA,101,"4,7",RIO REAL,Carga excessiva e/ou mal acondicionada,Incêndio,Sem Vítimas,Pleno dia,Decrescente,Céu Claro,Simples,Reta,Não,2,0,0,0,1,1,0,2,"-11,57919206","-37,87331479",SPRF-SE,DEL02-SE,UOP03-DEL02-SE
417185,2022-02-25,sexta-feira,18:20:00,PR,277,5,PARANAGUA,Manobra de mudança de faixa,Colisão transversal,Com Vítimas Feridas,Plena Noite,Crescente,Céu Claro,Múltipla,Interseção de Vias,Não,3,0,1,0,1,1,1,3,"-25,5205","-48,5095",SPRF-PR,DEL01-PR,UOP05-DEL01-PR
417187,2022-02-25,sexta-feira,15:20:00,RS,153,"28,8",TRES ARROIOS,Ultrapassagem Indevida,Colisão lateral sentido oposto,Com Vítimas Fatais,Pleno dia,Crescente,Céu Claro,Simples,Reta,Não,4,2,0,0,1,1,0,4,"-27,51888018","-52,14835565",SPRF-RS,DEL08-RS,UOP04-DEL08-RS
417192,2022-02-25,sexta-feira,12:30:00,SC,280,"89,3",CORUPA,Velocidade Incompatível,Tombamento,Sem Vítimas,Pleno dia,Decrescente,Sol,Simples,Declive;Curva,Não,1,0,0,0,1,0,0,1,"-26,41222834","-49,27628914",SPRF-SC,DEL06-SC,UOP03-DEL06-SC
417193,2022-02-25,sexta-feira,01:30:00,BA,324,596,CANDEIAS,Condutor deixou de manter distância do veículo da frente,Colisão traseira,Com Vítimas Feridas,Plena Noite,Crescente,Céu Claro,Dupla,Reta,Sim,2,0,1,0,1,0,1,2,"-12,72003796","-38,45130588",SPRF-BA,DEL01-BA,UOP01-DEL01-BA
417197,2022-02-25,sexta-feira,18:50:00,RS,472,556,URUGUAIANA,Acostamento em desnível,Tombamento,Sem Vítimas,Anoitecer,Decrescente,Céu Claro,Simples,Declive,Não,4,0,0,0,0,4,0,3,"-29,62459094","-56,8751471",SPRF-RS,DEL13-RS,UOP01-DEL13-RS
417200,2022-02-25,sexta-feira,18:30:00,BA,101,"682,3",ITAGIMIRIM,Reação tardia ou ineficiente do condutor,Colisão traseira,Com Vítimas Fatais,Anoitecer,Crescente,Céu Claro,Simples,Reta,Não,2,1,0,0,0,1,0,2,"-16,1056","-39,611463",SPRF-BA,DEL09-BA,UOP01-DEL09-BA
417225,2022-01-11,terça-feira,12:00:00,MT,163,"542,4",DIAMANTINO,Manobra de mudança de faixa,Saída de leito carroçável,Com Vítimas Feridas,Pleno dia,Decrescente,Sol,Simples,Declive,Não,4,0,0,2,1,4,2,6,"-14,37039023","-56,13386022",SPRF-MT,DEL01-MT,UOP01-DEL01-MT
417227,2022-02-25,sexta-feira,21:40:00,PR,277,5,PARANAGUA,Manobra de mudança de faixa,Colisão com objeto,Sem Vítimas,Plena Noite,Crescente,Céu Claro,Dupla,Viaduto,Sim,2,0,0,0,1,1,0,2,"-25,568198","-48,615292",SPRF-PR,DEL01-PR,UOP05-DEL01-PR
417229,2022-02-25,sexta-feira,21:00:00,MG,381,510,SAO JOAQUIM DE BICAS,Condutor Dormindo,Colisão lateral mesmo sentido,Com Vítimas Feridas,Plena Noite,Crescente,Nublado,Dupla,Reta,Não,5,0,3,0,1,1,3,4,"-20,06369839","-44,29406941",SPRF-MG,DEL01-MG,UOP03-DEL01-MG
417234,2022-02-25,sexta-feira,22:30:00,SP,116,166,JACAREI,Ausência de reação do condutor,Colisão traseira,Com Vítimas Feridas,Plena Noite,Decrescente,Nublado,Dupla,Declive,Sim,3,0,0,1,1,2,1,4,"-23,30055667","-46,01686506",SPRF-SP,DEL02-SP,UOP01-DEL02-SP
417236,2022-02-25,sexta-feira,22:20:00,PR,376,642,TIJUCAS DO SUL,Ausência de sinalização,Colisão traseira,Com Vítimas Feridas,Plena Noite,Crescente,Nublado,Dupla,Curva,Não,4,0,1,1,1,2,2,5,"-25,79776723","-49,13128569",SPRF-PR,DEL01-PR,UOP04-DEL01-PR
417238,2022-02-25,sexta-feira,22:25:00,MT,364,587,DIAMANTINO,Condutor deixou de manter distância do veículo da frente,Colisão traseira,Com Vítimas Feridas,Plena Noite,Crescente,Nublado,Dupla,Reta,Não,2,0,1,0,1,0,1,2,"-14,61012536","-56,25164264",SPRF-MT,DEL01-MT,UOP01-DEL01-MT
417240,2022-02-25,sexta-feira,21:25:00,PR,116,"26,2",CAMPINA GRANDE DO SUL,Reação tardia ou ineficiente do condutor,Tombamento,Com Vítimas Fatais,Plena Noite,Decrescente,Céu Claro,Dupla,Curva,Não,2,1,0,0,0,2,0,3,"-25,10786","-48,787545",SPRF-PR,DEL01-PR,UOP02-DEL01-PR
417241,2022-02-25,sexta-feira,20:30:00,RS,153,569,BAGE,Demais falhas mecânicas ou elétricas,Incêndio,Sem Vítimas,Plena Noite,Crescente,Céu Claro,Simples,Curva,Não,2,0,0,0,1,1,0,2,"-30,98503011","-53,64460786",SPRF-RS,DEL11-RS,UOP03-DEL11-RS
417245,2022-02-26,sábado,00:15:00,ES,101,159,LINHARES,Demais falhas mecânicas ou elétricas,Incêndio,Sem Vítimas,Plena Noite,Crescente,Nublado,Simples,Reta,Sim,2,0,0,0,1,3,0,4,"-19,4684012","-40,1102557",SPRF-ES,DEL04-ES,UOP01-DEL04-ES
417260,2022-02-25,sexta-feira,13:30:00,BA,101,711,EUNAPOLIS,Curva acentuada,Tombamento,Sem Vítimas,Pleno dia,Decrescente,Nublado,Simples,Curva,Não,2,0,0,0,1,1,0,2,"-16,49374594","-39,57503506",SPRF-BA,DEL09-BA,UOP01-DEL09-BA
417264,2022-02-26,sábado,02:05:00,RS,392,270,CACAPAVA DO SUL,Ingestão de álcool pelo condutor,Colisão com objeto,Sem Vítimas,Plena Noite,Decrescente,Céu Claro,Simples,Aclive;Reta,Não,2,0,0,0,1,1,0,2,"-30,39213722","-53,5059492",SPRF-RS,DEL09-RS,UOP02-DEL09-RS
417271,2022-02-26,sábado,02:58:00,SC,470,"3,1",NAVEGANTES,Transitar na contramão,Colisão frontal,Com Vítimas Feridas,Plena Noite,Crescente,Céu Claro,Múltipla,Reta,Sim,4,0,1,0,2,1,1,3,"-26,861937","-48,681618",SPRF-SC,DEL04-SC,UOP04-DEL04-SC
417272,2022-02-26,sábado,01:10:00,MT,163,"6,8",ITIQUIRA,Ingestão de álcool pelo condutor,Colisão transversal,Sem Vítimas,Plena Noite,Decrescente,Céu Claro,Dupla,Reta,Não,3,0,0,0,2,2,0,4,"-17,46629508","-54,7431304",SPRF-MT,DEL02-MT,UOP01-DEL02-MT
417277,2022-02-26,sábado,03:50:00,RS,386,35,FREDERICO WESTPHALEN,Transitar na contramão,Colisão frontal,Com Vítimas Feridas,Plena Noite,Decrescente,Céu Claro,Simples,Reta,Sim,2,0,1,0,0,1,1,2,"-27,365112","-53,394897",SPRF-RS,DEL08-RS,UOP02-DEL08-RS
417282,2022-02-26,sábado,05:00:00,PR,369,"191,2",ARAPONGAS,Ingestão de álcool pelo condutor,Colisão traseira,Com Vítimas Feridas,Amanhecer,Decrescente,Céu Claro,Dupla,Reta,Não,2,0,1,0,1,0,1,2,"-23,4581453","-51,42340243",SPRF-PR,DEL07-PR,UOP02-DEL07-PR
417287,2022-02-26,sábado,05:00:00,RO,364,"181,1",PIMENTA BUENO,Ingestão de álcool pelo condutor,Colisão frontal,Com Vítimas Fatais,Amanhecer,Crescente,Nevoeiro/Neblina,Simples,Reta;Aclive,Não,3,1,0,1,0,1,1,3,"-11,769655","-61,079649",SPRF-RO,DEL02-RO,UOP02-DEL02-RO
417296,2022-02-25,sexta-feira,22:05:00,PR,369,500,CORBELIA,Deficiência do Sistema de Iluminação/Sinalização,Colisão traseira,Com Vítimas Feridas,Plena Noite,Decrescente,Chuva,Dupla,Declive,Não,5,0,2,0,2,1,2,3,"-24,78317741","-53,29100847",SPRF-PR,DEL04-PR,UOP03-DEL04-PR
417299,2022-02-26,sábado,07:00:00,GO,153,"559,6",PROFESSOR JAMIL,Pista esburacada,Tombamento,Com Vítimas Feridas,Pleno dia,Crescente,Céu Claro,Dupla,Reta;Aclive,Não,8,0,2,0,5,2,2,5,"-17,2115","-49,2226",SPRF-GO,DEL03-GO,UOP01-DEL03-GO
417300,2022-02-26,sábado,06:40:00,RS,290,85,CACHOEIRINHA,Condutor Dormindo,Colisão lateral mesmo sentido,Com Vítimas Feridas,Pleno dia,Crescente,Céu Claro,Dupla,Reta,Não,3,0,1,0,1,1,1,3,"-29,967936","-51,106873",SPRF-RS,DEL01-RS,UOP01-DEL01-RS
417302,2022-02-26,sábado,05:30:00,RJ,101,"418,5",MANGARATIBA,Manobra de mudança de faixa,Colisão traseira,Com Vítimas Feridas,Amanhecer,Crescente,Céu Claro,Simples,Aclive,Não,4,0,1,0,2,1,1,3,"-22,9178274","-43,90471593",SPRF-RJ,DEL03-RJ,UOP03-DEL03-RJ
417307,2022-02-26,sábado,07:10:00,RS,290,91,PORTO ALEGRE,Manobra de mudança de faixa,Colisão lateral mesmo sentido,Com Vítimas Feridas,Pleno dia,Crescente,Céu Claro,Múltipla,Reta,Sim,7,0,1,0,5,2,1,4,"-29,969055","-51,167439",SPRF-RS,DEL01-RS,UOP01-DEL01-RS
417308,2022-02-26,sábado,06:20:00,MT,364,700,DIAMANTINO,Transitar na contramão,Colisão frontal,Com Vítimas Fatais,Amanhecer,Crescente,Céu Claro,Simples,Reta,Não,4,1,0,0,1,2,0,4,"-14,171855","-57,065039",SPRF-MT,DEL01-MT,UOP01-DEL01-MT
417320,2022-02-26,sábado,00:05:00,RO,435,"35,5",VILHENA,Velocidade Incompatível,Tombamento,Com Vítimas Feridas,Plena Noite,Decrescente,Nublado,Simples,Curva,Não,2,0,1,0,0,3,1,4,"-12,84736708","-60,37897271",SPRF-RO,DEL04-RO,UOP02-DEL04-RO
417321,2022-02-26,sábado,07:35:00,SC,101,234,PALHOCA,Ingestão de álcool pelo condutor,Colisão lateral mesmo sentido,Com Vítimas Feridas,Pleno dia,Crescente,Céu Claro,Dupla,Declive,Não,3,0,1,0,1,1,1,3,"-27,81043812","-48,63537111",SPRF-SC,DEL01-SC,UOP02-DEL01-SC
417322,2022-02-09,quarta-feira,10:00:00,RS,472,"466,5",ITAQUI,Ausência de reação do condutor,Saída de leito carroçável,Com Vítimas Fatais,Pleno dia,Decrescente,Sol,Simples,Reta,Não,2,1,0,0,0,1,0,2,"-29,11996591","-56,30158007",SPRF-RS,DEL12-RS,UOP01-DEL12-RS
417334,2022-02-26,sábado,09:45:00,ES,101,"19,8",PEDRO CANARIO,Acessar a via sem observar a presença dos outros veículos,Colisão transversal,Com Vítimas Fatais,Pleno dia,Crescente,Nublado,Simples,Reta,Não,3,2,0,0,1,0,0,2,"-18,31846928","-39,95435579",SPRF-ES,DEL04-ES,UOP02-DEL04-ES
417335,2022-02-26,sábado,09:50:00,SP,381,51,ATIBAIA,Condutor deixou de manter distância do veículo da frente,Queda de ocupante de veículo,Com Vítimas Feridas,Pleno dia,Decrescente,Céu Claro,Dupla,Reta,Sim,3,0,0,1,1,1,1,3,"-23,221911","-46,59644",SPRF-SP,DEL03-SP,UOP01-DEL03-SP
417343,2022-02-26,sábado,07:50:00,BA,101,"744,1",ITABELA,Velocidade Incompatível,Tombamento,Com Vítimas Feridas,Pleno dia,Decrescente,Céu Claro,Simples,Declive,Não,1,0,1,0,0,0,1,1,"-16,71922305","-39,45114095",SPRF-BA,DEL09-BA,UOP01-DEL09-BA
417344,2022-02-26,sábado,10:00:00,RS,290,"140,6",ELDORADO DO SUL,Acostamento em desnível,Saída de leito carroçável,Sem Vítimas,Pleno dia,Crescente,Céu Claro,Simples,Reta,Não,2,0,0,0,2,0,0,1,"-30,082417","-51,609337",SPRF-RS,DEL02-RS,UOP01-DEL02-RS
417362,2022-02-26,sábado,09:30:00,SC,470,35,GASPAR,Ultrapassagem Indevida,Colisão lateral sentido oposto,Com Vítimas Feridas,Pleno dia,Decrescente,Céu Claro,Simples,Reta;Em Obras,Sim,3,0,1,0,2,0,1,3,"-26,912857","-48,958965",SPRF-SC,DEL04-SC,UOP01-DEL04-SC
417375,2022-02-26,sábado,13:40:00,MG,40,523,CONTAGEM,Reação tardia ou ineficiente do condutor,Colisão traseira,Com Vítimas Feridas,Pleno dia,Decrescente,Céu Claro,Dupla,Reta,Sim,3,0,0,1,1,1,1,3,"-19,86874894","-44,05962197",SPRF-MG,DEL01-MG,UOP02-DEL01-MG
417380,2022-02-26,sábado,13:25:00,SE,101,89,NOSSA SENHORA DO SOCORRO,Condutor deixou de manter distância do veículo da frente,Colisão traseira,Com Vítimas Feridas,Pleno dia,Decrescente,Nublado,Dupla,Interseção de Vias,Não,5,0,1,0,3,2,1,4,"-10,88051024","-37,13355535",SPRF-SE,DEL01-SE,UOP01-DEL01-SE
417385,2022-02-26,sábado,13:30:00,SP,116,"276,5",EMBU DAS ARTES,Ausência de reação do condutor,Colisão lateral mesmo sentido,Com Vítimas Feridas,Pleno dia,Crescente,Céu Claro,Dupla,Reta,Sim,3,0,1,0,2,0,1,3,"-23,64262417","-46,83811382",SPRF-SP,DEL04-SP,UOP01-DEL04-SP
417390,2022-02-26,sábado,10:00:00,MA,230,382,BALSAS,Demais falhas mecânicas ou elétricas,Saída de leito carroçável,Com Vítimas Fatais,Pleno dia,Crescente,Céu Claro,Simples,Reta,Não,3,1,0,1,1,0,1,1,"-7,34362609","-45,9602108",SPRF-MA,DEL05-MA,UOP01-DEL05-MA
417391,2022-02-26,sábado,14:00:00,MT,364,306,JACIARA,Condutor deixou de manter distância do veículo da frente,Colisão traseira,Com Vítimas Feridas,Pleno dia,Crescente,Céu Claro,Dupla,Reta,Não,4,0,2,0,1,3,2,5,"-15,823147","-55,203545",SPRF-MT,DEL05-MT,UOP02-DEL05-MT
417394,2022-02-26,sábado,14:25:00,ES,101,"349,3",GUARAPARI,Condutor Dormindo,Colisão transversal,Com Vítimas Feridas,Pleno dia,Crescente,Céu Claro,Simples,Curva,Não,4,0,2,0,1,1,2,3,"-20,6527553","-40,64346758",SPRF-ES,DEL03-ES,UOP01-DEL03-ES
417396,2022-02-26,sábado,13:03:00,MG,381,804,SAO GONCALO DO SAPUCAI,Condutor deixou de manter distância do veículo da frente,Colisão traseira,Sem Vítimas,Pleno dia,Crescente,Céu Claro,Dupla,Reta,Não,3,0,0,0,2,1,0,3,"-21,996186","-45,6744899",SPRF-MG,DEL16-MG,UOP02-DEL16-MG
417397,2022-02-26,sábado,14:50:00,PE,101,"51,5",PAULISTA,Ausência de reação do condutor,Tombamento,Com Vítimas Feridas,Pleno dia,Decrescente,Céu Claro,Dupla,Curva,Sim,2,0,0,1,0,1,1,2,"-7,9169968","-34,89689272",SPRF-PE,DEL01-PE,UOP02-DEL01-PE
417402,2022-02-26,sábado,14:50:00,PR,277,"448,4",LARANJEIRAS DO SUL,Ingestão de álcool pelo condutor,Tombamento,Com Vítimas Feridas,Pleno dia,Decrescente,Céu Claro,Simples,Curva,Não,2,0,1,0,0,2,1,3,"-25,37012875","-52,33094893",SPRF-PR,DEL04-PR,UOP02-DEL04-PR
417409,2022-02-26,sábado,06:40:00,BA,101,769,ITABELA,Ultrapassagem Indevida,Colisão lateral mesmo sentido,Com Vítimas Feridas,Pleno dia,Crescente,Nublado,Simples,Reta,Não,4,0,0,1,2,1,1,3,"-16,902591","-39,52546126",SPRF-BA,DEL09-BA,UOP01-DEL09-BA
417434,2022-02-26,sábado,18:01:00,SP,153,"84,9",MIRASSOL,Ausência de reação do condutor,Colisão transversal,Com Vítimas Feridas,Pleno dia,Decrescente,Chuva,Simples,Curva,Não,5,0,1,3,1,0,4,2,"-20,92853368","-49,51181226",SPRF-SP,DEL09-SP,UOP01-DEL09-SP
417444,2022-02-26,sábado,15:00:00,MG,262,688,ARAXA,Velocidade Incompatível,Saída de leito carroçável,Com Vítimas Feridas,Pleno dia,Crescente,Céu Claro,Simples,Curva,Não,2,0,1,0,0,1,1,2,"-19,54496484","-46,92594007",SPRF-MG,DEL08-MG,UOP01-DEL08-MG
417468,2022-02-26,sábado,21:20:00,PR,476,159,ARAUCARIA,Transitar na contramão,Colisão frontal,Sem Vítimas,Plena Noite,Crescente,Céu Claro,Simples,Curva,Não,3,0,0,0,1,3,0,4,"-25,613539","-49,424255",SPRF-PR,DEL01-PR,UOP03-DEL01-PR
417469,2022-02-26,sábado,18:55:00,RJ,101,294,ITABORAI,Condutor deixou de manter distância do veículo da frente,Colisão traseira,Com Vítimas Feridas,Anoitecer,Decrescente,Céu Claro,Dupla,Reta,Sim,6,0,1,0,5,0,1,2,"-22,7584434","-42,89502344",SPRF-RJ,DEL02-RJ,UOP02-DEL02-RJ
417470,2022-02-26,sábado,21:00:00,PE,423,69,JUPI,Ingestão de álcool pelo condutor,Colisão frontal,Com Vítimas Feridas,Plena Noite,Decrescente,Nublado,Simples,Reta,Não,3,0,1,0,1,1,1,3,"-8,67648714","-36,40182687",SPRF-PE,DEL03-PE,UOP01-DEL03-PE
417471,2022-02-26,sábado,21:20:00,MG,40,"511,2",RIBEIRAO DAS NEVES,Mal súbito do condutor,Colisão transversal,Sem Vítimas,Plena Noite,Decrescente,Céu Claro,Dupla,Reta,Sim,3,0,0,0,2,1,0,3,"-19,78164295","-44,11733194",SPRF-MG,DEL01-MG,UOP02-DEL01-MG
417478,2022-02-26,sábado,14:50:00,SC,282,262,SAO JOSE DO CERRITO,Reação tardia ou ineficiente do condutor,Tombamento,Com Vítimas Feridas,Pleno dia,Crescente,Céu Claro,Simples,Curva;Aclive,Não,1,0,1,0,0,0,1,1,"-27,653334","-50,59449",SPRF-SC,DEL05-SC,UOP02-DEL05-SC
417486,2022-02-26,sábado,20:00:00,SC,163,"73,3",SAO MIGUEL DO OESTE,Reação tardia ou ineficiente do condutor,Colisão lateral mesmo sentido,Com Vítimas Feridas,Plena Noite,Decrescente,Céu Claro,Simples,Reta;Aclive,Sim,3,0,1,0,1,1,1,3,"-26,71084646","-53,51502434",SPRF-SC,DEL07-SC,UOP03-DEL07-SC
417491,2022-02-26,sábado,18:15:00,PR,476,199,LAPA,Acumulo de água sobre o pavimento,Colisão frontal,Com Vítimas Feridas,Anoitecer,Crescente,Chuva,Simples,Curva,Não,5,0,2,1,1,1,3,3,"-25,772074","-49,745663",SPRF-PR,DEL02-PR,UOP04-DEL02-PR
417507,2022-02-26,sábado,23:30:00,BA,116,632,JAGUAQUARA,Estacionar ou parar em local proibido,Colisão traseira,Com Vítimas Feridas,Plena Noite,Crescente,Céu Claro,Simples,Reta,Sim,3,0,1,0,1,1,1,3,"-13,46756485","-40,03652534",SPRF-BA,DEL03-BA,UOP01-DEL03-BA
417521,2022-02-27,domingo,01:00:00,MG,251,472,FRANCISCO SA,Velocidade Incompatível,Colisão com objeto,Com Vítimas Fatais,Plena Noite,Crescente,Céu Claro,Simples,Curva;Declive,Não,2,1,0,1,0,0,1,1,"-16,4669101","-43,43947986",SPRF-MG,DEL12-MG,UOP01-DEL12-MG
417554,2022-02-26,sábado,14:15:00,MG,116,413,GOVERNADOR VALADARES,Reação tardia ou ineficiente do condutor,Colisão transversal,Com Vítimas Feridas,Pleno dia,Decrescente,Céu Claro,Simples,Interseção de Vias,Sim,3,0,2,0,1,0,2,2,"-18,873907","-41,966366",SPRF-MG,DEL06-MG,UOP01-DEL06-MG
417556,2022-02-27,domingo,05:20:00,SP,116,41,CACHOEIRA PAULISTA,Ausência de reação do condutor,Tombamento,Com Vítimas Fatais,Plena Noite,Crescente,Céu Claro,Dupla,Aclive;Reta,Não,5,1,0,0,4,0,0,5,"-22,687725","-45,01671",SPRF-SP,DEL08-SP,UOP02-DEL08-SP
417560,2022-02-27,domingo,02:55:00,PR,376,"665,2",GUARATUBA,Reação tardia ou ineficiente do condutor,Saída de leito carroçável,Sem Vítimas,Plena Noite,Crescente,Céu Claro,Dupla,Curva,Não,2,0,0,0,1,1,0,2,"-25,85455838","-48,95670808",SPRF-PR,DEL01-PR,UOP04-DEL01-PR
417565,2022-02-27,domingo,05:00:00,TO,153,"529,6",PUGMIL,Ingestão de álcool pelo condutor,Saída de leito carroçável,Com Vítimas Feridas,Amanhecer,Decrescente,Céu Claro,Simples,Reta,Não,2,0,1,0,0,1,1,2,"-10,462549","-48,90229402",SPRF-TO,DEL01-TO,UOP01-DEL01-TO
417566,2022-02-27,domingo,05:44:00,MA,230,"352,7",SAO RAIMUNDO DAS MANGABEIRAS,Transitar na contramão,Colisão transversal,Com Vítimas Feridas,Amanhecer,Decrescente,Céu Claro,Simples,Reta,Não,4,0,2,0,1,6,2,8,"-7,187653","-45,768623",SPRF-MA,DEL05-MA,UOP01-DEL05-MA
417567,2022-02-27,domingo,07:20:00,MT,70,47,BARRA DO GARCAS,Velocidade Incompatível,Tombamento,Com Vítimas Fatais,Pleno dia,Crescente,Céu Claro,Simples,Curva,Não,3,1,0,0,0,2,0,3,"-15,74500602","-52,62210846",SPRF-MT,DEL07-MT,UOP01-DEL07-MT
417568,2022-02-27,domingo,06:15:00,PI,135,256,ALVORADA DO GURGUEIA,Demais falhas mecânicas ou elétricas,Colisão lateral sentido oposto,Com Vítimas Feridas,Pleno dia,Crescente,Céu Claro,Simples,Reta,Sim,3,0,1,0,1,1,1,3,"-8,4167909","-43,87025816",SPRF-PI,DEL03-PI,UOP02-DEL03-PI
417575,2022-02-27,domingo,06:30:00,RS,392,"284,2",SAO SEPE,Ausência de reação do condutor,Colisão traseira,Com Vítimas Feridas,Amanhecer,Decrescente,Céu Claro,Simples,Reta,Não,3,0,1,0,2,0,1,2,"-30,27269606","-53,5425834",SPRF-RS,DEL09-RS,UOP02-DEL09-RS
417577,2022-02-07,segunda-feira,15:40:00,RJ,101,422,MANGARATIBA,Transitar na contramão,Colisão lateral sentido oposto,Com Vítimas Feridas,Pleno dia,Crescente,Chuva,Simples,Curva,Não,5,0,2,0,3,0,2,2,"-22,91940151","-43,94635722",SPRF-RJ,DEL03-RJ,UOP03-DEL03-RJ