id,data_inversa,dia_semana,horario,uf,br,km,municipio,causa_acidente,tipo_acidente,classificacao_acidente,fase_dia,sentido_via,condicao_metereologica,tipo_pista,tracado_via,uso_solo,pessoas,mortos,feridos_leves,feridos_graves,ilesos,ignorados,feridos,veiculos,latitude,longitude,regional,delegacia,uop
417578,2022-02-27,domingo,06:20:00,MG,381,324,NOVA ERA,Velocidade Incompatível,Tombamento,Com Vítimas Feridas,Amanhecer,Crescente,Nublado,Simples,Curva;Aclive,Não,2,0,1,0,0,1,1,2,"-19,76099646","-43,0362466",SPRF-MG,DEL03-MG,UOP02-DEL03-MG
417581,2022-02-27,domingo,04:45:00,MS,267,18,BATAGUASSU,Ausência de reação do condutor,Colisão traseira,Com Vítimas Fatais,Amanhecer,Decrescente,Céu Claro,Simples,Reta,Não,3,1,0,0,1,1,0,3,"-21,72627462","-52,31543541",SPRF-MS,DEL02-MS,UOP04-DEL02-MS
417591,2022-02-27,domingo,10:20:00,DF,40,7,BRASILIA,Condutor Dormindo,Colisão com objeto,Com Vítimas Feridas,Pleno dia,Crescente,Céu Claro,Simples,Reta,Sim,2,0,1,0,0,1,1,2,"-16,038666","-47,979691",SPRF-DF,DEL01-DF,UOP01-DEL01-DF
417592,2022-02-27,domingo,10:45:00,MG,50,101,UBERLANDIA,Manobra de mudança de faixa,Colisão lateral mesmo sentido,Com Vítimas Feridas,Pleno dia,Decrescente,Sol,Dupla,Aclive,Não,6,0,2,0,1,3,2,4,"-19,1360921","-48,17067835",SPRF-MG,DEL15-MG,UOP01-DEL15-MG
417596,2022-02-27,domingo,08:20:00,MG,116,25,AGUAS VERMELHAS,Ausência de sinalização,Colisão lateral sentido oposto,Sem Vítimas,Pleno dia,Decrescente,Céu Claro,Simples,Curva,Não,4,0,0,0,3,2,0,5,"-15,876","-41,431",SPRF-BA,DEL08-BA,UOP03-DEL08-BA
417597,2022-02-27,domingo,09:50:00,TO,153,"568,4",FATIMA,Ultrapassagem Indevida,Saída de leito carroçável,Sem Vítimas,Pleno dia,Decrescente,Céu Claro,Simples,Aclive,Não,2,0,0,0,1,2,0,3,"-10,81067601","-48,90299079",SPRF-TO,DEL01-TO,UOP01-DEL01-TO
417609,2022-02-27,domingo,08:20:00,SC,101,"328,5",CAPIVARI DE BAIXO,Manobra de mudança de faixa,Colisão traseira,Com Vítimas Feridas,Pleno dia,Crescente,Céu Claro,Dupla,Declive,Sim,3,0,1,0,2,0,1,2,"-28,43648094","-48,95989307",SPRF-SC,DEL02-SC,UOP01-DEL02-SC
417611,2022-02-27,domingo,10:30:00,MG,381,921,CAMANDUCAIA,Velocidade Incompatível,Tombamento,Com Vítimas Feridas,Pleno dia,Crescente,Céu Claro,Múltipla,Curva,Não,2,0,1,0,0,1,1,2,"-22,7680939","-46,20854399",SPRF-MG,DEL16-MG,UOP03-DEL16-MG
417627,2022-02-27,domingo,14:35:00,MS,262,234,RIBAS DO RIO PARDO,Condutor deixou de manter distância do veículo da frente,Colisão traseira,Com Vítimas Feridas,Pleno dia,Crescente,Céu Claro,Simples,Reta,Não,2,0,1,0,1,0,1,2,"-20,46093745","-53,70889786",SPRF-MS,DEL01-MS,UOP01-DEL01-MS
417630,2022-02-27,domingo,15:30:00,PR,373,176,PONTA GROSSA,Acessar a via sem observar a presença dos outros veículos,Colisão lateral mesmo sentido,Com Vítimas Feridas,Pleno dia,Crescente,Céu Claro,Dupla,Reta,Sim,3,0,1,0,1,1,1,3,"-25,0605488","-50,21875442",SPRF-PR,DEL03-PR,UOP01-DEL03-PR
417634,2022-02-27,domingo,16:40:00,MG,40,591,ITABIRITO,Chuva,Colisão com objeto,Com Vítimas Feridas,Pleno dia,Decrescente,Chuva,Dupla,Reta;Declive,Não,2,0,0,1,0,1,1,2,"-20,37466721","-43,9077212",SPRF-MG,DEL01-MG,UOP02-DEL01-MG
417635,2022-02-27,domingo,15:30:00,ES,259,47,COLATINA,Avarias e/ou desgaste excessivo no pneu,Tombamento,Sem Vítimas,Pleno dia,Decrescente,Céu Claro,Simples,Curva,Não,2,0,0,0,1,1,0,2,"-19,52869806","-40,58823006",SPRF-ES,DEL02-ES,UOP01-DEL02-ES
417637,2022-02-27,domingo,14:20:00,BA,110,312,ALAGOINHAS,Ingestão de álcool pelo condutor,Colisão frontal,Com Vítimas Feridas,Pleno dia,Decrescente,Céu Claro,Simples,Reta,Não,3,0,0,1,1,1,1,3,"-12,009345","-38,36282629",SPRF-BA,DEL01-BA,UOP04-DEL01-BA
417641,2022-02-27,domingo,15:30:00,MT,364,"401,5",CUIABA,Ingestão de álcool pelo condutor,Colisão lateral mesmo sentido,Sem Vítimas,Pleno dia,Decrescente,Céu Claro,Dupla,Viaduto,Sim,3,0,0,0,2,3,0,5,"-15,67210033","-55,94649314",SPRF-MT,DEL01-MT,UOP02-DEL01-MT
417643,2022-02-27,domingo,16:45:00,PR,376,265,MARILANDIA DO SUL,Ingestão de álcool pelo condutor,Colisão lateral mesmo sentido,Sem Vítimas,Pleno dia,Crescente,Céu Claro,Dupla,Reta,Não,4,0,0,0,3,3,0,5,"-23,72812607","-51,29079206",SPRF-PR,DEL07-PR,UOP02-DEL07-PR
417644,2022-02-27,domingo,15:00:00,BA,116,313,ARACI,Transitar na contramão,Colisão lateral sentido oposto,Com Vítimas Feridas,Pleno dia,Crescente,Sol,Simples,Reta,Não,2,0,1,0,1,0,1,2,"-11,27456207","-38,92301286",SPRF-BA,DEL02-BA,UOP01-DEL02-BA
417648,2022-02-27,domingo,07:50:00,MG,116,"131,7",ITAOBIM,Velocidade Incompatível,Tombamento,Com Vítimas Feridas,Pleno dia,Crescente,Céu Claro,Simples,Aclive,Não,2,0,0,1,0,1,1,2,"-16,69818905","-41,4999644",SPRF-MG,DEL11-MG,UOP02-DEL11-MG
417653,2022-02-27,domingo,17:10:00,BA,116,"830,9",VITORIA DA CONQUISTA,Condutor deixou de manter distância do veículo da frente,Colisão traseira,Com Vítimas Feridas,Pleno dia,Decrescente,Céu Claro,Simples,Reta;Aclive,Não,4,0,1,0,2,4,1,7,"-14,91774883","-40,878582",SPRF-BA,DEL08-BA,UOP01-DEL08-BA
417656,2022-02-27,domingo,18:00:00,MG,381,"4,1",BETIM,Trafegar com motocicleta (ou similar) entre as faixas,Colisão traseira,Com Vítimas Feridas,Anoitecer,Decrescente,Céu Claro,Dupla,Reta,Sim,4,0,1,1,1,1,2,4,"-19,98698111","-44,17731285",SPRF-MG,DEL01-MG,UOP03-DEL01-MG
417661,2022-02-27,domingo,12:20:00,MG,116,"130,7",ITAOBIM,Condutor deixou de manter distância do veículo da frente,Colisão traseira,Com Vítimas Feridas,Pleno dia,Decrescente,Céu Claro,Simples,Reta,Não,3,0,1,0,1,1,1,3,"-16,68916598","-41,50109083",SPRF-MG,DEL11-MG,UOP02-DEL11-MG
417672,2022-02-27,domingo,18:45:00,ES,262,36,DOMINGOS MARTINS,Transitar na contramão,Colisão frontal,Sem Vítimas,Plena Noite,Decrescente,Nublado,Múltipla,Curva,Não,3,0,0,0,1,2,0,3,"-20,3826388","-40,60330291",SPRF-ES,DEL01-ES,UOP01-DEL01-ES
417675,2022-02-27,domingo,19:10:00,BA,135,171,BARREIRAS,Ultrapassagem Indevida,Colisão frontal,Com Vítimas Fatais,Plena Noite,Decrescente,Céu Claro,Simples,Reta,Não,6,2,0,0,3,2,0,5,"-12,09737645","-44,97604138",SPRF-BA,DEL10-BA,UOP01-DEL10-BA
417677,2022-02-27,domingo,18:00:00,BA,116,660,JEQUIE,Demais falhas mecânicas ou elétricas,Incêndio,Sem Vítimas,Plena Noite,Decrescente,Céu Claro,Simples,Reta,Não,2,0,0,0,0,2,0,2,"-13,69872102","-40,09655721",SPRF-BA,DEL03-BA,UOP01-DEL03-BA
417681,2022-02-27,domingo,17:50:00,PE,428,70,SANTA MARIA DA BOA VISTA,Ultrapassagem Indevida,Queda de ocupante de veículo,Com Vítimas Fatais,Anoitecer,Crescente,Céu Claro,Simples,Curva,Não,3,1,1,0,0,1,1,2,"-8,688311","-39,766119",SPRF-PE,DEL06-PE,UOP03-DEL06-PE
417684,2022-02-27,domingo,19:30:00,PR,476,"270,7",SAO MATEUS DO SUL,Demais falhas mecânicas ou elétricas,Incêndio,Sem Vítimas,Plena Noite,Decrescente,Céu Claro,Simples,Reta,Não,2,0,0,0,1,1,0,2,"-25,89755944","-50,33904433",SPRF-PR,DEL02-PR,UOP04-DEL02-PR
417688,2022-02-27,domingo,19:40:00,SP,381,47,ATIBAIA,Manobra de mudança de faixa,Colisão lateral mesmo sentido,Com Vítimas Feridas,Plena Noite,Crescente,Céu Claro,Dupla,Reta,Não,4,0,1,0,1,2,1,4,"-23,18904617","-46,58407757",SPRF-SP,DEL03-SP,UOP01-DEL03-SP
417690,2022-02-27,domingo,20:20:00,BA,101,857,TEIXEIRA DE FREITAS,Pista em desnível,Tombamento,Com Vítimas Feridas,Plena Noite,Crescente,Céu Claro,Simples,Reta,Não,2,0,0,1,0,1,1,2,"-17,57759187","-39,73659523",SPRF-BA,DEL09-BA,UOP02-DEL09-BA
417702,2022-02-27,domingo,19:20:00,GO,20,"59,6",FORMOSA,Objeto estático sobre o leito carroçável,Saída de leito carroçável,Com Vítimas Feridas,Plena Noite,Crescente,Garoa/Chuvisco,Simples,Declive;Curva,Não,2,0,1,0,1,0,1,2,"-15,25577","-47,165115",SPRF-DF,DEL02-DF,UOP01-DEL02-DF
417707,2022-02-27,domingo,19:00:00,TO,153,166,ARAGUAINA,Reação tardia ou ineficiente do condutor,Saída de leito carroçável,Com Vítimas Feridas,Plena Noite,Decrescente,Céu Claro,Simples,Reta,Não,2,0,0,1,0,2,1,3,"-7,36366786","-48,33879916",SPRF-TO,DEL02-TO,UOP01-DEL02-TO
417711,2022-02-27,domingo,20:50:00,RN,304,39,MOSSORO,Velocidade Incompatível,Colisão traseira,Com Vítimas Feridas,Plena Noite,Crescente,Céu Claro,Dupla,Reta,Não,3,0,0,1,1,1,1,3,"-5,18846685","-37,37410298",SPRF-RN,DEL04-RN,UOP02-DEL04-RN
417724,2022-02-27,domingo,19:50:00,MG,116,"585,8",MANHUACU,Ausência de reação do condutor,Colisão frontal,Com Vítimas Feridas,Plena Noite,Crescente,Nublado,Simples,Reta,Não,3,0,0,1,1,1,1,3,"-20,22987753","-42,17260057",SPRF-MG,DEL06-MG,UOP03-DEL06-MG
417726,2022-02-27,domingo,20:00:00,RS,116,"395,5",CAMAQUA,Velocidade Incompatível,Colisão traseira,Com Vítimas Feridas,Plena Noite,Crescente,Chuva,Dupla,Reta,Sim,6,0,3,1,1,1,4,3,"-30,84888285","-51,76593307",SPRF-RS,DEL02-RS,UOP02-DEL02-RS
417730,2022-02-27,domingo,22:00:00,BA,20,199,LUIS EDUARDO MAGALHAES,Ingestão de álcool pelo condutor,Colisão frontal,Com Vítimas Fatais,Plena Noite,Crescente,Céu Claro,Simples,Reta,Não,4,1,0,2,1,0,2,2,"-12,198934","-45,828108",SPRF-BA,DEL10-BA,UOP01-DEL10-BA
417747,2022-02-27,domingo,23:50:00,GO,364,"173,9",JATAI,Curva acentuada,Tombamento,Com Vítimas Feridas,Plena Noite,Crescente,Céu Claro,Simples,Curva,Não,2,0,0,1,0,1,1,2,"-18,008829","-51,563248",SPRF-GO,DEL05-GO,UOP01-DEL05-GO
417751,2022-02-28,segunda-feira,00:05:00,GO,50,"118,2",CRISTALINA,Ausência de reação do condutor,Colisão traseira,Com Vítimas Fatais,Plena Noite,Decrescente,Céu Claro,Dupla,Declive;Reta,Não,3,1,0,1,0,1,1,3,"-16,9309","-47,7117",SPRF-DF,DEL01-DF,UOP02-DEL01-DF
417752,2022-02-28,segunda-feira,01:00:00,TO,153,"696,7",CARIRI DO TOCANTINS,Transitar na contramão,Colisão frontal,Com Vítimas Fatais,Plena Noite,Crescente,Nublado,Simples,Reta,Não,13,1,10,1,1,0,11,2,"-11,920087","-49,179999",SPRF-TO,DEL01-TO,UOP02-DEL01-TO
417761,2022-02-28,segunda-feira,01:10:00,RN,427,"56,7",JARDIM DO SERIDO,Acessar a via sem observar a presença dos outros veículos,Colisão transversal,Com Vítimas Feridas,Plena Noite,Crescente,Céu Claro,Simples,Reta,Não,2,0,1,0,1,0,1,2,"-6,59316304","-36,77945799",SPRF-RN,DEL03-RN,UOP01-DEL03-RN
417776,2022-02-27,domingo,15:40:00,MA,135,"67,4",SANTA RITA,Manobra de mudança de faixa,Saída de leito carroçável,Sem Vítimas,Pleno dia,Decrescente,Céu Claro,Simples,Reta,Não,1,0,0,0,1,0,0,1,"-3,117842","-44,323643",SPRF-MA,DEL01-MA,UOP02-DEL01-MA
417780,2022-02-27,domingo,22:35:00,RO,364,540,ALTO PARAISO,Ingestão de álcool pelo condutor,Colisão lateral mesmo sentido,Sem Vítimas,Plena Noite,Crescente,Nevoeiro/Neblina,Simples,Reta,Não,3,0,0,0,2,4,0,6,"-9,725236","-63,119003",SPRF-RO,DEL03-RO,UOP01-DEL03-RO
417787,2022-02-24,quinta-feira,11:30:00,SC,280,124,RIO NEGRINHO,Acessar a via sem observar a presença dos outros veículos,Colisão transversal,Com Vítimas Feridas,Pleno dia,Crescente,Céu Claro,Simples,Reta,Sim,3,0,1,0,2,0,1,2,"-26,238444","-49,498132",SPRF-SC,DEL06-SC,UOP03-DEL06-SC
417791,2022-02-28,segunda-feira,08:50:00,MA,135,"10,2",SAO LUIS,Acessar a via sem observar a presença dos outros veículos,Colisão lateral mesmo sentido,Sem Vítimas,Pleno dia,Crescente,Nublado,Simples,Reta,Sim,2,0,0,0,2,0,0,2,"-2,655912","-44,28629098",SPRF-MA,DEL01-MA,UOP01-DEL01-MA
417792,2022-02-28,segunda-feira,09:00:00,PE,232,"172,9",TACAIMBO,Reação tardia ou ineficiente do condutor,Colisão traseira,Sem Vítimas,Pleno dia,Crescente,Céu Claro,Simples,Ponte,Não,3,0,0,0,2,1,0,3,"-8,33854887","-36,360134",SPRF-PE,DEL02-PE,UOP03-DEL02-PE
417797,2022-02-28,segunda-feira,09:40:00,ES,101,"82,2",SAO MATEUS,Transitar no acostamento,Colisão lateral mesmo sentido,Com Vítimas Feridas,Pleno dia,Decrescente,Céu Claro,Simples,Reta,Não,3,0,2,0,1,0,2,2,"-18,83616999","-39,91775501",SPRF-ES,DEL04-ES,UOP02-DEL04-ES
417800,2022-02-28,segunda-feira,08:40:00,MT,364,"236,6",RONDONOPOLIS,Manobra de mudança de faixa,Colisão lateral mesmo sentido,Com Vítimas Feridas,Pleno dia,Decrescente,Sol,Dupla,Aclive;Reta,Sim,2,0,1,0,0,1,1,2,"-16,2137379","-54,77895358",SPRF-MT,DEL02-MT,UOP01-DEL02-MT
417802,2022-02-28,segunda-feira,06:00:00,MG,153,9,ARAPORA,Ausência de reação do condutor,Saída de leito carroçável,Com Vítimas Feridas,Pleno dia,Decrescente,Céu Claro,Dupla,Reta,Não,2,0,1,0,0,1,1,2,"-18,49690399","-49,18880024",SPRF-MG,DEL15-MG,UOP03-DEL15-MG
417803,2022-02-27,domingo,15:30:00,GO,414,363,COCALZINHO DE GOIAS,Reação tardia ou ineficiente do condutor,Colisão frontal,Com Vítimas Feridas,Pleno dia,Crescente,Céu Claro,Simples,Curva,Não,8,0,3,0,4,1,3,4,"-15,72273363","-48,70045017",SPRF-GO,DEL02-GO,UOP01-DEL02-GO
417808,2022-02-28,segunda-feira,10:10:00,PR,277,123,CAMPO LARGO,Ausência de reação do condutor,Atropelamento de Pedestre,Com Vítimas Feridas,Pleno dia,Decrescente,Céu Claro,Dupla,Curva,Sim,2,0,1,0,1,0,1,2,"-25,44558428","-49,46924586",SPRF-PR,DEL01-PR,UOP03-DEL03-PR
417816,2022-02-28,segunda-feira,11:10:00,RJ,101,322,NITEROI,Ausência de reação do condutor,Colisão traseira,Com Vítimas Feridas,Pleno dia,Crescente,Céu Claro,Dupla,Curva,Sim,4,0,1,0,3,0,1,3,"-22,878923","-43,110676",SPRF-RJ,DEL02-RJ,UOP01-DEL02-RJ
417829,2022-02-28,segunda-feira,13:10:00,PR,369,"127,9",JATAIZINHO,Demais falhas mecânicas ou elétricas,Tombamento,Com Vítimas Feridas,Pleno dia,Crescente,Céu Claro,Dupla,Declive;Reta,Sim,1,0,1,0,0,0,1,1,"-23,26875255","-50,96810013",SPRF-PR,DEL07-PR,UOP01-DEL07-PR
417833,2022-02-28,segunda-feira,12:50:00,MG,381,402,BOM JESUS DO AMPARO,Velocidade Incompatível,Engavetamento,Com Vítimas Fatais,Pleno dia,Decrescente,Sol,Dupla,Aclive;Curva,Não,4,1,1,0,1,1,1,4,"-19,743094","-43,504096",SPRF-MG,DEL01-MG,UOP01-DEL01-MG
417834,2022-02-28,segunda-feira,13:30:00,GO,364,174,JATAI,Manobra de mudança de faixa,Colisão transversal,Com Vítimas Feridas,Pleno dia,Decrescente,Sol,Dupla,Reta,Não,2,0,0,1,1,0,1,2,"-18,002443","-51,569942",SPRF-GO,DEL05-GO,UOP01-DEL05-GO
417839,2022-02-28,segunda-feira,13:50:00,GO,60,396,RIO VERDE,Reação tardia ou ineficiente do condutor,Saída de leito carroçável,Com Vítimas Feridas,Pleno dia,Crescente,Céu Claro,Dupla,Reta,Não,2,0,1,0,0,1,1,2,"-17,8244","-51,0172",SPRF-GO,DEL04-GO,UOP01-DEL04-GO
417840,2022-02-28,segunda-feira,14:30:00,RS,386,346,LAJEADO,Velocidade Incompatível,Tombamento,Com Vítimas Feridas,Pleno dia,Crescente,Céu Claro,Dupla,Curva,Sim,2,0,1,0,0,1,1,2,"-29,446793","-51,974564",SPRF-RS,DEL04-RS,UOP01-DEL04-RS
417841,2022-02-28,segunda-feira,14:55:00,RS,290,691,URUGUAIANA,Velocidade Incompatível,Saída de leito carroçável,Com Vítimas Feridas,Pleno dia,Decrescente,Chuva,Simples,Reta,Não,2,0,0,1,0,1,1,2,"-29,875832","-56,80267",SPRF-RS,DEL13-RS,UOP01-DEL13-RS
417849,2022-02-28,segunda-feira,11:20:00,MT,364,553,ROSARIO OESTE,Transitar no acostamento,Colisão lateral mesmo sentido,Com Vítimas Fatais,Pleno dia,Decrescente,Nublado,Dupla,Reta,Não,3,1,0,0,1,1,0,3,"-14,77428","-56,361106",SPRF-MT,DEL01-MT,UOP01-DEL01-MT
417857,2022-02-28,segunda-feira,17:00:00,GO,50,99,CRISTALINA,Curva acentuada,Atropelamento de Pedestre,Com Vítimas Fatais,Pleno dia,Crescente,Céu Claro,Dupla,Curva,Sim,3,1,0,0,1,1,0,3,"-16,9309","-47,7117",SPRF-DF,DEL01-DF,UOP02-DEL01-DF
417865,2022-02-28,segunda-feira,17:25:00,ES,262,16,VIANA,Ultrapassagem Indevida,Colisão traseira,Com Vítimas Feridas,Pleno dia,Crescente,Céu Claro,Simples,Reta,Não,7,0,2,0,4,1,2,3,"-20,38441093","-40,463078",SPRF-ES,DEL01-ES,UOP01-DEL01-ES
417868,2022-02-28,segunda-feira,14:30:00,MT,163,993,TERRA NOVA DO NORTE,Ultrapassagem Indevida,Colisão lateral mesmo sentido,Com Vítimas Feridas,Pleno dia,Decrescente,Nublado,Simples,Ponte;Reta,Não,5,0,2,0,2,3,2,5,"-10,66871497","-55,13684205",SPRF-MT,DEL06-MT,NPF/DEL06-MT
417875,2022-02-28,segunda-feira,15:30:00,SP,459,12,PIQUETE,Ausência de reação do condutor,Colisão com objeto,Sem Vítimas,Pleno dia,Decrescente,Céu Claro,Simples,Aclive,Não,2,0,0,0,1,1,0,2,"-22,597866","-45,183331",SPRF-SP,DEL08-SP,UOP02-DEL08-SP
417879,2022-02-28,segunda-feira,19:00:00,SC,101,"235,8",PALHOCA,Acessar a via sem observar a presença dos outros veículos,Colisão lateral mesmo sentido,Com Vítimas Feridas,Plena Noite,Crescente,Céu Claro,Dupla,Reta,Não,2,0,1,0,1,0,1,2,"-27,8177775","-48,6315025",SPRF-SC,DEL01-SC,UOP02-DEL01-SC
417886,2022-02-28,segunda-feira,20:00:00,SP,116,307,SAO LOURENCO DA SERRA,Reação tardia ou ineficiente do condutor,Tombamento,Sem Vítimas,Plena Noite,Crescente,Céu Claro,Dupla,Reta,Não,2,0,0,0,1,1,0,2,"-23,85630016","-46,94096988",SPRF-SP,DEL04-SP,UOP01-DEL04-SP
417888,2022-02-28,segunda-feira,16:00:00,RS,285,606,SANTO ANTONIO DAS MISSOES,Ausência de reação do condutor,Colisão traseira,Sem Vítimas,Pleno dia,Decrescente,Chuva,Simples,Reta,Não,2,0,0,0,1,1,0,2,"-28,493546","-55,344425",SPRF-RS,DEL12-RS,UOP01-DEL12-RS
417892,2022-02-28,segunda-feira,17:45:00,RN,304,24,MOSSORO,Reação tardia ou ineficiente do condutor,Saída de leito carroçável,Com Vítimas Feridas,Plena Noite,Decrescente,Céu Claro,Simples,Rotatória,Sim,2,0,0,2,0,0,2,1,"-5,06488233","-37,33287055",SPRF-RN,DEL04-RN,UOP02-DEL04-RN
417894,2022-02-28,segunda-feira,17:40:00,RS,290,"380,8",VILA NOVA DO SUL,Reação tardia ou ineficiente do condutor,Colisão traseira,Com Vítimas Feridas,Pleno dia,Decrescente,Chuva,Simples,Reta,Não,5,0,1,1,3,0,2,2,"-30,354263","-53,955105",SPRF-RS,DEL09-RS,UOP02-DEL09-RS
417898,2022-02-28,segunda-feira,20:30:00,MS,163,"293,3",DOURADINA,Transitar na contramão,Colisão frontal,Com Vítimas Fatais,Plena Noite,Crescente,Ignorado,Simples,Curva,Não,3,1,1,0,0,1,1,3,"-22,04278008","-54,54773285",SPRF-MS,DEL04-MS,UOP01-DEL04-MS
417905,2022-02-28,segunda-feira,21:15:00,PA,316,97,SANTA MARIA DO PARA,Ultrapassagem Indevida,Colisão frontal,Com Vítimas Fatais,Plena Noite,Crescente,Céu Claro,Simples,Reta,Não,2,1,0,0,1,0,0,2,"-1,33032929","-47,63036005",SPRF-PA,DEL01-PA,UOP02-DEL01-PA
417907,2022-02-28,segunda-feira,19:30:00,MG,262,"707,5",ARAXA,Velocidade Incompatível,Colisão traseira,Sem Vítimas,Plena Noite,Decrescente,Céu Claro,Simples,Reta,Não,5,0,0,0,4,7,0,11,"-19,59054267","-47,11857708",SPRF-MG,DEL08-MG,UOP01-DEL08-MG
417912,2022-02-28,segunda-feira,20:30:00,RS,386,"279,5",SAO JOSE DO HERVAL,Ingestão de álcool pelo condutor,Colisão frontal,Sem Vítimas,Plena Noite,Decrescente,Chuva,Simples,Curva,Não,3,0,0,0,1,2,0,3,"-29,022665","-52,319885",SPRF-RS,DEL04-RS,UOP03-DEL04-RS
417914,2022-02-28,segunda-feira,14:40:00,RO,364,504,ARIQUEMES,Velocidade Incompatível,Saída de leito carroçável,Com Vítimas Feridas,Pleno dia,Decrescente,Céu Claro,Simples,Declive,Não,2,0,1,0,0,2,1,3,"-10,00474102","-63,00712403",SPRF-RO,DEL03-RO,UOP01-DEL03-RO
417920,2022-02-28,segunda-feira,22:10:00,RS,158,210,CRUZ ALTA,Obras na pista,Colisão frontal,Com Vítimas Fatais,Plena Noite,Crescente,Nublado,Simples,Em Obras;Reta,Não,2,1,1,0,0,0,1,2,"-28,77429107","-53,59701445",SPRF-RS,DEL10-RS,UOP02-DEL10-RS
417921,2022-02-28,segunda-feira,19:20:00,PR,153,318,IMBITUVA,Mal súbito do condutor,Tombamento,Com Vítimas Feridas,Anoitecer,Decrescente,Ignorado,Simples,Reta,Não,2,0,2,0,0,0,2,2,"-25,35786","-50,63364595",SPRF-PR,DEL03-PR,UOP03-DEL03-PR
417924,2022-02-28,segunda-feira,22:45:00,PR,376,"303,8",MAUA DA SERRA,Velocidade Incompatível,Tombamento,Sem Vítimas,Plena Noite,Crescente,Céu Claro,Dupla,Declive;Curva,Não,2,0,0,0,1,2,0,3,"-23,932847","-51,137282",SPRF-PR,DEL07-PR,UOP02-DEL07-PR
417926,2022-03-01,terça-feira,00:15:00,SC,116,31,ITAIOPOLIS,Reação tardia ou ineficiente do condutor,Colisão traseira,Com Vítimas Feridas,Plena Noite,Crescente,Céu Claro,Simples,Reta,Não,3,0,2,0,1,0,2,2,"-26,31708989","-49,97099106",SPRF-SC,DEL06-SC,UOP01-DEL06-SC
417928,2022-03-01,terça-feira,01:50:00,SP,381,63,MAIRIPORA,Ausência de reação do condutor,Saída de leito carroçável,Com Vítimas Feridas,Plena Noite,Crescente,Céu Claro,Dupla,Declive,Não,1,0,0,1,0,0,1,1,"-23,302805","-46,572767",SPRF-SP,DEL03-SP,UOP01-DEL03-SP
417935,2022-03-01,terça-feira,02:55:00,MG,40,"730,3",SANTOS DUMONT,Condutor Dormindo,Colisão com objeto,Com Vítimas Feridas,Plena Noite,Decrescente,Céu Claro,Dupla,Curva,Não,2,0,1,0,0,1,1,2,"-21,33378994","-43,5866212",SPRF-MG,DEL05-MG,UOP01-DEL05-MG
417938,2022-03-01,terça-feira,04:55:00,PE,232,121,CARUARU,Estacionar ou parar em local proibido,Colisão traseira,Com Vítimas Feridas,Amanhecer,Decrescente,Céu Claro,Dupla,Declive;Reta,Não,2,0,1,0,0,1,1,2,"-8,30018257","-35,91071184",SPRF-PE,DEL02-PE,UOP03-DEL02-PE
417961,2022-03-01,terça-feira,07:45:00,RS,470,"162,5",NOVA PRATA,Transitar na contramão,Colisão frontal,Com Vítimas Feridas,Pleno dia,Crescente,Nublado,Simples,Reta,Não,3,0,1,0,2,0,1,2,"-28,82207304","-51,58755803",SPRF-RS,DEL06-RS,UOP02-DEL06-RS
417966,2022-03-01,terça-feira,09:10:00,ES,101,106,SOORETAMA,Ausência de reação do condutor,Colisão lateral sentido oposto,Com Vítimas Feridas,Pleno dia,Decrescente,Sol,Simples,Aclive;Reta,Não,6,0,1,0,4,1,1,3,"-19,02940988","-40,01887727",SPRF-ES,DEL04-ES,UOP01-DEL04-ES
417967,2022-03-01,terça-feira,07:40:00,PR,376,551,BALSA NOVA,Mal súbito do condutor,Saída de leito carroçável,Com Vítimas Feridas,Pleno dia,Decrescente,Céu Claro,Dupla,Curva,Não,1,0,1,0,0,0,1,1,"-25,47364219","-49,70118295",SPRF-PR,DEL01-PR,UOP03-DEL03-PR
417978,2022-03-01,terça-feira,09:50:00,RJ,356,156,CAMPOS DOS GOYTACAZES,Transitar no acostamento,Colisão lateral mesmo sentido,Com Vítimas Fatais,Pleno dia,Crescente,Céu Claro,Simples,Reta,Não,5,1,1,0,1,2,1,4,"-21,74176222","-41,21112786",SPRF-RJ,DEL08-RJ,UOP02-DEL08-RJ
417980,2022-03-01,terça-feira,11:25:00,RJ,101,420,MANGARATIBA,Reação tardia ou ineficiente do condutor,Colisão traseira,Sem Vítimas,Pleno dia,Decrescente,Céu Claro,Simples,Curva,Não,9,0,0,0,8,1,0,7,"-22,9189815","-43,92318002",SPRF-RJ,DEL03-RJ,UOP03-DEL03-RJ
417984,2022-02-14,segunda-feira,00:25:00,PR,163,213,CASCAVEL,Condutor deixou de manter distância do veículo da frente,Colisão traseira,Com Vítimas Feridas,Plena Noite,Decrescente,Céu Claro,Simples,Reta,Não,3,0,0,1,1,1,1,3,"-24,91678506","-53,53591753",SPRF-PR,DEL04-PR,UOP01-DEL04-PR
417986,2022-03-01,terça-feira,12:10:00,PR,376,324,ORTIGUEIRA,Reação tardia ou ineficiente do condutor,Colisão frontal,Com Vítimas Fatais,Pleno dia,Crescente,Chuva,Simples,Curva,Não,6,3,1,0,1,2,1,4,"-24,08335501","-51,05936802",SPRF-PR,DEL07-PR,UOP02-DEL07-PR