id,data_inversa,dia_semana,horario,uf,br,km,municipio,causa_acidente,tipo_acidente,classificacao_acidente,fase_dia,sentido_via,condicao_metereologica,tipo_pista,tracado_via,uso_solo,pessoas,mortos,feridos_leves,feridos_graves,ilesos,ignorados,feridos,veiculos,latitude,longitude,regional,delegacia,uop
417987,2022-03-01,terça-feira,11:55:00,GO,153,"675,5",PANAMA,Velocidade Incompatível,Tombamento,Com Vítimas Feridas,Pleno dia,Crescente,Céu Claro,Dupla,Interseção de Vias,Não,2,0,1,0,0,1,1,2,"-18,1855","-49,2895",SPRF-GO,DEL03-GO,UOP02-DEL03-GO
417989,2022-03-01,terça-feira,08:01:00,PR,373,284,PRUDENTOPOLIS,Velocidade Incompatível,Saída de leito carroçável,Com Vítimas Feridas,Pleno dia,Decrescente,Céu Claro,Simples,Aclive;Curva,Não,2,0,1,0,0,2,1,3,"-25,29320713","-51,13105774",SPRF-PR,DEL08-PR,UOP01-DEL08-PR
417996,2022-03-01,terça-feira,13:33:00,RS,116,234,NOVO HAMBURGO,Retorno proibido,Colisão transversal,Com Vítimas Fatais,Pleno dia,Crescente,Chuva,Simples,Reta,Sim,4,1,0,1,2,0,1,2,"-29,65121313","-51,1444433",SPRF-RS,DEL01-RS,UOP02-DEL01-RS
417999,2022-03-01,terça-feira,14:45:00,PR,476,153,ARAUCARIA,Reação tardia ou ineficiente do condutor,Colisão lateral mesmo sentido,Com Vítimas Feridas,Pleno dia,Decrescente,Garoa/Chuvisco,Dupla,Reta,Sim,3,0,1,0,1,2,1,4,"-25,577307","-49,392338",SPRF-PR,DEL01-PR,UOP03-DEL01-PR
418005,2022-03-01,terça-feira,15:20:00,SC,101,"327,2",CAPIVARI DE BAIXO,Condutor deixou de manter distância do veículo da frente,Colisão lateral mesmo sentido,Com Vítimas Feridas,Pleno dia,Crescente,Céu Claro,Múltipla,Reta;Viaduto,Sim,4,0,0,1,2,1,1,4,"-28,43023306","-48,95205197",SPRF-SC,DEL02-SC,UOP01-DEL02-SC
418010,2022-03-01,terça-feira,15:15:00,SC,470,"111,3",APIUNA,Velocidade Incompatível,Tombamento,Com Vítimas Feridas,Pleno dia,Decrescente,Céu Claro,Simples,Curva,Não,2,0,1,0,0,1,1,2,"-27,095388","-49,457878",SPRF-SC,DEL04-SC,UOP02-DEL04-SC
418013,2022-03-01,terça-feira,14:00:00,GO,452,"148,6",BOM JESUS DE GOIAS,Condutor Dormindo,Saída de leito carroçável,Com Vítimas Feridas,Pleno dia,Crescente,Céu Claro,Simples,Reta,Não,2,0,1,0,0,2,1,3,"-18,29079607","-49,60105405",SPRF-GO,DEL03-GO,UOP02-DEL03-GO
418015,2022-03-01,terça-feira,16:50:00,GO,153,563,PROFESSOR JAMIL,Condutor deixou de manter distância do veículo da frente,Colisão traseira,Sem Vítimas,Pleno dia,Decrescente,Sol,Dupla,Reta,Não,9,0,0,0,7,3,0,6,"-17,2383","-49,239",SPRF-GO,DEL03-GO,UOP01-DEL03-GO
418026,2022-03-01,terça-feira,17:35:00,CE,20,421,MARACANAU,Desrespeitar a preferência no cruzamento,Colisão transversal,Com Vítimas Feridas,Anoitecer,Decrescente,Céu Claro,Dupla,Desvio Temporário,Não,3,0,1,0,1,1,1,3,"-3,76999035","-38,67006282",SPRF-CE,DEL01-CE,UOP02-DEL01-CE
418033,2022-03-01,terça-feira,17:30:00,PR,376,665,GUARATUBA,Velocidade Incompatível,Colisão traseira,Com Vítimas Feridas,Pleno dia,Crescente,Chuva,Simples,Curva,Não,4,0,1,0,2,1,1,3,"-25,85455838","-48,95670808",SPRF-PR,DEL01-PR,UOP04-DEL01-PR
418047,2022-03-01,terça-feira,10:15:00,SP,116,102,PINDAMONHANGABA,Falta de acostamento,Atropelamento de Pedestre,Com Vítimas Feridas,Pleno dia,Decrescente,Céu Claro,Múltipla,Aclive,Não,2,0,1,0,0,1,1,2,"-22,99497994","-45,48951403",SPRF-SP,DEL08-SP,UOP01-DEL08-SP
418049,2022-03-01,terça-feira,19:15:00,MT,70,"4,3",BARRA DO GARCAS,Objeto estático sobre o leito carroçável,Colisão com objeto,Com Vítimas Fatais,Plena Noite,Crescente,Céu Claro,Dupla,Reta,Sim,3,1,0,1,1,0,1,2,"-15,87907036","-52,28563311",SPRF-MT,DEL07-MT,UOP01-DEL07-MT
418066,2022-03-01,terça-feira,15:25:00,PI,407,"422,5",PICOS,Reação tardia ou ineficiente do condutor,Capotamento,Com Vítimas Feridas,Pleno dia,Crescente,Sol,Simples,Reta,Não,3,0,1,1,0,1,2,1,"-7,1117946","-41,40729904",SPRF-PI,DEL04-PI,UOP01-DEL04-PI
418088,2022-03-01,terça-feira,18:09:00,RJ,101,59,CAMPOS DOS GOYTACAZES,Condutor deixou de manter distância do veículo da frente,Colisão traseira,Sem Vítimas,Pleno dia,Crescente,Céu Claro,Simples,Reta,Sim,3,0,0,0,2,1,0,3,"-21,71366497","-41,30861915",SPRF-RJ,DEL08-RJ,UOP01-DEL08-RJ
418090,2022-03-01,terça-feira,18:00:00,SP,116,548,BARRA DO TURVO,Pista Escorregadia,Colisão com objeto,Com Vítimas Feridas,Anoitecer,Crescente,Chuva,Simples,Reta,Não,1,0,1,0,0,0,1,1,"-24,95393","-48,447268",SPRF-SP,DEL05-SP,UOP02-DEL05-SP
418097,2022-03-02,quarta-feira,02:05:00,SE,101,183,UMBAUBA,Manobra de mudança de faixa,Derramamento de carga,Sem Vítimas,Plena Noite,Decrescente,Céu Claro,Dupla,Declive;Reta,Sim,2,0,0,0,1,1,0,2,"-11,37900039","-37,6630326",SPRF-SE,DEL02-SE,UOP03-DEL02-SE
418101,2022-03-02,quarta-feira,05:00:00,DF,20,21,BRASILIA,Chuva,Colisão com objeto,Com Vítimas Feridas,Plena Noite,Crescente,Chuva,Dupla,Reta,Sim,2,0,1,0,1,0,1,1,"-15,603384","-47,684692",SPRF-DF,DEL02-DF,UOP01-DEL02-DF
418103,2022-03-01,terça-feira,22:00:00,PE,423,136,SALOA,Pedestre andava na pista,Atropelamento de Pedestre,Com Vítimas Fatais,Plena Noite,Decrescente,Nublado,Simples,Reta,Não,2,1,0,0,0,1,0,2,"-8,96508272","-36,79997411",SPRF-PE,DEL03-PE,UOP01-DEL03-PE
418108,2022-03-02,quarta-feira,05:45:00,SP,381,27,ATIBAIA,Demais falhas mecânicas ou elétricas,Incêndio,Sem Vítimas,Amanhecer,Decrescente,Céu Claro,Dupla,Reta,Sim,2,0,0,0,1,1,0,2,"-23,03325858","-46,54275266",SPRF-SP,DEL03-SP,UOP01-DEL03-SP
418115,2022-03-02,quarta-feira,02:12:00,GO,153,"295,5",RIALMA,Chuva,Saída de leito carroçável,Com Vítimas Feridas,Plena Noite,Decrescente,Chuva,Simples,Curva,Não,2,0,1,0,0,1,1,2,"-15,24967","-49,556309",SPRF-GO,DEL02-GO,UOP02-DEL02-GO
418116,2022-03-02,quarta-feira,06:00:00,PR,153,"95,9",JAPIRA,Transitar na contramão,Colisão frontal,Com Vítimas Feridas,Amanhecer,Decrescente,Céu Claro,Simples,Curva,Não,6,0,2,1,2,1,3,4,"-23,73015023","-50,17832875",SPRF-PR,DEL07-PR,UOP04-DEL07-PR
418118,2022-03-02,quarta-feira,06:20:00,SC,116,"105,6",MONTE CASTELO,Velocidade Incompatível,Tombamento,Com Vítimas Feridas,Amanhecer,Decrescente,Nublado,Simples,Curva;Declive,Não,2,0,1,0,0,1,1,2,"-26,74622356","-50,31463623",SPRF-SC,DEL06-SC,UOP02-DEL06-SC
418120,2022-03-02,quarta-feira,07:32:00,MG,381,"515,9",IGARAPE,Velocidade Incompatível,Tombamento,Com Vítimas Feridas,Pleno dia,Decrescente,Céu Claro,Dupla,Declive;Curva,Não,2,0,1,0,0,1,1,2,"-20,11094229","-44,32385296",SPRF-MG,DEL01-MG,UOP03-DEL01-MG
418137,2022-03-02,quarta-feira,07:00:00,MT,364,206,RONDONOPOLIS,Acessar a via sem observar a presença dos outros veículos,Colisão lateral mesmo sentido,Sem Vítimas,Pleno dia,Decrescente,Céu Claro,Dupla,Retorno Regulamentado,Sim,4,0,0,0,3,3,0,5,"-16,44802169","-54,66685295",SPRF-MT,DEL02-MT,UOP01-DEL02-MT
418138,2022-03-02,quarta-feira,10:10:00,RS,448,22,CANOAS,Manobra de mudança de faixa,Colisão lateral mesmo sentido,Com Vítimas Feridas,Pleno dia,Decrescente,Céu Claro,Múltipla,Interseção de Vias,Sim,5,0,1,0,3,1,1,3,"-29,972212","-51,199139",SPRF-RS,DEL01-RS,UOP01-DEL01-RS
418141,2022-03-02,quarta-feira,09:50:00,RS,153,"20,5",SEVERIANO DE ALMEIDA,Velocidade Incompatível,Saída de leito carroçável,Com Vítimas Feridas,Pleno dia,Crescente,Nublado,Simples,Curva,Não,1,0,1,0,0,0,1,1,"-27,46593","-52,10366",SPRF-RS,DEL08-RS,UOP04-DEL08-RS
418142,2022-03-02,quarta-feira,10:35:00,GO,50,307,CUMARI,Sinalização mal posicionada,Colisão traseira,Com Vítimas Feridas,Pleno dia,Crescente,Céu Claro,Dupla,Curva,Não,4,0,1,0,2,2,1,4,"-18,3769","-48,0609",SPRF-GO,DEL06-GO,UOP01-DEL06-GO
418143,2022-03-02,quarta-feira,10:45:00,SE,101,10,CEDRO DE SAO JOAO,Condutor Dormindo,Saída de leito carroçável,Com Vítimas Feridas,Pleno dia,Crescente,Céu Claro,Dupla,Reta,Não,2,0,1,0,0,1,1,2,"-10,279877","-36,874572",SPRF-SE,DEL02-SE,UOP02-DEL02-SE
418152,2022-03-02,quarta-feira,12:00:00,CE,20,"417,6",MARACANAU,Condutor desrespeitou a iluminação vermelha do semáforo,Colisão transversal,Sem Vítimas,Pleno dia,Crescente,Céu Claro,Múltipla,Interseção de Vias,Sim,2,0,0,0,2,0,0,2,"-3,84049845","-38,59764587",SPRF-CE,DEL01-CE,UOP02-DEL01-CE
418154,2022-03-02,quarta-feira,12:45:00,RJ,101,"81,1",CAMPOS DOS GOYTACAZES,Ultrapassagem Indevida,Colisão lateral sentido oposto,Com Vítimas Feridas,Pleno dia,Decrescente,Céu Claro,Simples,Reta,Não,2,0,1,0,1,0,1,2,"-21,83221147","-41,44729712",SPRF-RJ,DEL08-RJ,UOP02-DEL08-RJ
418157,2022-03-02,quarta-feira,12:06:00,RS,116,301,GUAIBA,Reação tardia ou ineficiente do condutor,Colisão frontal,Com Vítimas Feridas,Pleno dia,Crescente,Sol,Simples,Reta,Sim,4,0,0,1,1,2,1,4,"-30,131899","-51,353867",SPRF-RS,DEL02-RS,UOP01-DEL02-RS
418161,2022-03-02,quarta-feira,07:40:00,MG,50,119,UBERABA,Condutor Dormindo,Colisão lateral mesmo sentido,Com Vítimas Feridas,Pleno dia,Decrescente,Sol,Dupla,Reta,Não,3,0,1,0,1,1,1,3,"-19,29969201","-48,11376802",SPRF-MG,DEL13-MG,UOP01-DEL13-MG
418165,2022-03-02,quarta-feira,14:15:00,MG,146,"423,4",MUZAMBINHO,Condutor Dormindo,Colisão frontal,Com Vítimas Feridas,Pleno dia,Crescente,Céu Claro,Simples,Reta,Não,2,0,0,1,1,0,1,2,"-21,357361","-46,504613",SPRF-MG,DEL09-MG,UOP01-DEL09-MG
418167,2022-03-02,quarta-feira,15:00:00,RJ,116,175,NOVA IGUACU,Demais falhas mecânicas ou elétricas,Incêndio,Sem Vítimas,Pleno dia,Decrescente,Céu Claro,Múltipla,Reta,Sim,1,0,0,0,1,0,0,1,"-22,75890051","-43,42849734",SPRF-RJ,DEL01-RJ,UOP02-DEL01-RJ
418175,2022-03-02,quarta-feira,15:05:00,SC,101,"125,6",ITAJAI,Manobra de mudança de faixa,Tombamento,Com Vítimas Feridas,Pleno dia,Decrescente,Nublado,Dupla,Curva,Sim,4,0,0,1,2,1,1,4,"-26,9528111","-48,67945433",SPRF-SC,DEL04-SC,UOP04-DEL04-SC
418181,2022-03-02,quarta-feira,15:31:00,ES,101,"7,3",PEDRO CANARIO,Ultrapassagem Indevida,Colisão lateral mesmo sentido,Com Vítimas Feridas,Pleno dia,Crescente,Céu Claro,Simples,Declive;Curva,Não,4,0,1,0,2,1,1,3,"-18,22768508","-39,94459291",SPRF-ES,DEL04-ES,UOP02-DEL04-ES
418185,2022-03-02,quarta-feira,10:30:00,BA,242,361,LENCOIS,Manobra de mudança de faixa,Colisão lateral sentido oposto,Com Vítimas Feridas,Pleno dia,Crescente,Nublado,Simples,Reta,Não,6,0,5,0,1,0,5,2,"-12,46695199","-41,39799499",SPRF-BA,DEL06-BA,UOP01-DEL06-BA
418188,2022-03-02,quarta-feira,11:30:00,PR,373,"433,1",CHOPINZINHO,Reação tardia ou ineficiente do condutor,Colisão com objeto,Sem Vítimas,Pleno dia,Decrescente,Nublado,Simples,Curva,Não,2,0,0,0,1,1,0,2,"-25,76110804","-52,2554565",SPRF-PR,DEL02-PR,UOP01-DEL02-PR
418191,2022-03-02,quarta-feira,16:28:00,GO,364,"150,5",JATAI,Ausência de reação do condutor,Colisão traseira,Com Vítimas Feridas,Pleno dia,Crescente,Chuva,Simples,Reta;Em Obras,Não,6,0,4,0,2,0,4,2,"-18,16346","-51,428986",SPRF-GO,DEL05-GO,UOP01-DEL05-GO
418192,2022-03-02,quarta-feira,14:00:00,TO,226,39,DARCINOPOLIS,Transitar no acostamento,Atropelamento de Pedestre,Com Vítimas Feridas,Pleno dia,Crescente,Sol,Simples,Reta,Sim,2,0,0,1,0,1,1,2,"-6,705505","-47,753178",SPRF-TO,DEL02-TO,UOP03-DEL02-TO
418198,2022-03-02,quarta-feira,14:30:00,MA,135,37,BACABEIRA,Reação tardia ou ineficiente do condutor,Saída de leito carroçável,Com Vítimas Feridas,Pleno dia,Crescente,Chuva,Dupla,Reta,Não,2,0,1,0,0,1,1,2,"-2,867093","-44,37482",SPRF-MA,DEL01-MA,UOP01-DEL01-MA
418209,2022-03-02,quarta-feira,08:15:00,SC,280,"281,7",IRINEOPOLIS,Condutor deixou de manter distância do veículo da frente,Colisão traseira,Com Vítimas Feridas,Pleno dia,Crescente,Céu Claro,Simples,Reta,Não,13,0,8,0,4,1,8,3,"-26,29742523","-50,83861502",SPRF-SC,DEL06-SC,UOP04-DEL06-SC
418216,2022-03-02,quarta-feira,15:00:00,RS,285,"117,3",VACARIA,Condutor Dormindo,Saída de leito carroçável,Com Vítimas Feridas,Pleno dia,Crescente,Nublado,Simples,Reta,Sim,1,0,1,0,0,0,1,1,"-28,514254","-50,906414",SPRF-RS,DEL05-RS,UOP03-DEL05-RS
418220,2022-03-02,quarta-feira,17:30:00,BA,20,145,SAO DESIDERIO,Pista Escorregadia,Saída de leito carroçável,Sem Vítimas,Anoitecer,Decrescente,Nublado,Simples,Declive,Não,1,0,0,0,1,0,0,1,"-12,680007","-45,931356",SPRF-BA,DEL10-BA,UOP01-DEL10-BA
418224,2022-03-02,quarta-feira,07:00:00,SC,470,282,BRUNOPOLIS,Carga excessiva e/ou mal acondicionada,Tombamento,Com Vítimas Feridas,Pleno dia,Crescente,Céu Claro,Simples,Declive;Curva,Não,2,0,1,0,0,1,1,2,"-27,334911","-50,882519",SPRF-SC,DEL07-SC,UOP06-DEL07-SC
418233,2022-03-02,quarta-feira,18:20:00,DF,80,30,BRASILIA,Reação tardia ou ineficiente do condutor,Colisão frontal,Com Vítimas Feridas,Anoitecer,Crescente,Chuva,Simples,Curva;Aclive,Não,6,0,0,1,4,2,1,5,"-15,586337","-48,188095",SPRF-DF,DEL03-DF,UOP02-DEL03-DF
418235,2022-03-02,quarta-feira,20:00:00,RS,290,578,ALEGRETE,Problema com o freio,Atropelamento de Pedestre,Com Vítimas Fatais,Plena Noite,Decrescente,Céu Claro,Simples,Reta,Sim,4,1,0,0,0,3,0,3,"-29,811922","-55,758663",SPRF-RS,DEL13-RS,UOP02-DEL13-RS
418239,2022-03-02,quarta-feira,19:45:00,SC,101,"409,8",ARARANGUA,Manobra de mudança de faixa,Colisão frontal,Com Vítimas Feridas,Plena Noite,Crescente,Nublado,Simples,Rotatória,Sim,4,0,1,1,2,0,2,3,"-28,9392621","-49,49762866",SPRF-SC,DEL02-SC,UOP02-DEL02-SC
418242,2022-03-02,quarta-feira,20:45:00,MG,251,"514,1",MONTES CLAROS,Demais falhas mecânicas ou elétricas,Incêndio,Sem Vítimas,Plena Noite,Crescente,Céu Claro,Simples,Reta,Não,2,0,0,0,1,1,0,2,"-16,65853004","-43,735423",SPRF-MG,DEL12-MG,UOP01-DEL12-MG
418251,2022-03-02,quarta-feira,20:30:00,MT,364,1167,CAMPOS DE JULIO,Transitar na contramão,Colisão lateral sentido oposto,Com Vítimas Feridas,Plena Noite,Decrescente,Chuva,Simples,Reta,Não,3,0,1,0,0,2,1,3,"-13,61682922","-59,11205781",SPRF-MT,DEL04-MT,UOP01-DEL04-MT
418256,2022-03-03,quinta-feira,00:00:00,PR,376,"670,8",GUARATUBA,Demais falhas mecânicas ou elétricas,Incêndio,Sem Vítimas,Plena Noite,Crescente,Garoa/Chuvisco,Dupla,Reta,Não,2,0,0,0,1,1,0,2,"-25,87689214","-48,93585725",SPRF-PR,DEL01-PR,UOP04-DEL01-PR
418259,2022-03-03,quinta-feira,00:50:00,SP,116,188,SANTA ISABEL,Reação tardia ou ineficiente do condutor,Colisão traseira,Com Vítimas Feridas,Plena Noite,Crescente,Céu Claro,Dupla,Curva,Não,2,0,1,0,1,0,1,2,"-23,3594352","-46,21675791",SPRF-SP,DEL01-SP,UOP01-DEL01-SP
418262,2022-03-03,quinta-feira,00:30:00,MS,60,377,CAMPO GRANDE,Condutor Dormindo,Colisão frontal,Com Vítimas Fatais,Plena Noite,Crescente,Céu Claro,Simples,Reta,Não,2,1,0,0,1,0,0,2,"-20,60326611","-54,73507894",SPRF-MS,DEL01-MS,UOP04-DEL01-MS
418264,2022-03-03,quinta-feira,02:00:00,MT,70,517,VARZEA GRANDE,Ausência de reação do condutor,Colisão traseira,Com Vítimas Feridas,Plena Noite,Crescente,Chuva,Simples,Reta,Sim,3,0,1,0,1,2,1,4,"-15,70187891","-56,15781784",SPRF-MT,DEL01-MT,UOP02-DEL01-MT
418268,2022-03-03,quinta-feira,05:00:00,SP,116,298,ITAPECERICA DA SERRA,Ausência de reação do condutor,Colisão traseira,Com Vítimas Feridas,Amanhecer,Crescente,Nublado,Dupla,Reta,Não,5,0,1,0,3,1,1,3,"-23,790858","-46,91450298",SPRF-SP,DEL04-SP,UOP01-DEL04-SP
418275,2022-03-03,quinta-feira,04:30:00,MG,262,622,IBIA,Condutor Dormindo,Tombamento,Com Vítimas Feridas,Amanhecer,Crescente,Céu Claro,Simples,Reta,Não,2,0,1,0,0,1,1,2,"-19,58532143","-46,4100118",SPRF-MG,DEL08-MG,UOP02-DEL08-MG
418279,2022-03-03,quinta-feira,03:10:00,MS,262,"628,2",MIRANDA,Condutor Dormindo,Colisão lateral sentido oposto,Sem Vítimas,Plena Noite,Crescente,Nublado,Simples,Reta,Não,2,0,0,0,2,0,0,2,"-19,88382776","-56,87364546",SPRF-MS,DEL03-MS,UOP02-DEL03-MS
418287,2022-03-03,quinta-feira,06:00:00,GO,364,235,JATAI,Transitar na contramão,Colisão lateral sentido oposto,Com Vítimas Feridas,Pleno dia,Crescente,Céu Claro,Simples,Reta,Não,3,0,0,1,1,3,1,5,"-17,803482","-52,043823",SPRF-GO,DEL05-GO,UOP01-DEL05-GO
418296,2022-03-03,quinta-feira,06:40:00,SP,116,99,PINDAMONHANGABA,Demais falhas mecânicas ou elétricas,Tombamento,Sem Vítimas,Pleno dia,Decrescente,Céu Claro,Dupla,Rotatória,Sim,1,0,0,0,1,0,0,1,"-22,98236971","-45,46436617",SPRF-SP,DEL08-SP,UOP01-DEL08-SP
418300,2022-03-03,quinta-feira,08:00:00,CE,20,426,FORTALEZA,Condutor deixou de manter distância do veículo da frente,Colisão traseira,Com Vítimas Feridas,Pleno dia,Decrescente,Céu Claro,Dupla,Reta,Sim,3,0,0,1,2,0,1,3,"-3,863325","-38,524646",SPRF-CE,DEL01-CE,UOP02-DEL01-CE
418312,2022-02-25,sexta-feira,01:20:00,RO,364,504,ARIQUEMES,Avarias e/ou desgaste excessivo no pneu,Tombamento,Com Vítimas Feridas,Plena Noite,Crescente,Chuva,Simples,Reta,Não,2,0,1,0,0,3,1,4,"-10,00474102","-63,00712403",SPRF-RO,DEL03-RO,UOP01-DEL03-RO
418320,2022-03-03,quinta-feira,10:15:00,RS,470,240,BARAO,Reação tardia ou ineficiente do condutor,Colisão frontal,Com Vítimas Feridas,Pleno dia,Crescente,Céu Claro,Simples,Curva,Não,3,0,1,0,1,1,1,3,"-29,33853872","-51,5054282",SPRF-RS,DEL06-RS,UOP01-DEL06-RS
418322,2022-03-03,quinta-feira,08:20:00,PR,277,394,CANDOI,Velocidade Incompatível,Tombamento,Com Vítimas Feridas,Pleno dia,Crescente,Céu Claro,Simples,Curva,Não,4,0,1,0,1,3,1,5,"-25,44444496","-51,868045",SPRF-PR,DEL08-PR,UOP01-DEL08-PR
418324,2022-03-03,quinta-feira,05:45:00,RS,153,"380,9",NOVO CABRAIS,Ingestão de álcool pelo condutor,Colisão frontal,Com Vítimas Feridas,Plena Noite,Decrescente,Céu Claro,Simples,Reta,Não,2,0,2,0,0,0,2,2,"-29,80609284","-52,97264099",SPRF-RS,DEL02-RS,UOP03-DEL02-RS
418327,2022-03-03,quinta-feira,09:00:00,MG,40,"121,7",JOAO PINHEIRO,Ausência de reação do condutor,Colisão lateral sentido oposto,Com Vítimas Feridas,Pleno dia,Decrescente,Céu Claro,Simples,Declive;Curva,Não,2,0,1,0,1,0,1,2,"-17,665342","-46,348267",SPRF-MG,DEL14-MG,UOP01-DEL14-MG
418332,2022-03-03,quinta-feira,10:35:00,SP,116,219,GUARULHOS,Reação tardia ou ineficiente do condutor,Colisão traseira,Com Vítimas Feridas,Pleno dia,Crescente,Céu Claro,Múltipla,Reta,Sim,2,0,1,0,1,0,1,2,"-23,46143954","-46,48885316",SPRF-SP,DEL01-SP,UOP01-DEL01-SP
418334,2022-03-03,quinta-feira,10:20:00,SC,470,68,INDAIAL,Conversão proibida,Colisão transversal,Com Vítimas Feridas,Pleno dia,Decrescente,Nublado,Simples,Reta;Interseção de Vias,Sim,2,0,1,0,1,0,1,2,"-26,877615","-49,239231",SPRF-SC,DEL04-SC,UOP01-DEL04-SC
418336,2022-03-03,quinta-feira,06:40:00,BA,324,447,RIACHAO DO JACUIPE,Mal súbito do condutor,Saída de leito carroçável,Com Vítimas Feridas,Pleno dia,Crescente,Céu Claro,Simples,Declive;Reta,Não,1,0,1,0,0,0,1,1,"-11,85893714","-39,32711211",SPRF-BA,DEL02-BA,UOP01-DEL02-BA
418338,2022-03-03,quinta-feira,11:15:00,RS,290,145,ELDORADO DO SUL,Reação tardia ou ineficiente do condutor,Engavetamento,Com Vítimas Feridas,Pleno dia,Decrescente,Céu Claro,Simples,Reta,Sim,6,0,2,0,4,0,2,3,"-30,100563","-51,656773",SPRF-RS,DEL02-RS,UOP01-DEL02-RS
418341,2022-03-03,quinta-feira,09:30:00,PR,116,145,MANDIRITUBA,Transitar na contramão,Colisão lateral sentido oposto,Sem Vítimas,Pleno dia,Crescente,Nublado,Simples,Declive;Curva,Não,3,0,0,0,1,2,0,3,"-25,810524","-49,326808",SPRF-PR,DEL01-PR,UOP03-DEL01-PR
418353,2022-03-03,quinta-feira,12:40:00,PB,230,"206,1",SOLEDADE,Frear bruscamente,Colisão traseira,Sem Vítimas,Pleno dia,Crescente,Sol,Simples,Reta,Não,2,0,0,0,2,0,0,2,"-7,09","-36,2887",SPRF-PB,DEL02-PB,UOP02-DEL02-PB
418356,2022-03-02,quarta-feira,05:40:00,PR,277,132,BALSA NOVA,Velocidade Incompatível,Colisão com objeto,Sem Vítimas,Pleno dia,Crescente,Nublado,Dupla,Curva,Não,2,0,0,0,1,2,0,3,"-25,471731","-49,661873",SPRF-PR,DEL01-PR,UOP03-DEL03-PR
418359,2022-03-03,quinta-feira,12:30:00,MG,116,291,TEOFILO OTONI,Demais falhas mecânicas ou elétricas,Saída de leito carroçável,Com Vítimas Feridas,Pleno dia,Crescente,Sol,Simples,Reta,Não,1,0,1,0,0,0,1,1,"-17,97623406","-41,54707092",SPRF-MG,DEL11-MG,UOP01-DEL11-MG
418366,2022-01-09,domingo,06:00:00,RJ,356,129,CAMPOS DOS GOYTACAZES,Demais falhas mecânicas ou elétricas,Incêndio,Sem Vítimas,Pleno dia,Decrescente,Nublado,Simples,Reta,Não,1,0,0,0,1,0,0,1,"-21,68767077","-41,35696354",SPRF-RJ,DEL08-RJ,UOP01-DEL08-RJ
418372,2022-01-26,quarta-feira,21:10:00,MG,40,"737,7",SANTOS DUMONT,Pista Escorregadia,Colisão frontal,Com Vítimas Fatais,Plena Noite,Decrescente,Chuva,Simples,Curva,Não,8,2,1,1,2,3,2,6,"-21,38296999","-43,57033542",SPRF-MG,DEL05-MG,UOP01-DEL05-MG
418378,2022-03-03,quinta-feira,15:30:00,PR,116,32,CAMPINA GRANDE DO SUL,Ausência de reação do condutor,Colisão traseira,Com Vítimas Feridas,Pleno dia,Crescente,Céu Claro,Dupla,Reta,Não,4,0,1,0,2,2,1,5,"-25,10497579","-48,83973903",SPRF-PR,DEL01-PR,UOP02-DEL01-PR
418380,2022-03-03,quinta-feira,15:00:00,RS,158,"327,8",SANTA MARIA,Manobra de mudança de faixa,Colisão lateral mesmo sentido,Sem Vítimas,Pleno dia,Crescente,Céu Claro,Dupla,Em Obras,Sim,3,0,0,0,2,1,0,3,"-29,714945","-53,81083",SPRF-RS,DEL09-RS,UOP01-DEL09-RS
418387,2022-03-03,quinta-feira,16:10:00,RS,116,43,VACARIA,Acessar a via sem observar a presença dos outros veículos,Colisão transversal,Com Vítimas Feridas,Pleno dia,Decrescente,Céu Claro,Simples,Interseção de Vias,Sim,4,0,1,0,2,2,1,4,"-28,53520735","-50,96223698",SPRF-RS,DEL05-RS,UOP03-DEL05-RS
418388,2022-02-16,quarta-feira,14:45:00,MS,262,412,TERENOS,Manobra de mudança de faixa,Colisão frontal,Com Vítimas Feridas,Pleno dia,Crescente,Vento,Simples,Aclive,Não,4,0,2,0,1,1,2,3,"-20,4440307","-55,13298106",SPRF-MS,DEL01-MS,UOP03-DEL01-MS
418390,2022-03-03,quinta-feira,15:30:00,PR,116,150,MANDIRITUBA,Conversão proibida,Colisão transversal,Sem Vítimas,Pleno dia,Crescente,Nublado,Simples,Reta,Sim,4,0,0,0,3,1,0,4,"-25,81557015","-49,33088979",SPRF-PR,DEL01-PR,UOP03-DEL01-PR
418393,2022-03-03,quinta-feira,15:10:00,RO,364,"227,2",CACOAL,Manobra de mudança de faixa,Colisão frontal,Com Vítimas Feridas,Pleno dia,Crescente,Céu Claro,Simples,Reta,Não,3,0,1,0,1,3,1,5,"-11,49671749","-61,37410451",SPRF-RO,DEL02-RO,UOP02-DEL02-RO
418398,2022-03-03,quinta-feira,16:45:00,MG,40,517,RIBEIRAO DAS NEVES,Reação tardia ou ineficiente do condutor,Tombamento,Com Vítimas Feridas,Pleno dia,Crescente,Céu Claro,Dupla,Retorno Regulamentado,Sim,2,0,1,0,1,0,1,1,"-19,82351202","-44,08438913",SPRF-MG,DEL01-MG,UOP02-DEL01-MG
418402,2022-03-03,quinta-feira,13:15:00,BA,20,78,SAO DESIDERIO,Acumulo de água sobre o pavimento,Colisão frontal,Com Vítimas Feridas,Pleno dia,Crescente,Chuva,Simples,Reta,Não,3,0,2,0,0,3,2,5,"-13,296257",-46,SPRF-BA,DEL10-BA,UOP01-DEL10-BA