id,data_inversa,dia_semana,horario,uf,br,km,municipio,causa_acidente,tipo_acidente,classificacao_acidente,fase_dia,sentido_via,condicao_metereologica,tipo_pista,tracado_via,uso_solo,pessoas,mortos,feridos_leves,feridos_graves,ilesos,ignorados,feridos,veiculos,latitude,longitude,regional,delegacia,uop
418403,2022-02-18,sexta-feira,16:15:00,MG,365,"185,7",BURITIZEIRO,Acumulo de água sobre o pavimento,Colisão frontal,Com Vítimas Fatais,Anoitecer,Decrescente,Chuva,Simples,Curva,Não,4,1,0,1,1,1,1,3,"-17,42093999","-45,130373",SPRF-MG,DEL12-MG,UOP01-DEL12-MG
418406,2022-03-03,quinta-feira,15:35:00,PB,230,"156,2",CAMPINA GRANDE,Acessar a via sem observar a presença dos outros veículos,Colisão transversal,Com Vítimas Feridas,Pleno dia,Decrescente,Sol,Simples,Reta,Sim,3,0,1,0,2,0,1,2,"-7,2693","-35,9138",SPRF-PB,DEL02-PB,UOP01-DEL02-PB
418413,2022-03-03,quinta-feira,17:15:00,MG,381,368,SAO GONCALO DO RIO ABAIXO,Curva acentuada,Tombamento,Com Vítimas Feridas,Pleno dia,Decrescente,Céu Claro,Simples,Curva,Não,3,0,2,0,0,1,2,2,"-19,85072732","-43,28377384",SPRF-MG,DEL03-MG,UOP01-DEL03-MG
418419,2022-03-03,quinta-feira,17:15:00,MS,262,"508,3",ANASTACIO,Demais falhas mecânicas ou elétricas,Colisão com objeto,Com Vítimas Feridas,Pleno dia,Crescente,Céu Claro,Simples,Reta,Não,4,0,1,0,1,2,1,4,"-20,468321","-55,977278",SPRF-MS,DEL03-MS,UOP01-DEL03-MS
418421,2022-03-03,quinta-feira,18:20:00,PE,101,"17,1",GOIANA,Demais falhas mecânicas ou elétricas,Incêndio,Sem Vítimas,Plena Noite,Decrescente,Céu Claro,Dupla,Reta,Não,1,0,0,0,1,0,0,1,"-7,64064477","-34,95599769",SPRF-PE,DEL01-PE,UOP02-DEL01-PE
418425,2022-03-03,quinta-feira,18:40:00,PR,116,"45,5",CAMPINA GRANDE DO SUL,Velocidade Incompatível,Saída de leito carroçável,Com Vítimas Feridas,Anoitecer,Crescente,Chuva,Dupla,Reta,Não,3,0,0,1,1,1,1,2,"-25,19502698","-48,89003802",SPRF-PR,DEL01-PR,UOP02-DEL01-PR
418427,2022-03-03,quinta-feira,18:30:00,BA,116,507,SANTA TERESINHA,Ultrapassagem Indevida,Colisão lateral sentido oposto,Com Vítimas Feridas,Plena Noite,Crescente,Nublado,Simples,Curva,Não,4,0,2,0,1,3,2,6,"-12,65005317","-39,60777283",SPRF-BA,DEL03-BA,UOP02-DEL03-BA
418431,2022-03-03,quinta-feira,19:40:00,DF,20,"10,9",BRASILIA,Acumulo de água sobre o pavimento,Saída de leito carroçável,Sem Vítimas,Plena Noite,Decrescente,Chuva,Dupla,Aclive,Sim,1,0,0,0,1,0,0,1,"-15,650243","-47,773872",SPRF-DF,DEL02-DF,UOP01-DEL02-DF
418432,2022-03-03,quinta-feira,19:05:00,GO,50,"178,8",CAMPO ALEGRE DE GOIAS,Chuva,Saída de leito carroçável,Com Vítimas Feridas,Plena Noite,Decrescente,Chuva,Dupla,Aclive;Curva,Não,2,0,1,0,0,1,1,2,"-17,3972","-47,7778",SPRF-GO,DEL06-GO,UOP01-DEL06-GO
418433,2022-03-03,quinta-feira,19:30:00,SC,280,33,ARAQUARI,Reação tardia ou ineficiente do condutor,Colisão frontal,Com Vítimas Feridas,Plena Noite,Crescente,Garoa/Chuvisco,Simples,Curva;Interseção de Vias,Não,4,0,0,1,3,0,1,3,"-26,42576441","-48,78741376",SPRF-SC,DEL03-SC,UOP03-DEL03-SC
418435,2022-03-03,quinta-feira,20:10:00,PE,101,"124,6",ESCADA,Acessar a via sem observar a presença dos outros veículos,Colisão traseira,Com Vítimas Feridas,Plena Noite,Crescente,Nublado,Dupla,Reta,Sim,3,0,1,0,0,2,1,3,"-8,361745","-35,213108",SPRF-PE,DEL01-PE,UOP01-DEL01-PE
418438,2022-03-03,quinta-feira,19:40:00,PR,277,703,SAO MIGUEL DO IGUACU,Acessar a via sem observar a presença dos outros veículos,Colisão transversal,Sem Vítimas,Plena Noite,Decrescente,Céu Claro,Dupla,Retorno Regulamentado,Não,2,0,0,0,2,0,0,2,"-25,420575","-54,353229",SPRF-PR,DEL05-PR,UOP01-DEL05-PR
418442,2022-03-03,quinta-feira,20:30:00,SC,101,195,BIGUACU,Avarias e/ou desgaste excessivo no pneu,Colisão lateral mesmo sentido,Com Vítimas Feridas,Plena Noite,Crescente,Nublado,Múltipla,Reta,Não,4,0,1,0,2,1,1,3,"-27,5047092","-48,65010819",SPRF-SC,DEL01-SC,UOP01-DEL01-SC
418443,2022-03-03,quinta-feira,19:15:00,PR,277,"578,1",CASCAVEL,Acessar a via sem observar a presença dos outros veículos,Colisão transversal,Com Vítimas Feridas,Plena Noite,Decrescente,Chuva,Simples,Reta,Sim,3,0,1,0,1,1,1,3,"-24,98385591","-53,34955899",SPRF-PR,DEL04-PR,UOP01-DEL04-PR
418448,2022-03-03,quinta-feira,14:23:00,GO,153,"580,9",PIRACANJUBA,Demais falhas mecânicas ou elétricas,Saída de leito carroçável,Com Vítimas Feridas,Pleno dia,Crescente,Céu Claro,Dupla,Reta,Não,2,0,1,0,0,1,1,2,"-17,3851","-49,2343",SPRF-GO,DEL03-GO,UOP01-DEL03-GO
418449,2022-03-03,quinta-feira,17:00:00,RJ,101,37,CAMPOS DOS GOYTACAZES,Transitar na contramão,Colisão frontal,Com Vítimas Fatais,Pleno dia,Crescente,Céu Claro,Simples,Declive,Não,3,2,0,0,1,0,0,2,"-21,52498519","-41,33663155",SPRF-RJ,DEL08-RJ,UOP01-DEL08-RJ
418452,2022-03-03,quinta-feira,21:30:00,MG,364,"17,1",FRUTAL,Ausência de reação do condutor,Colisão lateral sentido oposto,Com Vítimas Feridas,Plena Noite,Decrescente,Nublado,Simples,Reta,Não,2,0,0,1,1,0,1,2,"-20,025185","-48,94096",SPRF-MG,DEL13-MG,UOP02-DEL13-MG
418453,2022-03-03,quinta-feira,19:05:00,PR,116,23,ANTONINA,Carga excessiva e/ou mal acondicionada,Derramamento de carga,Sem Vítimas,Plena Noite,Decrescente,Chuva,Dupla,Curva,Não,2,0,0,0,1,1,0,2,"-25,11365792","-48,76191616",SPRF-PR,DEL01-PR,UOP02-DEL01-PR
418458,2022-03-03,quinta-feira,20:00:00,SC,101,16,GARUVA,Acessar a via sem observar a presença dos outros veículos,Colisão transversal,Com Vítimas Fatais,Plena Noite,Decrescente,Chuva,Dupla,Reta;Aclive,Não,4,1,0,0,1,4,0,6,"-26,11427473","-48,87647034",SPRF-SC,DEL03-SC,UOP01-DEL03-SC
418472,2022-03-03,quinta-feira,20:20:00,MT,158,612,AGUA BOA,Reação tardia ou ineficiente do condutor,Colisão lateral sentido oposto,Com Vítimas Feridas,Plena Noite,Crescente,Céu Claro,Simples,Reta,Não,2,0,1,0,0,2,1,3,"-14,40478287","-52,21298006",SPRF-MT,DEL07-MT,UOP02-DEL07-MT
418474,2022-03-03,quinta-feira,21:40:00,MG,50,115,UBERABA,Reação tardia ou ineficiente do condutor,Colisão traseira,Com Vítimas Feridas,Plena Noite,Decrescente,Garoa/Chuvisco,Dupla,Reta,Não,3,0,1,0,1,2,1,4,"-19,26611991","-48,12839379",SPRF-MG,DEL13-MG,UOP01-DEL13-MG
418480,2022-03-03,quinta-feira,12:30:00,PA,155,306,MARABA,Chuva,Tombamento,Com Vítimas Fatais,Pleno dia,Crescente,Chuva,Simples,Reta;Aclive,Sim,3,1,0,0,1,3,0,5,"-5,68730699","-49,11611506",SPRF-PA,DEL03-PA,UOP01-DEL03-PA
418481,2022-03-03,quinta-feira,19:10:00,MA,316,"597,1",TIMON,Manobra de mudança de faixa,Colisão frontal,Com Vítimas Feridas,Plena Noite,Decrescente,Céu Claro,Simples,Reta,Não,2,0,0,1,1,0,1,2,"-5,019753","-42,980644",SPRF-MA,DEL03-MA,UOP02-DEL03-MA
418484,2022-03-03,quinta-feira,23:00:00,RO,364,14,VILHENA,Reação tardia ou ineficiente do condutor,Saída de leito carroçável,Sem Vítimas,Plena Noite,Decrescente,Nublado,Dupla,Reta,Sim,2,0,0,0,1,1,0,2,"-12,73898138","-60,13911417",SPRF-RO,DEL04-RO,UOP01-DEL04-RO
418487,2022-03-04,sexta-feira,01:10:00,GO,153,"507,5",APARECIDA DE GOIANIA,Falta de acostamento,Colisão traseira,Com Vítimas Feridas,Plena Noite,Crescente,Céu Claro,Múltipla,Reta,Não,2,0,0,1,1,0,1,2,"-16,7715","-49,2387",SPRF-GO,DEL01-GO,UOP03-DEL01-GO
418488,2022-03-03,quinta-feira,23:10:00,BA,101,418,UBAITABA,Condutor deixou de manter distância do veículo da frente,Colisão traseira,Sem Vítimas,Plena Noite,Crescente,Nublado,Simples,Reta,Não,4,0,0,0,1,3,0,2,"-14,22130398","-39,31673418",SPRF-BA,DEL05-BA,UOP03-DEL05-BA
418489,2022-03-04,sexta-feira,00:40:00,SC,101,"113,6",ITAJAI,Avarias e/ou desgaste excessivo no pneu,Tombamento,Com Vítimas Fatais,Plena Noite,Decrescente,Nublado,Múltipla,Reta,Sim,5,1,1,0,1,2,1,4,"-26,8592218","-48,7276015",SPRF-SC,DEL04-SC,UOP04-DEL04-SC
418491,2022-03-04,sexta-feira,00:50:00,RS,290,"444,1",SAO GABRIEL,Avarias e/ou desgaste excessivo no pneu,Saída de leito carroçável,Com Vítimas Feridas,Plena Noite,Decrescente,Céu Claro,Simples,Reta,Não,2,0,1,0,0,1,1,2,"-30,257","-54,558182",SPRF-RS,DEL11-RS,UOP02-DEL11-RS
418492,2022-03-04,sexta-feira,01:50:00,MG,40,216,JOAO PINHEIRO,Condutor Dormindo,Colisão lateral sentido oposto,Com Vítimas Feridas,Plena Noite,Decrescente,Céu Claro,Simples,Reta,Não,2,0,1,0,1,0,1,2,"-17,95932951","-45,68642421",SPRF-MG,DEL14-MG,UOP02-DEL14-MG
418493,2022-03-04,sexta-feira,03:50:00,PE,232,16,JABOATAO DOS GUARARAPES,Reação tardia ou ineficiente do condutor,Saída de leito carroçável,Com Vítimas Feridas,Amanhecer,Decrescente,Chuva,Dupla,Reta,Sim,2,0,1,0,0,2,1,3,"-8,09414193","-35,03716601",SPRF-PE,DEL01-PE,UOP01-DEL01-PE
418495,2022-03-04,sexta-feira,04:54:00,SC,101,79,ARAQUARI,Reação tardia ou ineficiente do condutor,Colisão lateral mesmo sentido,Com Vítimas Feridas,Plena Noite,Crescente,Nublado,Múltipla,Reta,Sim,3,0,1,0,2,0,1,2,"-26,58559601","-48,72192112",SPRF-SC,DEL03-SC,UOP02-DEL03-SC
418496,2022-03-04,sexta-feira,05:30:00,GO,50,"296,8",CUMARI,Demais falhas mecânicas ou elétricas,Incêndio,Sem Vítimas,Amanhecer,Decrescente,Céu Claro,Dupla,Viaduto;Aclive;Reta,Não,2,0,0,0,1,1,0,2,"-18,30405111","-48,01396608",SPRF-GO,DEL06-GO,UOP01-DEL06-GO
418498,2022-03-04,sexta-feira,04:30:00,PR,376,191,MARIALVA,Problema com o freio,Incêndio,Sem Vítimas,Plena Noite,Crescente,Céu Claro,Dupla,Reta,Não,1,0,0,0,1,0,0,1,"-23,47952242","-51,80363021",SPRF-PR,DEL09-PR,UOP01-DEL09-PR
418499,2022-03-04,sexta-feira,03:20:00,MT,364,"55,5",ALTO GARCAS,Ingestão de álcool pelo condutor,Saída de leito carroçável,Sem Vítimas,Plena Noite,Decrescente,Nublado,Simples,Reta,Não,2,0,0,0,1,2,0,3,"-16,95930789","-53,5197869",SPRF-MT,DEL02-MT,UOP02-DEL02-MT
418503,2022-03-03,quinta-feira,20:10:00,MG,50,53,ARAGUARI,Ausência de reação do condutor,Colisão com objeto,Com Vítimas Feridas,Plena Noite,Crescente,Chuva,Simples,Curva,Não,1,0,1,0,0,0,1,1,"-18,759049","-48,24054499",SPRF-MG,DEL15-MG,UOP02-DEL15-MG
418508,2022-03-03,quinta-feira,19:37:00,SP,116,512,CAJATI,Pista Escorregadia,Colisão traseira,Com Vítimas Feridas,Anoitecer,Decrescente,Chuva,Simples,Curva,Não,4,0,2,0,2,0,2,2,"-24,848718","-48,213703",SPRF-SP,DEL05-SP,UOP02-DEL05-SP
418509,2022-03-04,sexta-feira,07:15:00,SE,101,"71,9",MARUIM,Velocidade Incompatível,Saída de leito carroçável,Com Vítimas Feridas,Pleno dia,Crescente,Nublado,Simples,Reta,Não,1,0,1,0,0,0,1,1,"-10,74264798","-37,09334602",SPRF-SE,DEL01-SE,UOP01-DEL01-SE
418517,2022-03-04,sexta-feira,06:30:00,SP,116,"139,9",SAO JOSE DOS CAMPOS,Manobra de mudança de faixa,Colisão lateral mesmo sentido,Com Vítimas Feridas,Pleno dia,Crescente,Céu Claro,Dupla,Reta,Sim,2,0,1,0,1,0,1,2,"-23,16153216","-45,80400592",SPRF-SP,DEL02-SP,UOP01-DEL02-SP
418520,2022-03-04,sexta-feira,08:28:00,MG,381,495,BETIM,Reação tardia ou ineficiente do condutor,Colisão traseira,Com Vítimas Feridas,Pleno dia,Crescente,Céu Claro,Dupla,Reta,Sim,10,0,5,0,3,2,5,6,"-19,98890883","-44,20522016",SPRF-MG,DEL01-MG,UOP03-DEL01-MG
418523,2022-03-04,sexta-feira,07:30:00,MG,381,676,PERDOES,Condutor Dormindo,Colisão traseira,Com Vítimas Feridas,Pleno dia,Decrescente,Céu Claro,Dupla,Reta,Não,3,0,2,0,1,0,2,2,"-21,09644","-45,080697",SPRF-MG,DEL04-MG,UOP02-DEL04-MG
418526,2022-03-04,sexta-feira,09:00:00,SC,101,149,ITAPEMA,Reação tardia ou ineficiente do condutor,Colisão traseira,Sem Vítimas,Pleno dia,Crescente,Céu Claro,Múltipla,Interseção de Vias,Não,2,0,0,0,2,0,0,2,"-27,1089649","-48,61277586",SPRF-SC,DEL04-SC,UOP03-DEL04-SC
418527,2022-03-04,sexta-feira,08:50:00,MG,364,10,PLANURA,Pista esburacada,Colisão lateral sentido oposto,Com Vítimas Feridas,Pleno dia,Crescente,Céu Claro,Simples,Reta,Não,7,0,1,1,5,0,2,4,"-20,085087","-48,757024",SPRF-MG,DEL13-MG,UOP02-DEL13-MG
418528,2022-03-04,sexta-feira,08:30:00,AL,101,210,SAO SEBASTIAO,Condutor deixou de manter distância do veículo da frente,Colisão traseira,Sem Vítimas,Pleno dia,Decrescente,Céu Claro,Dupla,Reta,Não,2,0,0,0,2,0,0,2,"-10,00375906","-36,60785692",SPRF-AL,DEL02-AL,UOP02-DEL02-AL
418532,2022-03-04,sexta-feira,07:45:00,CE,222,"342,8",TIANGUA,Demais falhas mecânicas ou elétricas,Incêndio,Sem Vítimas,Pleno dia,Decrescente,Céu Claro,Simples,Reta,Não,2,0,0,0,1,1,0,2,"-3,89429181","-41,18338533",SPRF-CE,DEL04-CE,UOP02-DEL04-CE
418534,2022-03-04,sexta-feira,10:00:00,SP,116,18,LAVRINHAS,Velocidade Incompatível,Colisão lateral mesmo sentido,Sem Vítimas,Pleno dia,Decrescente,Céu Claro,Dupla,Reta,Não,4,0,0,0,3,1,0,4,"-22,5584158","-44,85667011",SPRF-SP,DEL08-SP,UOP02-DEL08-SP
418539,2022-03-04,sexta-feira,08:30:00,SC,101,"366,5",SANGAO,Manobra de mudança de faixa,Colisão lateral mesmo sentido,Com Vítimas Feridas,Pleno dia,Decrescente,Céu Claro,Dupla,Reta,Não,5,0,1,0,3,1,1,3,"-28,68718511","-49,15621795",SPRF-SC,DEL02-SC,UOP01-DEL02-SC
418540,2022-02-22,terça-feira,21:39:00,PR,369,"129,8",JATAIZINHO,Acessar a via sem observar a presença dos outros veículos,Colisão transversal,Com Vítimas Fatais,Plena Noite,Crescente,Céu Claro,Dupla,Reta;Declive,Sim,2,1,0,0,1,0,0,2,"-23,2588677","-50,9808154",SPRF-PR,DEL07-PR,UOP01-DEL07-PR
418541,2022-03-04,sexta-feira,07:29:00,RS,285,323,PASSO FUNDO,Pista em desnível,Colisão com objeto,Com Vítimas Feridas,Pleno dia,Crescente,Sol,Simples,Declive,Não,2,0,1,0,0,1,1,2,"-28,268545","-52,669102",SPRF-RS,DEL08-RS,UOP03-DEL08-RS
418543,2022-02-22,terça-feira,07:30:00,MS,163,222,CAARAPO,Manobra de mudança de faixa,Colisão lateral sentido oposto,Sem Vítimas,Pleno dia,Crescente,Céu Claro,Simples,Reta,Não,5,0,0,0,4,2,0,5,"-22,52568393","-54,85591891",SPRF-MS,DEL04-MS,UOP02-DEL04-MS
418545,2022-03-03,quinta-feira,14:25:00,AL,101,"0,1",NOVO LINO,Chuva,Saída de leito carroçável,Com Vítimas Feridas,Pleno dia,Crescente,Chuva,Dupla,Curva,Não,2,0,1,0,0,1,1,2,"-8,879721","-35,628887",SPRF-AL,DEL01-AL,UOP02-DEL01-AL
418555,2022-03-04,sexta-feira,10:40:00,ES,101,"266,3",SERRA,Velocidade Incompatível,Colisão com objeto,Com Vítimas Feridas,Pleno dia,Crescente,Sol,Múltipla,Reta,Sim,1,0,1,0,0,0,1,1,"-20,19365381","-40,26879542",SPRF-ES,DEL02-ES,UOP01-DEL02-ES
418565,2022-03-04,sexta-feira,11:25:00,SC,282,"390,3",JOACABA,Acessar a via sem observar a presença dos outros veículos,Colisão lateral mesmo sentido,Com Vítimas Feridas,Pleno dia,Decrescente,Sol,Simples,Reta,Sim,2,0,0,1,1,0,1,2,"-27,175066","-51,550556",SPRF-SC,DEL07-SC,UOP05-DEL07-SC
418568,2022-03-04,sexta-feira,12:45:00,MS,163,"676,4",RIO VERDE DE MATO GROSSO,Ausência de reação do condutor,Colisão frontal,Com Vítimas Fatais,Pleno dia,Decrescente,Céu Claro,Simples,Reta,Não,4,1,0,0,1,3,0,5,"-18,95859108","-54,82846215",SPRF-MS,DEL06-MS,UOP02-DEL06-MS
418571,2022-03-04,sexta-feira,09:00:00,MG,153,"28,9",CENTRALINA,Ausência de reação do condutor,Saída de leito carroçável,Com Vítimas Feridas,Pleno dia,Crescente,Céu Claro,Dupla,Reta,Não,2,0,1,0,0,1,1,2,"-18,66327211","-49,16526319",SPRF-MG,DEL15-MG,UOP03-DEL15-MG
418576,2022-01-19,quarta-feira,13:25:00,BA,324,613,SALVADOR,Reação tardia ou ineficiente do condutor,Colisão traseira,Com Vítimas Feridas,Pleno dia,Crescente,Céu Claro,Dupla,Reta,Sim,2,0,0,1,1,0,1,2,"-12,85531601","-38,42055197",SPRF-BA,DEL01-BA,UOP01-DEL01-BA
418582,2022-03-04,sexta-feira,07:10:00,SE,235,8,NOSSA SENHORA DO SOCORRO,Estacionar ou parar em local proibido,Colisão traseira,Com Vítimas Feridas,Pleno dia,Crescente,Chuva,Simples,Curva,Não,2,0,1,0,1,0,1,2,"-10,88594734","-37,13356376",SPRF-SE,DEL01-SE,UOP01-DEL01-SE
418585,2022-03-04,sexta-feira,10:25:00,MG,381,500,BETIM,Reação tardia ou ineficiente do condutor,Colisão lateral mesmo sentido,Sem Vítimas,Pleno dia,Crescente,Céu Claro,Dupla,Curva,Não,3,0,0,0,2,2,0,4,"-20,004716","-44,21358",SPRF-MG,DEL01-MG,UOP03-DEL01-MG
418589,2022-03-04,sexta-feira,14:50:00,PR,277,398,CANDOI,Reação tardia ou ineficiente do condutor,Tombamento,Com Vítimas Feridas,Pleno dia,Crescente,Nublado,Dupla,Curva,Não,2,0,1,0,1,0,1,1,"-25,45895888","-51,95841193",SPRF-PR,DEL08-PR,UOP01-DEL08-PR
418596,2022-03-04,sexta-feira,14:00:00,RO,364,390,OURO PRETO DO OESTE,Velocidade Incompatível,Saída de leito carroçável,Com Vítimas Feridas,Pleno dia,Crescente,Garoa/Chuvisco,Simples,Aclive,Não,2,0,1,0,1,0,1,2,"-10,67404028","-62,28482008",SPRF-RO,DEL03-RO,UOP02-DEL03-RO
418598,2022-03-04,sexta-feira,15:45:00,MT,364,348,SANTO ANTONIO DO LEVERGER,Curva acentuada,Saída de leito carroçável,Com Vítimas Feridas,Pleno dia,Crescente,Céu Claro,Dupla,Curva,Não,2,0,1,0,0,1,1,2,"-15,80416834","-55,55429598",SPRF-MT,DEL05-MT,UOP02-DEL05-MT
418602,2022-03-04,sexta-feira,15:00:00,RJ,40,84,PETROPOLIS,Condutor deixou de manter distância do veículo da frente,Engavetamento,Sem Vítimas,Pleno dia,Crescente,Nublado,Dupla,Curva,Não,7,0,0,0,7,0,0,5,"-22,52145512","-43,23707996",SPRF-RJ,DEL06-RJ,UOP01-DEL06-RJ
418607,2022-03-04,sexta-feira,16:30:00,ES,482,94,ALEGRE,Demais falhas mecânicas ou elétricas,Incêndio,Sem Vítimas,Pleno dia,Crescente,Céu Claro,Simples,Aclive,Não,3,0,0,0,3,0,0,1,"-20,75934796","-41,58429897",SPRF-ES,DEL03-ES,UOP02-DEL03-ES
418608,2022-03-04,sexta-feira,13:20:00,RJ,393,"249,1",BARRA DO PIRAI,Mal súbito do condutor,Colisão frontal,Com Vítimas Fatais,Pleno dia,Crescente,Céu Claro,Simples,Reta,Não,9,1,2,0,5,3,2,10,"-22,43017988","-43,74389791",SPRF-RJ,DEL05-RJ,UOP04-DEL05-RJ
418612,2022-03-04,sexta-feira,18:09:00,RJ,393,137,SAPUCAIA,Frear bruscamente,Colisão traseira,Com Vítimas Feridas,Anoitecer,Crescente,Céu Claro,Simples,Aclive,Não,4,0,2,0,1,1,2,4,"-21,99811503","-42,92231799",SPRF-RJ,DEL05-RJ,UOP01-DEL05-RJ
418619,2022-03-04,sexta-feira,18:30:00,PR,116,"101,7",SAO JOSE DOS PINHAIS,Condutor deixou de manter distância do veículo da frente,Engavetamento,Com Vítimas Feridas,Anoitecer,Crescente,Nublado,Dupla,Reta,Não,7,0,2,0,4,1,2,6,"-25,5681495","-49,17446136",SPRF-PR,DEL01-PR,UOP01-DEL01-PR
418630,2022-03-04,sexta-feira,15:14:00,MG,50,"147,5",UBERABA,Velocidade Incompatível,Saída de leito carroçável,Com Vítimas Feridas,Pleno dia,Crescente,Chuva,Dupla,Declive,Não,1,0,0,1,0,0,1,1,"-19,53778804","-48,03695932",SPRF-MG,DEL13-MG,UOP01-DEL13-MG
418634,2022-03-04,sexta-feira,19:35:00,PR,163,"61,9",PEROLA DOESTE,Condutor deixou de manter distância do veículo da frente,Colisão traseira,Com Vítimas Feridas,Plena Noite,Decrescente,Céu Claro,Múltipla,Reta;Aclive,Não,2,0,0,1,1,0,1,2,"-25,89817594","-53,75308185",SPRF-PR,DEL02-PR,UOP02-DEL02-PR
418636,2022-03-04,sexta-feira,18:30:00,MT,163,694,SORRISO,Acessar a via sem observar a presença dos outros veículos,Colisão transversal,Com Vítimas Feridas,Plena Noite,Crescente,Céu Claro,Simples,Rotatória,Não,2,0,1,0,1,0,1,2,"-13,02883383","-55,89781523",SPRF-MT,DEL06-MT,UOP01-DEL06-MT
418640,2022-03-04,sexta-feira,20:15:00,SP,153,"77,4",BADY BASSITT,Demais falhas mecânicas ou elétricas,Incêndio,Sem Vítimas,Plena Noite,Decrescente,Ignorado,Simples,Reta,Não,2,0,0,0,1,1,0,2,"-20,90184734","-49,45243991",SPRF-SP,DEL09-SP,UOP01-DEL09-SP
418646,2022-03-04,sexta-feira,19:15:00,RS,386,317,MARQUES DE SOUZA,Reação tardia ou ineficiente do condutor,Colisão lateral sentido oposto,Com Vítimas Feridas,Anoitecer,Decrescente,Céu Claro,Simples,Aclive;Reta,Não,2,0,0,1,1,0,1,2,"-29,263786","-52,145988",SPRF-RS,DEL04-RS,UOP01-DEL04-RS
418648,2022-03-04,sexta-feira,18:31:00,BA,407,228,CAPIM GROSSO,Transitar na contramão,Colisão frontal,Sem Vítimas,Plena Noite,Crescente,Chuva,Simples,Reta,Não,2,0,0,0,1,1,0,2,"-11,351814","-40,014528",SPRF-BA,DEL04-BA,UOP02-DEL04-BA
418652,2022-03-04,sexta-feira,20:20:00,PB,230,"147,7",CAMPINA GRANDE,Manobra de mudança de faixa,Colisão transversal,Sem Vítimas,Plena Noite,Crescente,Céu Claro,Dupla,Rotatória,Sim,3,0,0,0,2,1,0,3,"-7,236268","-35,867497",SPRF-PB,DEL02-PB,UOP01-DEL02-PB
418653,2022-03-04,sexta-feira,20:57:00,CE,222,3,CAUCAIA,Acessar a via sem observar a presença dos outros veículos,Colisão traseira,Com Vítimas Feridas,Plena Noite,Crescente,Céu Claro,Múltipla,Reta,Sim,2,0,1,0,1,0,1,2,"-3,7403769","-38,59569202",SPRF-CE,DEL01-CE,UOP01-DEL01-CE
418655,2022-03-04,sexta-feira,21:00:00,PR,373,183,PONTA GROSSA,Velocidade Incompatível,Tombamento,Com Vítimas Feridas,Plena Noite,Crescente,Céu Claro,Dupla,Curva,Não,3,0,1,0,1,1,1,2,"-25,03935712","-50,2767641",SPRF-PR,DEL03-PR,UOP01-DEL03-PR
418657,2022-03-04,sexta-feira,21:05:00,PR,277,590,CASCAVEL,Condutor deixou de manter distância do veículo da frente,Colisão lateral mesmo sentido,Com Vítimas Feridas,Plena Noite,Decrescente,Céu Claro,Simples,Reta,Sim,3,0,1,0,0,2,1,3,"-24,98120697","-53,45591501",SPRF-PR,DEL04-PR,UOP01-DEL04-PR
418659,2022-03-04,sexta-feira,20:00:00,MS,163,478,CAMPO GRANDE,Avarias e/ou desgaste excessivo no pneu,Colisão com objeto,Com Vítimas Feridas,Plena Noite,Decrescente,Céu Claro,Simples,Reta,Sim,3,0,0,1,1,1,1,3,"-20,49629699","-54,55916871",SPRF-MS,DEL01-MS,UOP01-DEL01-MS
418662,2022-03-04,sexta-feira,19:00:00,PR,277,330,GUARAPUAVA,Reação tardia ou ineficiente do condutor,Colisão lateral mesmo sentido,Com Vítimas Feridas,Anoitecer,Crescente,Céu Claro,Simples,Reta;Ponte,Não,5,0,1,0,2,5,1,7,"-25,356398","-51,360616",SPRF-PR,DEL08-PR,UOP01-DEL08-PR
418664,2022-03-04,sexta-feira,20:50:00,PE,232,"24,9",MORENO,Objeto estático sobre o leito carroçável,Colisão com objeto,Com Vítimas Feridas,Plena Noite,Decrescente,Chuva,Dupla,Curva,Não,2,0,1,0,0,1,1,2,"-8,111762","-35,10749",SPRF-PE,DEL01-PE,UOP01-DEL01-PE
418665,2022-03-04,sexta-feira,21:40:00,PR,116,107,SAO JOSE DOS PINHAIS,Manobra de mudança de faixa,Colisão lateral mesmo sentido,Com Vítimas Feridas,Plena Noite,Decrescente,Céu Claro,Dupla,Reta,Não,3,0,1,0,1,1,1,3,"-25,56989668","-49,18778205",SPRF-PR,DEL01-PR,UOP01-DEL01-PR
418671,2022-03-04,sexta-feira,15:18:00,AL,101,67,MESSIAS,Chuva,Eventos atípicos,Com Vítimas Feridas,Pleno dia,Decrescente,Chuva,Dupla,Curva,Não,2,0,1,0,0,1,1,2,"-9,34144305","-35,83125567",SPRF-AL,DEL01-AL,UOP02-DEL01-AL
418674,2022-03-05,sábado,00:20:00,SP,116,226,GUARULHOS,Ingestão de álcool pelo condutor,Colisão traseira,Com Vítimas Feridas,Plena Noite,Decrescente,Nublado,Múltipla,Reta,Sim,2,0,1,0,1,0,1,2,"-23,49102507","-46,54878195",SPRF-SP,DEL01-SP,UOP01-DEL01-SP