id,data_inversa,dia_semana,horario,uf,br,km,municipio,causa_acidente,tipo_acidente,classificacao_acidente,fase_dia,sentido_via,condicao_metereologica,tipo_pista,tracado_via,uso_solo,pessoas,mortos,feridos_leves,feridos_graves,ilesos,ignorados,feridos,veiculos,latitude,longitude,regional,delegacia,uop
419078,2022-03-06,domingo,20:00:00,SC,116,"113,4",SANTA CECILIA,Carga excessiva e/ou mal acondicionada,Colisão com objeto,Com Vítimas Feridas,Plena Noite,Crescente,Céu Claro,Simples,Reta,Não,3,0,1,0,2,0,1,2,"-26,78591907","-50,34487121",SPRF-SC,DEL06-SC,UOP02-DEL06-SC
419089,2022-03-06,domingo,19:30:00,PR,373,417,CANDOI,Transitar na contramão,Colisão frontal,Com Vítimas Feridas,Anoitecer,Decrescente,Céu Claro,Simples,Declive;Reta,Não,2,0,1,1,0,0,2,2,"-25,68053004","-52,13726597",SPRF-PR,DEL08-PR,UOP01-DEL08-PR
419094,2022-03-06,domingo,21:30:00,MG,381,244,SANTANA DO PARAISO,Estacionar ou parar em local proibido,Colisão frontal,Sem Vítimas,Plena Noite,Decrescente,Céu Claro,Simples,Aclive,Não,6,0,0,0,4,4,0,8,"-19,44433395","-42,51333612",SPRF-MG,DEL06-MG,UOP01-DEL06-MG
419095,2022-03-06,domingo,23:51:00,MS,163,498,CAMPO GRANDE,Manobra de mudança de faixa,Colisão frontal,Com Vítimas Feridas,Plena Noite,Crescente,Céu Claro,Simples,Reta,Não,3,0,0,1,1,1,1,3,"-20,343867","-54,518513",SPRF-MS,DEL01-MS,UOP02-DEL01-MS
419104,2022-03-07,segunda-feira,02:00:00,MS,163,"288,5",DOURADOS,Animais na Pista,Tombamento,Com Vítimas Feridas,Plena Noite,Decrescente,Céu Claro,Simples,Reta,Não,1,0,1,0,0,0,1,1,"-22,07159027","-54,56354407",SPRF-MS,DEL04-MS,UOP01-DEL04-MS
419112,2022-03-07,segunda-feira,02:20:00,PR,376,"446,2",TIBAGI,Reação tardia ou ineficiente do condutor,Colisão traseira,Com Vítimas Feridas,Plena Noite,Crescente,Céu Claro,Dupla,Aclive,Não,2,0,0,1,1,0,1,2,"-24,84973627","-50,46626871",SPRF-PR,DEL03-PR,UOP02-DEL03-PR
419116,2022-03-06,domingo,23:30:00,BA,242,435,SEABRA,Condutor Dormindo,Colisão frontal,Com Vítimas Feridas,Plena Noite,Crescente,Nublado,Simples,Reta,Não,6,0,1,1,3,2,2,4,"-12,39945951","-41,9413228",SPRF-BA,DEL06-BA,UOP01-DEL06-BA
419119,2022-03-07,segunda-feira,06:50:00,RS,116,260,CANOAS,Trafegar com motocicleta (ou similar) entre as faixas,Colisão traseira,Com Vítimas Feridas,Pleno dia,Crescente,Céu Claro,Simples,Reta,Não,3,0,1,0,1,1,1,3,"-29,879208","-51,18045622",SPRF-RS,DEL01-RS,UOP01-DEL01-RS
419121,2022-03-05,sábado,03:40:00,GO,153,67,PORANGATU,Demais falhas mecânicas ou elétricas,Incêndio,Sem Vítimas,Plena Noite,Crescente,Céu Claro,Simples,Reta,Não,2,0,0,0,1,1,0,2,-13,-49,SPRF-GO,DEL07-GO,UOP01-DEL07-GO
419131,2022-03-07,segunda-feira,06:30:00,BA,101,"208,9",GOVERNADOR MANGABEIRA,Pedestre cruzava a pista fora da faixa,Atropelamento de Pedestre,Com Vítimas Fatais,Amanhecer,Decrescente,Nublado,Simples,Declive,Sim,3,1,0,0,1,1,0,3,"-12,601385","-39,050421",SPRF-BA,DEL01-BA,UOP02-DEL01-BA
419139,2022-03-07,segunda-feira,06:57:00,PB,230,"502,6",CAJAZEIRAS,Ausência de reação do condutor,Saída de leito carroçável,Com Vítimas Feridas,Pleno dia,Decrescente,Nublado,Simples,Curva,Sim,2,0,1,0,0,2,1,3,"-6,8979","-38,5233",SPRF-PB,DEL03-PB,UOP03-DEL03-PB
419142,2022-03-07,segunda-feira,08:50:00,MG,40,"662,8",CARANDAI,Conversão proibida,Colisão lateral mesmo sentido,Com Vítimas Feridas,Pleno dia,Crescente,Céu Claro,Simples,Reta,Não,2,0,1,0,1,0,1,2,"-20,91349375","-43,82687955",SPRF-MG,DEL05-MG,UOP02-DEL05-MG
419147,2022-03-07,segunda-feira,09:30:00,PE,101,68,RECIFE,Trafegar com motocicleta (ou similar) entre as faixas,Tombamento,Com Vítimas Feridas,Pleno dia,Decrescente,Céu Claro,Dupla,Reta,Sim,2,0,1,0,1,0,1,2,"-8,05894281","-34,94593263",SPRF-PE,DEL01-PE,UOP01-DEL01-PE
419153,2022-03-07,segunda-feira,08:05:00,MG,262,"677,3",ARAXA,Condutor Dormindo,Colisão frontal,Com Vítimas Fatais,Pleno dia,Crescente,Céu Claro,Simples,Curva,Não,4,1,0,0,3,0,0,2,"-19,5553593","-46,85947792",SPRF-MG,DEL08-MG,UOP01-DEL08-MG
419157,2022-03-07,segunda-feira,09:45:00,RJ,116,163,RIO DE JANEIRO,Ausência de reação do condutor,Colisão traseira,Com Vítimas Feridas,Pleno dia,Crescente,Céu Claro,Múltipla,Reta,Sim,2,0,1,0,1,0,1,2,"-22,802729","-43,290424",SPRF-RJ,DEL01-RJ,UOP01-DEL01-RJ
419167,2022-03-07,segunda-feira,10:45:00,SP,116,"272,7",TABOAO DA SERRA,Manobra de mudança de faixa,Colisão lateral mesmo sentido,Com Vítimas Feridas,Pleno dia,Crescente,Sol,Dupla,Reta,Sim,3,0,1,0,1,1,1,3,"-23,621691","-46,813288",SPRF-SP,DEL04-SP,UOP01-DEL04-SP
419171,2022-03-07,segunda-feira,11:25:00,RS,116,242,SAO LEOPOLDO,Acessar a via sem observar a presença dos outros veículos,Colisão traseira,Com Vítimas Feridas,Pleno dia,Decrescente,Céu Claro,Dupla,Reta,Sim,3,0,1,0,1,1,1,3,"-29,72297087","-51,14858729",SPRF-RS,DEL01-RS,UOP02-DEL01-RS
419172,2022-03-07,segunda-feira,10:00:00,PR,277,7,PARANAGUA,Reação tardia ou ineficiente do condutor,Colisão com objeto,Sem Vítimas,Pleno dia,Decrescente,Sol,Simples,Interseção de Vias,Sim,1,0,0,0,0,1,0,1,"-25,51152564","-48,52000984",SPRF-PR,DEL01-PR,UOP05-DEL01-PR
419173,2022-03-07,segunda-feira,09:40:00,PE,101,"68,1",RECIFE,Trafegar com motocicleta (ou similar) entre as faixas,Colisão lateral mesmo sentido,Com Vítimas Fatais,Pleno dia,Crescente,Nublado,Dupla,Aclive;Viaduto,Sim,4,1,0,0,2,2,0,5,"-8,05187","-34,946221",SPRF-PE,DEL01-PE,UOP01-DEL01-PE
419175,2022-03-07,segunda-feira,11:00:00,RS,386,"363,3",FAZENDA VILANOVA,Reação tardia ou ineficiente do condutor,Colisão traseira,Com Vítimas Feridas,Pleno dia,Decrescente,Nublado,Dupla,Curva,Não,2,0,1,0,1,0,1,2,"-29,560402","-51,882065",SPRF-RS,DEL04-RS,UOP02-DEL04-RS
419178,2022-03-07,segunda-feira,01:00:00,RS,470,227,GARIBALDI,Reação tardia ou ineficiente do condutor,Saída de leito carroçável,Sem Vítimas,Plena Noite,Decrescente,Garoa/Chuvisco,Simples,Curva,Sim,1,0,0,0,1,0,0,1,"-29,21657705","-51,51722624",SPRF-RS,DEL06-RS,UOP01-DEL06-RS
419183,2022-03-07,segunda-feira,12:50:00,RS,101,"71,3",OSORIO,Estacionar ou parar em local proibido,Colisão traseira,Com Vítimas Feridas,Pleno dia,Decrescente,Nublado,Dupla,Reta,Sim,3,0,2,0,1,0,2,2,"-29,758787","-50,21653",SPRF-RS,DEL03-RS,UOP01-DEL03-RS
419190,2022-02-26,sábado,22:15:00,MS,163,714,RIO VERDE DE MATO GROSSO,Ingestão de álcool pelo condutor,Colisão com objeto,Sem Vítimas,Plena Noite,Decrescente,Nublado,Simples,Reta,Não,2,0,0,0,1,3,0,4,"-18,64290896","-54,78331204",SPRF-MS,DEL06-MS,UOP01-DEL06-MS
419191,2022-03-07,segunda-feira,08:00:00,MG,262,"401,3",PARA DE MINAS,Velocidade Incompatível,Tombamento,Com Vítimas Feridas,Pleno dia,Decrescente,Céu Claro,Dupla,Curva;Aclive,Não,1,0,1,0,0,0,1,1,"-19,88313607","-44,6137619",SPRF-MG,DEL01-MG,UOP03-DEL01-MG
419200,2022-03-07,segunda-feira,13:50:00,GO,414,383,CORUMBA DE GOIAS,Velocidade Incompatível,Tombamento,Com Vítimas Feridas,Pleno dia,Crescente,Céu Claro,Simples,Curva,Não,2,0,1,0,0,3,1,4,"-15,86047004","-48,77016595",SPRF-GO,DEL02-GO,UOP01-DEL02-GO
419207,2022-02-14,segunda-feira,22:30:00,MG,116,399,GOVERNADOR VALADARES,Condutor Dormindo,Colisão frontal,Com Vítimas Feridas,Plena Noite,Crescente,Nublado,Simples,Reta,Não,5,0,2,1,0,3,3,5,"-18,75868098","-41,98564768",SPRF-MG,DEL06-MG,UOP01-DEL06-MG
419208,2022-01-19,quarta-feira,05:15:00,BA,116,"611,2",JAGUAQUARA,Condutor Dormindo,Colisão frontal,Com Vítimas Fatais,Amanhecer,Crescente,Céu Claro,Simples,Reta;Declive,Não,7,1,1,3,1,3,4,5,"-13,3298","-40,0168",SPRF-BA,DEL03-BA,UOP01-DEL03-BA
419210,2022-03-07,segunda-feira,15:30:00,SC,101,"331,1",TUBARAO,Condutor deixou de manter distância do veículo da frente,Colisão lateral mesmo sentido,Com Vítimas Feridas,Pleno dia,Crescente,Céu Claro,Múltipla,Reta,Não,4,0,2,0,1,1,2,3,"-28,45567521","-48,9812689",SPRF-SC,DEL02-SC,UOP01-DEL02-SC
419214,2022-03-07,segunda-feira,16:00:00,ES,101,"66,6",SAO MATEUS,Ausência de reação do condutor,Colisão transversal,Com Vítimas Feridas,Pleno dia,Crescente,Céu Claro,Simples,Reta,Sim,3,0,1,0,1,3,1,5,"-18,7165195","-39,87436378",SPRF-ES,DEL04-ES,UOP02-DEL04-ES
419229,2022-03-07,segunda-feira,16:45:00,PR,163,"167,8",LINDOESTE,Condutor Dormindo,Tombamento,Com Vítimas Feridas,Pleno dia,Crescente,Sol,Simples,Reta;Aclive,Sim,2,0,1,0,0,2,1,3,"-25,25244752","-53,57775472",SPRF-PR,DEL05-PR,UOP05-DEL05-PR
419231,2022-02-21,segunda-feira,09:00:00,PR,476,136,CURITIBA,Reação tardia ou ineficiente do condutor,Colisão transversal,Com Vítimas Feridas,Pleno dia,Crescente,Ignorado,Dupla,Interseção de Vias,Sim,2,0,1,0,1,0,1,2,"-25,49643481","-49,27645545",SPRF-PR,DEL01-PR,UOP03-DEL01-PR
419245,2022-03-07,segunda-feira,20:15:00,ES,101,"64,8",SAO MATEUS,Ausência de sinalização,Colisão traseira,Com Vítimas Fatais,Plena Noite,Crescente,Céu Claro,Simples,Ponte,Sim,3,1,0,0,1,1,0,3,"-18,70428583","-39,87065983",SPRF-ES,DEL04-ES,UOP02-DEL04-ES
419248,2022-03-07,segunda-feira,08:35:00,PR,376,"373,5",ORTIGUEIRA,Condutor Dormindo,Tombamento,Sem Vítimas,Pleno dia,Decrescente,Céu Claro,Simples,Aclive,Não,2,0,0,0,1,1,0,2,"-24,39914107","-50,78383753",SPRF-PR,DEL07-PR,UOP02-DEL07-PR
419253,2022-03-07,segunda-feira,16:00:00,BA,101,876,CARAVELAS,Acessar a via sem observar a presença dos outros veículos,Colisão traseira,Com Vítimas Feridas,Pleno dia,Decrescente,Nublado,Simples,Reta,Sim,2,0,0,1,1,0,1,2,"-17,73590399","-39,7662979",SPRF-BA,DEL09-BA,UOP02-DEL09-BA
419255,2022-03-07,segunda-feira,20:40:00,RS,471,192,PANTANO GRANDE,Desrespeitar a preferência no cruzamento,Colisão transversal,Sem Vítimas,Plena Noite,Crescente,Garoa/Chuvisco,Simples,Interseção de Vias,Não,3,0,0,0,2,1,0,3,"-30,16543802","-52,37361085",SPRF-RS,DEL02-RS,UOP03-DEL02-RS
419256,2022-03-07,segunda-feira,19:36:00,SC,163,"74,6",SAO MIGUEL DO OESTE,Animais na Pista,Atropelamento de Animal,Com Vítimas Feridas,Plena Noite,Crescente,Céu Claro,Simples,Curva,Não,3,0,1,0,1,1,1,3,"-26,70200479","-53,51350653",SPRF-SC,DEL07-SC,UOP03-DEL07-SC
419259,2022-03-07,segunda-feira,16:30:00,MG,262,"554,1",LUZ,Velocidade Incompatível,Colisão frontal,Sem Vítimas,Pleno dia,Crescente,Céu Claro,Simples,Curva,Não,5,0,0,0,4,1,0,4,"-19,71480322","-45,90726126",SPRF-MG,DEL08-MG,UOP02-DEL08-MG
419265,2022-03-07,segunda-feira,19:40:00,MG,116,"541,5",SANTA RITA DE MINAS,Velocidade Incompatível,Tombamento,Com Vítimas Feridas,Plena Noite,Decrescente,Nublado,Simples,Curva,Não,2,0,1,0,0,1,1,2,"-19,89438795","-42,13395072",SPRF-MG,DEL06-MG,UOP02-DEL06-MG
419271,2022-03-07,segunda-feira,22:25:00,MG,40,"618,4",CONGONHAS,Ausência de reação do condutor,Colisão traseira,Com Vítimas Feridas,Plena Noite,Crescente,Céu Claro,Simples,Interseção de Vias;Reta,Não,2,0,0,1,1,0,1,2,"-20,57002421","-43,81201928",SPRF-MG,DEL05-MG,UOP02-DEL05-MG
419272,2022-03-08,terça-feira,00:20:00,MG,381,849,POUSO ALEGRE,Velocidade Incompatível,Saída de leito carroçável,Com Vítimas Feridas,Plena Noite,Decrescente,Céu Claro,Múltipla,Curva,Não,1,0,1,0,0,0,1,1,"-22,26991499","-45,89241402",SPRF-MG,DEL16-MG,UOP01-DEL16-MG
419273,2022-03-08,terça-feira,02:15:00,MG,153,91,PRATA,Velocidade Incompatível,Tombamento,Com Vítimas Feridas,Plena Noite,Decrescente,Céu Claro,Simples,Aclive,Não,1,0,1,0,0,0,1,1,"-19,15242696","-48,96164382",SPRF-MG,DEL15-MG,UOP03-DEL15-MG
419275,2022-03-08,terça-feira,02:50:00,SC,101,189,BIGUACU,Velocidade Incompatível,Colisão com objeto,Com Vítimas Feridas,Plena Noite,Decrescente,Chuva,Dupla,Curva,Sim,4,0,0,1,2,1,1,4,"-27,459393","-48,638914",SPRF-SC,DEL01-SC,UOP01-DEL01-SC
419276,2022-03-08,terça-feira,03:15:00,RN,304,267,SAO PEDRO,Transitar na contramão,Colisão lateral sentido oposto,Com Vítimas Feridas,Plena Noite,Crescente,Céu Claro,Simples,Reta,Não,2,0,0,1,1,0,1,2,"-5,86305892","-35,60345998",SPRF-RN,DEL01-RN,UOP02-DEL01-RN
419281,2022-03-08,terça-feira,06:30:00,DF,20,13,BRASILIA,Condutor deixou de manter distância do veículo da frente,Colisão traseira,Com Vítimas Feridas,Pleno dia,Crescente,Nublado,Dupla,Aclive,Sim,3,0,1,0,1,1,1,3,"-15,638752","-47,749599",SPRF-DF,DEL02-DF,UOP01-DEL02-DF
419283,2022-03-08,terça-feira,06:00:00,BA,242,224,ITABERABA,Acessar a via sem observar a presença dos outros veículos,Colisão lateral sentido oposto,Com Vítimas Feridas,Pleno dia,Decrescente,Céu Claro,Simples,Reta,Não,2,0,1,0,1,0,1,2,"-12,5211301","-40,269926",SPRF-BA,DEL06-BA,UOP02-DEL06-BA
419284,2022-03-08,terça-feira,07:15:00,ES,262,"51,4",MARECHAL FLORIANO,Manobra de mudança de faixa,Colisão frontal,Com Vítimas Fatais,Pleno dia,Crescente,Céu Claro,Simples,Curva,Não,3,1,0,2,0,0,2,2,"-20,41382467","-40,71438155",SPRF-ES,DEL01-ES,UOP01-DEL01-ES
419291,2022-03-08,terça-feira,07:00:00,MT,163,732,SORRISO,Neblina,Engavetamento,Sem Vítimas,Pleno dia,Crescente,Nevoeiro/Neblina,Simples,Reta,Não,3,0,0,0,3,0,0,3,"-12,81974399","-55,82749398",SPRF-MT,DEL06-MT,UOP01-DEL06-MT
419293,2022-03-08,terça-feira,07:00:00,GO,153,557,PROFESSOR JAMIL,Condutor Dormindo,Colisão traseira,Com Vítimas Feridas,Amanhecer,Decrescente,Céu Claro,Dupla,Aclive,Não,6,0,2,0,3,1,2,3,"-17,2013","-49,2083",SPRF-GO,DEL03-GO,UOP01-DEL03-GO
419294,2022-03-08,terça-feira,08:20:00,PR,116,96,SAO JOSE DOS PINHAIS,Manobra de mudança de faixa,Colisão lateral mesmo sentido,Com Vítimas Feridas,Pleno dia,Decrescente,Céu Claro,Múltipla,Aclive,Não,2,0,0,1,1,0,1,2,"-25,504848","-49,123226",SPRF-PR,DEL01-PR,UOP01-DEL01-PR
419296,2022-03-08,terça-feira,09:00:00,RS,285,338,CARAZINHO,Reação tardia ou ineficiente do condutor,Colisão traseira,Com Vítimas Feridas,Pleno dia,Crescente,Céu Claro,Simples,Reta,Sim,3,0,1,0,2,0,1,2,"-28,315704","-52,779015",SPRF-RS,DEL08-RS,UOP03-DEL08-RS
419299,2022-03-08,terça-feira,08:10:00,PR,376,"494,5",PONTA GROSSA,Demais falhas mecânicas ou elétricas,Incêndio,Sem Vítimas,Pleno dia,Crescente,Céu Claro,Dupla,Reta,Sim,2,0,0,0,1,2,0,3,"-25,16566955","-50,11640967",SPRF-PR,DEL03-PR,UOP01-DEL03-PR
419301,2022-03-08,terça-feira,09:43:00,SE,235,1,ARACAJU,Condutor deixou de manter distância do veículo da frente,Tombamento,Com Vítimas Feridas,Pleno dia,Decrescente,Céu Claro,Dupla,Reta,Sim,2,0,1,0,1,0,1,2,"-10,9073","-37,0947",SPRF-SE,DEL01-SE,UOP01-DEL01-SE
419302,2022-03-08,terça-feira,09:10:00,AP,210,2,MACAPA,Acessar a via sem observar a presença dos outros veículos,Colisão lateral mesmo sentido,Com Vítimas Feridas,Pleno dia,Decrescente,Sol,Simples,Reta,Sim,2,0,1,0,1,0,1,2,"0,0828201734","-51,0777618925",SPRF-AP,DEL01-AP,UOP01-DEL01-AP
419303,2022-02-20,domingo,20:30:00,SP,116,204,ARUJA,Manobra de mudança de faixa,Colisão lateral mesmo sentido,Com Vítimas Feridas,Plena Noite,Crescente,Céu Claro,Múltipla,Reta,Sim,4,0,1,0,2,1,1,3,"-23,412688","-46,361077",SPRF-SP,DEL01-SP,UOP01-DEL01-SP
419304,2022-03-08,terça-feira,02:50:00,PR,376,522,PONTA GROSSA,Manobra de mudança de faixa,Saída de leito carroçável,Sem Vítimas,Plena Noite,Crescente,Céu Claro,Dupla,Reta,Não,2,0,0,0,1,1,0,2,"-25,29555894","-49,89661593",SPRF-PR,DEL03-PR,UOP01-DEL03-PR
419305,2022-03-08,terça-feira,07:30:00,PR,376,521,PONTA GROSSA,Estacionar ou parar em local proibido,Saída de leito carroçável,Sem Vítimas,Pleno dia,Crescente,Céu Claro,Dupla,Curva,Não,3,0,0,0,1,2,0,3,"-25,28834128","-49,90237918",SPRF-PR,DEL03-PR,UOP01-DEL03-PR
419306,2022-03-08,terça-feira,09:10:00,MG,381,"434,9",SABARA,Transitar na contramão,Colisão lateral sentido oposto,Com Vítimas Feridas,Pleno dia,Crescente,Sol,Simples,Curva;Aclive,Não,3,0,1,0,1,1,1,3,"-19,80043184","-43,75031407",SPRF-MG,DEL01-MG,UOP01-DEL01-MG
419307,2022-03-08,terça-feira,08:16:00,SC,101,"326,9",CAPIVARI DE BAIXO,Reação tardia ou ineficiente do condutor,Colisão traseira,Com Vítimas Feridas,Pleno dia,Decrescente,Céu Claro,Múltipla,Reta;Aclive,Não,4,0,1,0,2,1,1,3,"-28,43687132","-48,96024054",SPRF-SC,DEL02-SC,UOP01-DEL02-SC
419311,2022-03-08,terça-feira,05:30:00,CE,116,"338,6",JAGUARIBE,Pista esburacada,Saída de leito carroçável,Com Vítimas Feridas,Amanhecer,Crescente,Céu Claro,Simples,Reta,Não,3,0,1,0,2,0,1,1,"-6,14292899","-38,6495453",SPRF-CE,DEL05-CE,UOP02-DEL05-CE
419314,2022-03-08,terça-feira,10:00:00,TO,153,247,COLINAS DO TOCANTINS,Ausência de reação do condutor,Tombamento,Com Vítimas Feridas,Pleno dia,Crescente,Céu Claro,Dupla,Retorno Regulamentado,Sim,2,0,1,0,0,3,1,4,"-8,06558206","-48,46678734",SPRF-TO,DEL02-TO,UOP02-DEL02-TO
419316,2022-01-29,sábado,21:00:00,PI,230,177,SAO JOAO DA VARJOTA,Transitar na contramão,Colisão frontal,Com Vítimas Feridas,Plena Noite,Crescente,Céu Claro,Simples,Reta,Não,3,0,0,1,1,1,1,3,"-6,93797054","-41,96453114",SPRF-PI,DEL04-PI,UOP01-DEL04-PI
419320,2022-03-08,terça-feira,09:35:00,RS,386,"147,3",SARANDI,Acostamento em desnível,Saída de leito carroçável,Com Vítimas Feridas,Pleno dia,Decrescente,Sol,Simples,Aclive,Não,2,0,1,0,0,1,1,2,"-28,056545","-52,870819",SPRF-RS,DEL08-RS,UOP01-DEL08-RS
419324,2022-03-08,terça-feira,10:40:00,RJ,116,173,BELFORD ROXO,Condutor deixou de manter distância do veículo da frente,Colisão traseira,Com Vítimas Feridas,Pleno dia,Crescente,Sol,Dupla,Reta,Sim,7,0,1,1,3,2,2,6,"-22,79810324","-43,35726614",SPRF-RJ,DEL01-RJ,UOP02-DEL01-RJ
419326,2022-03-08,terça-feira,08:10:00,SC,470,"301,9",CAMPOS NOVOS,Reação tardia ou ineficiente do condutor,Colisão com objeto,Sem Vítimas,Pleno dia,Crescente,Sol,Simples,Reta,Não,1,0,0,0,1,0,0,1,"-27,37573074","-51,06307983",SPRF-SC,DEL07-SC,UOP06-DEL07-SC
419329,2022-03-08,terça-feira,12:30:00,SP,116,359,MIRACATU,Curva acentuada,Saída de leito carroçável,Com Vítimas Feridas,Pleno dia,Decrescente,Céu Claro,Dupla,Curva,Não,2,0,0,1,0,1,1,2,"-24,10862227","-47,26589989",SPRF-SP,DEL04-SP,UOP02-DEL04-SP
419331,2022-03-08,terça-feira,12:50:00,MG,381,"677,6",PERDOES,Velocidade Incompatível,Tombamento,Com Vítimas Feridas,Pleno dia,Crescente,Céu Claro,Dupla,Curva;Interseção de Vias,Sim,2,0,1,0,0,1,1,2,"-21,1076164","-45,09153709",SPRF-MG,DEL04-MG,UOP02-DEL04-MG
419337,2022-03-08,terça-feira,13:00:00,SC,101,"196,7",SAO JOSE,Reação tardia ou ineficiente do condutor,Colisão transversal,Sem Vítimas,Pleno dia,Decrescente,Nublado,Dupla,Reta,Sim,3,0,0,0,2,1,0,3,"-27,51101091","-48,64322292",SPRF-SC,DEL01-SC,UOP01-DEL01-SC
419338,2022-03-08,terça-feira,07:50:00,PR,153,"343,3",REBOUCAS,Transitar na contramão,Colisão frontal,Com Vítimas Fatais,Pleno dia,Decrescente,Céu Claro,Simples,Reta,Não,2,1,1,0,0,0,1,2,"-25,55395107","-50,6723479",SPRF-PR,DEL03-PR,UOP03-DEL03-PR
419343,2022-03-08,terça-feira,08:30:00,MS,376,"51,5",JATEI,Velocidade Incompatível,Tombamento,Com Vítimas Feridas,Pleno dia,Decrescente,Sol,Simples,Declive;Reta,Não,2,0,1,0,0,1,1,2,"-22,46453852","-54,29833889",SPRF-MS,DEL04-MS,UOP04-DEL04-MS
419347,2022-03-08,terça-feira,12:00:00,SC,280,"2,4",SAO FRANCISCO DO SUL,Acessar a via sem observar a presença dos outros veículos,Colisão transversal,Com Vítimas Feridas,Pleno dia,Crescente,Céu Claro,Simples,Reta,Não,2,0,0,1,1,0,1,2,"-26,23700996","-48,61979093",SPRF-SC,DEL03-SC,UOP03-DEL03-SC
419352,2022-03-08,terça-feira,14:00:00,RJ,101,175,MACAE,Mal súbito do condutor,Colisão frontal,Com Vítimas Fatais,Pleno dia,Decrescente,Sol,Simples,Reta,Não,2,1,0,0,1,0,0,2,"-22,37846293","-41,96901206",SPRF-RJ,DEL08-RJ,UOP04-DEL08-RJ
419357,2022-03-08,terça-feira,14:40:00,RS,386,"379,5",TABAI,Acessar a via sem observar a presença dos outros veículos,Colisão transversal,Com Vítimas Feridas,Pleno dia,Decrescente,Sol,Dupla,Interseção de Vias,Não,5,0,2,0,3,0,2,2,"-29,65029758","-51,76036835",SPRF-RS,DEL04-RS,UOP02-DEL04-RS
419361,2022-03-08,terça-feira,14:00:00,RJ,40,32,TRES RIOS,Reação tardia ou ineficiente do condutor,Tombamento,Com Vítimas Feridas,Pleno dia,Decrescente,Céu Claro,Dupla,Curva,Não,2,0,1,0,0,2,1,3,"-22,19935287","-43,15764401",SPRF-RJ,DEL05-RJ,UOP02-DEL05-RJ
419367,2022-03-08,terça-feira,13:05:00,MT,174,6,PONTES E LACERDA,Acessar a via sem observar a presença dos outros veículos,Colisão transversal,Com Vítimas Feridas,Pleno dia,Crescente,Nublado,Simples,Interseção de Vias,Sim,2,0,1,0,1,0,1,2,"-15,22675923","-59,34933901",SPRF-MT,DEL03-MT,UOP01-DEL03-MT
419369,2022-02-05,sábado,11:40:00,MT,364,204,RONDONOPOLIS,Reação tardia ou ineficiente do condutor,Colisão traseira,Com Vítimas Feridas,Pleno dia,Decrescente,Céu Claro,Dupla,Reta,Sim,3,0,1,0,1,2,1,4,"-16,467325","-54,657196",SPRF-MT,DEL02-MT,UOP01-DEL02-MT
419370,2022-03-08,terça-feira,14:15:00,MT,163,851,SINOP,Pista Escorregadia,Queda de ocupante de veículo,Com Vítimas Feridas,Pleno dia,Decrescente,Nublado,Simples,Declive;Reta,Não,3,0,1,0,1,2,1,4,"-11,78743393","-55,47616526",SPRF-MT,DEL06-MT,NPF/DEL06-MT
419374,2022-03-08,terça-feira,15:10:00,PE,423,"117,9",PARANATAMA,Ausência de sinalização,Saída de leito carroçável,Sem Vítimas,Pleno dia,Decrescente,Nublado,Simples,Aclive,Não,2,0,0,0,1,1,0,2,"-8,908816","-36,67734",SPRF-PE,DEL03-PE,UOP01-DEL03-PE
419381,2022-03-08,terça-feira,08:45:00,MG,50,"169,8",UBERABA,Demais falhas mecânicas ou elétricas,Incêndio,Sem Vítimas,Pleno dia,Crescente,Céu Claro,Dupla,Reta,Sim,2,0,0,0,1,1,0,2,"-19,73227731","-47,98225701",SPRF-MG,DEL13-MG,UOP01-DEL13-MG
419382,2022-03-08,terça-feira,16:30:00,PR,476,138,CURITIBA,Ingestão de álcool pelo condutor,Colisão lateral mesmo sentido,Com Vítimas Feridas,Pleno dia,Decrescente,Céu Claro,Dupla,Interseção de Vias,Sim,3,0,1,0,2,0,1,3,"-25,505564","-49,283417",SPRF-PR,DEL01-PR,UOP03-DEL01-PR
419384,2022-03-08,terça-feira,11:00:00,MG,365,"213,5",BURITIZEIRO,Condutor Dormindo,Tombamento,Com Vítimas Feridas,Pleno dia,Decrescente,Céu Claro,Simples,Reta,Não,4,0,1,1,1,1,2,2,"-17,57690573","-45,33736817",SPRF-MG,DEL12-MG,UOP01-DEL12-MG
419385,2022-03-08,terça-feira,17:50:00,SP,116,212,GUARULHOS,Entrada inopinada do pedestre,Atropelamento de Pedestre,Com Vítimas Feridas,Anoitecer,Crescente,Nublado,Múltipla,Reta,Sim,2,0,1,0,1,0,1,2,"-23,43608315","-46,42805094",SPRF-SP,DEL01-SP,UOP01-DEL01-SP
419387,2022-03-08,terça-feira,16:05:00,BA,101,"688,2",ITAGIMIRIM,Transitar na contramão,Colisão frontal,Com Vítimas Fatais,Pleno dia,Crescente,Chuva,Simples,Curva,Não,2,1,0,0,1,0,0,2,"-16,150782","-39,594985",SPRF-BA,DEL09-BA,UOP01-DEL09-BA
419390,2022-03-08,terça-feira,17:40:00,RS,153,643,BAGE,Condutor Dormindo,Colisão frontal,Com Vítimas Feridas,Pleno dia,Crescente,Céu Claro,Simples,Reta,Não,6,0,1,3,0,2,4,5,"-31,42233405","-54,13629157",SPRF-RS,DEL11-RS,UOP03-DEL11-RS