id,data_inversa,dia_semana,horario,uf,br,km,municipio,causa_acidente,tipo_acidente,classificacao_acidente,fase_dia,sentido_via,condicao_metereologica,tipo_pista,tracado_via,uso_solo,pessoas,mortos,feridos_leves,feridos_graves,ilesos,ignorados,feridos,veiculos,latitude,longitude,regional,delegacia,uop
419391,2022-03-08,terça-feira,14:00:00,MA,222,395,SANTA INES,Ultrapassagem Indevida,Saída de leito carroçável,Com Vítimas Fatais,Pleno dia,Crescente,Céu Claro,Simples,Reta,Não,6,1,4,1,0,0,5,2,"-3,89515999","-45,57657802",SPRF-MA,DEL02-MA,UOP01-DEL02-MA
419392,2022-03-08,terça-feira,17:30:00,MT,163,754,SORRISO,Acessar a via sem observar a presença dos outros veículos,Colisão lateral mesmo sentido,Com Vítimas Feridas,Anoitecer,Crescente,Chuva,Dupla,Interseção de Vias,Sim,3,0,1,0,2,0,1,3,"-12,63892516","-55,78118581",SPRF-MT,DEL06-MT,UOP01-DEL06-MT
419393,2022-03-08,terça-feira,18:40:00,RN,427,19,ACARI,Fumaça,Colisão traseira,Com Vítimas Feridas,Plena Noite,Crescente,Céu Claro,Simples,Reta,Não,3,0,1,1,1,0,2,2,"-6,36462206","-36,6198316",SPRF-RN,DEL03-RN,UOP02-DEL03-RN
419394,2022-03-08,terça-feira,18:30:00,MG,381,580,CARMOPOLIS DE MINAS,Problema com o freio,Colisão traseira,Com Vítimas Feridas,Plena Noite,Crescente,Céu Claro,Dupla,Reta,Não,3,0,2,0,1,0,2,2,"-20,50796117","-44,61144676",SPRF-MG,DEL04-MG,UOP01-DEL04-MG
419402,2022-03-08,terça-feira,17:30:00,RS,285,"200,9",LAGOA VERMELHA,Reação tardia ou ineficiente do condutor,Colisão traseira,Com Vítimas Feridas,Pleno dia,Decrescente,Nublado,Simples,Reta,Sim,3,0,1,0,1,1,1,3,"-28,203857","-51,529285",SPRF-RS,DEL08-RS,UOP05-DEL08-RS
419405,2022-03-08,terça-feira,16:30:00,ES,101,398,RIO NOVO DO SUL,Redutor de velocidade em desacordo,Colisão traseira,Com Vítimas Feridas,Pleno dia,Crescente,Céu Claro,Simples,Reta,Não,3,0,1,0,1,1,1,3,"-20,87530245","-40,95792915",SPRF-ES,DEL03-ES,UOP02-DEL03-ES
419408,2022-03-08,terça-feira,19:00:00,MS,163,714,RIO VERDE DE MATO GROSSO,Demais falhas mecânicas ou elétricas,Incêndio,Sem Vítimas,Plena Noite,Decrescente,Céu Claro,Simples,Reta,Não,1,0,0,0,1,0,0,1,"-18,64290896","-54,78331204",SPRF-MS,DEL06-MS,UOP01-DEL06-MS
419409,2022-03-08,terça-feira,19:10:00,PA,316,64,CASTANHAL,Acessar a via sem observar a presença dos outros veículos,Colisão lateral mesmo sentido,Com Vítimas Fatais,Plena Noite,Crescente,Céu Claro,Dupla,Reta,Sim,5,1,1,0,2,1,1,3,"-1,29629557","-47,91983997",SPRF-PA,DEL01-PA,UOP01-DEL01-PA
419411,2022-03-08,terça-feira,20:20:00,ES,101,311,VILA VELHA,Entrada inopinada do pedestre,Atropelamento de Pedestre,Com Vítimas Fatais,Plena Noite,Decrescente,Céu Claro,Dupla,Reta,Não,4,1,0,1,2,0,1,2,"-20,43478198","-40,45963937",SPRF-ES,DEL01-ES,UOP01-DEL01-ES
419412,2022-03-08,terça-feira,13:40:00,MG,50,1,UBERLANDIA,Velocidade Incompatível,Tombamento,Com Vítimas Feridas,Pleno dia,Crescente,Céu Claro,Dupla,Rotatória,Sim,2,0,1,0,0,1,1,2,"-18,85910259","-48,25263977",SPRF-MG,DEL15-MG,UOP01-DEL15-MG
419414,2022-03-08,terça-feira,20:45:00,PR,116,99,SAO JOSE DOS PINHAIS,Objeto estático sobre o leito carroçável,Colisão com objeto,Com Vítimas Feridas,Plena Noite,Crescente,Nublado,Dupla,Curva,Não,2,0,1,0,1,0,1,2,"-25,52682231","-49,14038767",SPRF-PR,DEL01-PR,UOP01-DEL01-PR
419417,2022-03-08,terça-feira,11:50:00,RJ,116,171,SAO JOAO DE MERITI,Reação tardia ou ineficiente do condutor,Colisão lateral mesmo sentido,Sem Vítimas,Pleno dia,Crescente,Céu Claro,Dupla,Reta,Sim,2,0,0,0,2,0,0,2,"-22,8060415","-43,34289573",SPRF-RJ,DEL01-RJ,UOP02-DEL01-RJ
419422,2022-03-08,terça-feira,20:05:00,RJ,116,135,DUQUE DE CAXIAS,Condutor deixou de manter distância do veículo da frente,Colisão traseira,Com Vítimas Feridas,Plena Noite,Crescente,Céu Claro,Dupla,Reta,Não,3,0,1,0,1,1,1,2,"-22,65225773","-43,16309893",SPRF-RJ,DEL04-RJ,UOP02-DEL04-RJ
419428,2022-03-08,terça-feira,20:20:00,MG,40,398,CURVELO,Acessar a via sem observar a presença dos outros veículos,Atropelamento de Pedestre,Com Vítimas Fatais,Plena Noite,Decrescente,Céu Claro,Simples,Reta;Aclive,Não,2,1,0,0,0,1,0,2,"-19,01396595","-44,65705831",SPRF-MG,DEL02-MG,UOP01-DEL02-MG
419431,2022-03-08,terça-feira,22:00:00,SP,116,402,MIRACATU,Reação tardia ou ineficiente do condutor,Colisão traseira,Com Vítimas Feridas,Plena Noite,Crescente,Céu Claro,Dupla,Aclive,Não,3,0,0,1,0,2,1,3,"-24,31365773","-47,5187501",SPRF-SP,DEL04-SP,UOP02-DEL04-SP
419436,2022-03-08,terça-feira,22:10:00,RN,304,"103,4",ACU,Demais Fenômenos da natureza,Incêndio,Sem Vítimas,Plena Noite,Decrescente,Céu Claro,Simples,Reta,Não,2,0,0,0,1,1,0,2,"-5,58377137","-36,99849407",SPRF-RN,DEL04-RN,UOP01-DEL04-RN
419439,2022-03-08,terça-feira,23:20:00,SC,101,215,PALHOCA,Ausência de sinalização,Colisão traseira,Com Vítimas Fatais,Plena Noite,Decrescente,Nublado,Múltipla,Curva,Sim,2,1,0,0,1,0,0,2,"-27,653755","-48,677448",SPRF-SC,DEL01-SC,UOP02-DEL01-SC
419441,2022-03-08,terça-feira,19:00:00,PI,402,"55,7",LUIS CORREIA,Ausência de reação do condutor,Colisão com objeto,Com Vítimas Feridas,Plena Noite,Decrescente,Céu Claro,Simples,Reta,Não,1,0,1,0,0,0,1,1,"-3,04899517","-41,61699617",SPRF-PI,DEL05-PI,UOP01-DEL05-PI
419445,2022-03-08,terça-feira,23:55:00,SP,116,"101,9",PINDAMONHANGABA,Condutor deixou de manter distância do veículo da frente,Colisão traseira,Com Vítimas Feridas,Plena Noite,Decrescente,Ignorado,Dupla,Aclive;Reta,Não,3,0,1,0,1,1,1,3,"-22,99074204","-45,48115098",SPRF-SP,DEL08-SP,UOP01-DEL08-SP
419447,2022-03-09,quarta-feira,00:20:00,CE,20,"427,3",FORTALEZA,Carga excessiva e/ou mal acondicionada,Tombamento,Sem Vítimas,Plena Noite,Decrescente,Nublado,Dupla,Em Obras;Declive;Reta,Não,3,0,0,0,1,3,0,4,"-3,86524695","-38,51669496",SPRF-CE,DEL01-CE,UOP02-DEL01-CE
419451,2022-03-09,quarta-feira,03:00:00,RJ,101,200,CASIMIRO DE ABREU,Carga excessiva e/ou mal acondicionada,Eventos atípicos,Sem Vítimas,Plena Noite,Crescente,Céu Claro,Dupla,Curva,Não,2,0,0,0,1,1,0,2,"-22,48294819","-42,14400217",SPRF-RJ,DEL08-RJ,UOP04-DEL08-RJ
419452,2022-03-09,quarta-feira,03:45:00,SC,101,"308,9",LAGUNA,Condutor Dormindo,Saída de leito carroçável,Sem Vítimas,Plena Noite,Decrescente,Chuva,Múltipla,Reta,Não,1,0,0,0,1,0,0,1,"-28,425414","-48,800567",SPRF-SC,DEL02-SC,UOP01-DEL02-SC
419455,2022-03-09,quarta-feira,05:00:00,GO,20,"162,5",ALVORADA DO NORTE,Transitar na contramão,Colisão lateral sentido oposto,Com Vítimas Feridas,Amanhecer,Decrescente,Céu Claro,Simples,Reta,Não,2,0,1,0,1,0,1,2,"-14,60318","-46,599838",SPRF-DF,DEL02-DF,UOP03-DEL02-DF
419457,2022-03-09,quarta-feira,05:14:00,SP,116,210,GUARULHOS,Condutor deixou de manter distância do veículo da frente,Engavetamento,Sem Vítimas,Amanhecer,Crescente,Céu Claro,Múltipla,Reta,Sim,4,0,0,0,3,2,0,5,"-23,42870023","-46,41085991",SPRF-SP,DEL01-SP,UOP01-DEL01-SP
419458,2022-03-09,quarta-feira,05:40:00,GO,153,558,PIRACANJUBA,Condutor Dormindo,Saída de leito carroçável,Com Vítimas Feridas,Amanhecer,Crescente,Céu Claro,Dupla,Curva;Declive,Não,1,0,1,0,0,0,1,1,"-17,2081","-49,2137",SPRF-GO,DEL03-GO,UOP01-DEL03-GO
419465,2022-03-09,quarta-feira,05:06:00,MG,50,"184,5",UBERABA,Reação tardia ou ineficiente do condutor,Colisão traseira,Com Vítimas Feridas,Amanhecer,Crescente,Céu Claro,Dupla,Reta,Não,3,0,0,1,1,1,1,3,"-19,80948448","-47,90109336",SPRF-MG,DEL13-MG,UOP01-DEL13-MG
419468,2022-03-09,quarta-feira,07:15:00,PE,101,55,PAULISTA,Manobra de mudança de faixa,Colisão traseira,Com Vítimas Feridas,Pleno dia,Crescente,Nublado,Múltipla,Reta,Não,4,0,1,0,2,2,1,5,"-7,94806621","-34,9062148",SPRF-PE,DEL01-PE,UOP02-DEL01-PE
419470,2022-03-09,quarta-feira,07:00:00,RN,101,146,GOIANINHA,Manobra de mudança de faixa,Colisão lateral mesmo sentido,Com Vítimas Feridas,Pleno dia,Decrescente,Céu Claro,Dupla,Reta,Sim,3,0,0,1,2,0,1,3,"-6,25332906","-35,21460513",SPRF-RN,DEL01-RN,UOP01-DEL01-RN
419485,2022-03-09,quarta-feira,08:00:00,MT,163,630,NOVA MUTUM,Pista esburacada,Colisão frontal,Com Vítimas Fatais,Pleno dia,Crescente,Nublado,Simples,Reta,Não,6,1,2,1,1,2,3,4,"-13,64698704","-56,03553852",SPRF-MT,DEL01-MT,UOP01-DEL01-MT
419488,2022-03-09,quarta-feira,09:30:00,PR,476,"278,3",SAO MATEUS DO SUL,Condutor deixou de manter distância do veículo da frente,Colisão traseira,Com Vítimas Feridas,Pleno dia,Decrescente,Céu Claro,Simples,Reta,Sim,2,0,1,0,1,0,1,2,"-25,868753","-50,396477",SPRF-PR,DEL02-PR,UOP04-DEL02-PR
419489,2022-03-09,quarta-feira,09:50:00,RS,386,"432,5",NOVA SANTA RITA,Frear bruscamente,Colisão traseira,Com Vítimas Feridas,Pleno dia,Decrescente,Céu Claro,Dupla,Reta,Não,3,0,1,0,1,1,1,3,"-29,837873","-51,304909",SPRF-RS,DEL04-RS,UOP02-DEL04-RS
419496,2022-03-08,terça-feira,23:55:00,PR,153,479,PORTO VITORIA,Reação tardia ou ineficiente do condutor,Colisão lateral mesmo sentido,Sem Vítimas,Plena Noite,Crescente,Céu Claro,Simples,Reta,Não,3,0,0,0,2,1,0,3,"-26,29202989","-51,20212555",SPRF-PR,DEL02-PR,UOP03-DEL02-PR
419497,2022-03-09,quarta-feira,10:40:00,PR,476,"278,8",SAO MATEUS DO SUL,Obstrução na via,Colisão traseira,Sem Vítimas,Pleno dia,Decrescente,Sol,Simples,Reta,Sim,3,0,0,0,2,1,0,3,"-25,868753","-50,396477",SPRF-PR,DEL02-PR,UOP04-DEL02-PR
419498,2022-03-09,quarta-feira,11:00:00,SC,101,208,SAO JOSE,Ausência de reação do condutor,Colisão transversal,Com Vítimas Feridas,Pleno dia,Decrescente,Nublado,Múltipla,Reta,Sim,2,0,1,0,1,0,1,2,"-27,60327979","-48,63201818",SPRF-SC,DEL01-SC,UOP01-DEL01-SC
419499,2022-03-09,quarta-feira,10:50:00,PE,101,"21,9",GOIANA,Pedestre cruzava a pista fora da faixa,Atropelamento de Pedestre,Com Vítimas Fatais,Pleno dia,Decrescente,Céu Claro,Dupla,Reta,Não,2,1,0,0,1,0,0,2,"-7,675127","-34,92856",SPRF-PE,DEL01-PE,UOP02-DEL01-PE
419500,2022-03-09,quarta-feira,11:00:00,ES,101,298,VIANA,Acessar a via sem observar a presença dos outros veículos,Colisão transversal,Com Vítimas Feridas,Pleno dia,Crescente,Sol,Múltipla,Reta,Sim,2,0,0,1,1,0,1,2,"-20,35393175","-40,41622281",SPRF-ES,DEL01-ES,UOP01-DEL01-ES
419506,2022-03-09,quarta-feira,11:35:00,SC,101,"75,5",ARAQUARI,Condutor deixou de manter distância do veículo da frente,Colisão traseira,Com Vítimas Feridas,Pleno dia,Crescente,Sol,Dupla,Curva,Não,3,0,1,0,1,1,1,3,"-26,5519717","-48,71688324",SPRF-SC,DEL03-SC,UOP02-DEL03-SC
419512,2022-03-09,quarta-feira,12:00:00,SC,101,"284,3",IMBITUBA,Acessar a via sem observar a presença dos outros veículos,Colisão com objeto,Sem Vítimas,Pleno dia,Decrescente,Garoa/Chuvisco,Simples,Viaduto,Sim,3,0,0,0,2,2,0,4,"-28,21285498","-48,69962617",SPRF-SC,DEL02-SC,UOP03-DEL02-SC
419519,2022-03-09,quarta-feira,12:30:00,ES,262,"126,6",CONCEICAO DO CASTELO,Condutor deixou de manter distância do veículo da frente,Colisão traseira,Com Vítimas Feridas,Pleno dia,Crescente,Céu Claro,Simples,Reta,Não,4,0,1,0,3,0,1,3,"-20,27232103","-41,26751512",SPRF-ES,DEL01-ES,UOP02-DEL01-ES
419521,2022-03-09,quarta-feira,07:15:00,RO,364,621,ITAPUA DO OESTE,Transitar na contramão,Saída de leito carroçável,Sem Vítimas,Pleno dia,Crescente,Céu Claro,Simples,Reta,Não,3,0,0,0,2,1,0,2,"-9,08545967","-63,29473382",SPRF-RO,DEL01-RO,UOP04-DEL01-RO
419529,2022-03-09,quarta-feira,13:30:00,BA,324,622,SALVADOR,Condutor Dormindo,Colisão traseira,Com Vítimas Feridas,Pleno dia,Crescente,Céu Claro,Dupla,Curva,Sim,2,0,1,0,1,0,1,2,"-12,91888605","-38,46502095",SPRF-BA,DEL01-BA,UOP01-DEL01-BA
419532,2022-03-09,quarta-feira,06:45:00,PR,373,"272,3",PRUDENTOPOLIS,Transitar na contramão,Colisão frontal,Sem Vítimas,Pleno dia,Decrescente,Nublado,Simples,Reta,Não,3,0,0,0,2,1,0,3,"-25,24146015","-51,04379195",SPRF-PR,DEL08-PR,UOP01-DEL08-PR
419533,2022-03-09,quarta-feira,12:50:00,RO,364,706,PORTO VELHO,Ausência de reação do condutor,Colisão traseira,Com Vítimas Feridas,Pleno dia,Crescente,Céu Claro,Dupla,Curva,Sim,3,0,0,1,1,2,1,4,"-8,80120301","-63,8300103",SPRF-RO,DEL01-RO,UOP01-DEL01-RO
419537,2022-03-09,quarta-feira,15:10:00,SE,101,"82,2",LARANJEIRAS,Demais falhas mecânicas ou elétricas,Incêndio,Sem Vítimas,Pleno dia,Crescente,Céu Claro,Dupla,Declive,Não,1,0,0,0,1,0,0,1,"-10,81787508","-37,13924106",SPRF-SE,DEL01-SE,UOP01-DEL01-SE
419540,2022-03-09,quarta-feira,14:30:00,SC,280,"51,5",GUARAMIRIM,Sinalização mal posicionada,Colisão transversal,Com Vítimas Feridas,Pleno dia,Crescente,Céu Claro,Simples,Interseção de Vias;Retorno Regulamentado,Não,2,0,1,0,1,0,1,2,"-26,46705503","-48,96055168",SPRF-SC,DEL03-SC,UOP03-DEL03-SC
419544,2022-03-09,quarta-feira,16:00:00,RS,285,"430,2",PEJUCARA,Reação tardia ou ineficiente do condutor,Colisão com objeto,Com Vítimas Fatais,Pleno dia,Crescente,Sol,Simples,Ponte,Não,2,1,0,0,0,1,0,2,"-28,32380011","-53,64604712",SPRF-RS,DEL10-RS,UOP01-DEL10-RS
419546,2022-03-09,quarta-feira,16:32:00,MG,40,590,ITABIRITO,Pista Escorregadia,Colisão traseira,Com Vítimas Feridas,Pleno dia,Decrescente,Chuva,Dupla,Curva,Não,4,0,0,1,2,1,1,4,"-20,36807799","-43,90982881",SPRF-MG,DEL01-MG,UOP02-DEL01-MG
419547,2022-03-09,quarta-feira,16:10:00,PR,376,9,MARINGA,Obras na pista,Colisão traseira,Com Vítimas Feridas,Pleno dia,Decrescente,Céu Claro,Dupla,Declive,Não,3,0,2,0,1,0,2,2,"-23,4273","-51,9375",SPRF-PR,DEL09-PR,UOP01-DEL09-PR
419553,2022-03-09,quarta-feira,14:15:00,RJ,101,297,ITABORAI,Pedestre andava na pista,Atropelamento de Pedestre,Com Vítimas Feridas,Pleno dia,Crescente,Céu Claro,Simples,Curva,Sim,4,0,0,1,2,1,1,4,"-22,76942037","-42,91873581",SPRF-RJ,DEL02-RJ,UOP02-DEL02-RJ
419561,2022-03-09,quarta-feira,16:00:00,PR,116,34,CAMPINA GRANDE DO SUL,Velocidade Incompatível,Colisão transversal,Com Vítimas Feridas,Pleno dia,Decrescente,Céu Claro,Dupla,Retorno Regulamentado,Não,4,0,1,0,2,1,1,4,"-25,1144852","-48,85377328",SPRF-PR,DEL01-PR,UOP02-DEL01-PR
419571,2022-03-09,quarta-feira,14:30:00,MS,163,665,RIO VERDE DE MATO GROSSO,Reação tardia ou ineficiente do condutor,Saída de leito carroçável,Sem Vítimas,Pleno dia,Decrescente,Céu Claro,Simples,Curva,Não,2,0,0,0,1,2,0,3,"-19,04496622","-54,81017934",SPRF-MS,DEL06-MS,UOP02-DEL06-MS
419579,2022-03-09,quarta-feira,03:00:00,MA,316,464,CODO,Manobra de mudança de faixa,Tombamento,Sem Vítimas,Plena Noite,Decrescente,Nublado,Simples,Curva,Não,2,0,0,0,1,1,0,2,"-4,538033","-44,026539",SPRF-MA,DEL03-MA,UOP01-DEL03-MA
419582,2022-03-09,quarta-feira,18:50:00,SP,381,39,ATIBAIA,Reação tardia ou ineficiente do condutor,Engavetamento,Sem Vítimas,Plena Noite,Decrescente,Chuva,Dupla,Reta,Sim,4,0,0,0,4,0,0,4,"-23,1215761","-46,57471572",SPRF-SP,DEL03-SP,UOP01-DEL03-SP
419594,2022-03-09,quarta-feira,13:58:00,SC,480,"128,9",CHAPECO,Manobra de mudança de faixa,Colisão lateral mesmo sentido,Com Vítimas Feridas,Pleno dia,Crescente,Céu Claro,Dupla,Reta,Sim,3,0,1,0,1,2,1,4,"-27,046569","-52,635729",SPRF-SC,DEL07-SC,UOP01-DEL07-SC
419595,2022-03-09,quarta-feira,19:20:00,RS,470,195,BENTO GONCALVES,Reação tardia ou ineficiente do condutor,Saída de leito carroçável,Com Vítimas Feridas,Plena Noite,Decrescente,Nublado,Simples,Declive;Reta,Não,2,0,2,0,0,0,2,1,"-29,05097073","-51,58205288",SPRF-RS,DEL06-RS,UOP02-DEL06-RS
419600,2022-03-09,quarta-feira,15:45:00,MA,230,402,BALSAS,Transitar na calçada,Colisão com objeto,Sem Vítimas,Pleno dia,Decrescente,Céu Claro,Simples,Reta,Sim,2,0,0,0,1,1,0,2,"-7,50857084","-46,03158637",SPRF-MA,DEL05-MA,UOP01-DEL05-MA
419602,2022-03-09,quarta-feira,08:45:00,MG,40,"653,1",CRISTIANO OTONI,Ausência de reação do condutor,Saída de leito carroçável,Com Vítimas Feridas,Pleno dia,Decrescente,Céu Claro,Simples,Curva,Não,2,0,1,0,1,0,1,1,"-20,84938602","-43,79880593",SPRF-MG,DEL05-MG,UOP02-DEL05-MG
419606,2022-03-05,sábado,13:50:00,AL,101,"104,2",PILAR,Condutor deixou de manter distância do veículo da frente,Colisão traseira,Com Vítimas Feridas,Pleno dia,Decrescente,Nublado,Dupla,Retorno Regulamentado,Não,3,0,1,0,1,1,1,3,"-9,58714551","-35,98027797",SPRF-AL,DEL02-AL,UOP01-DEL02-AL
419607,2022-03-09,quarta-feira,21:00:00,SC,116,"167,5",PONTE ALTA DO NORTE,Ingestão de álcool pelo condutor,Colisão frontal,Sem Vítimas,Plena Noite,Crescente,Nublado,Simples,Reta,Sim,3,0,0,0,2,2,0,4,"-27,16859697","-50,46434991",SPRF-SC,DEL05-SC,UOP03-DEL05-SC
419613,2022-03-09,quarta-feira,19:00:00,MA,222,"342,3",IGARAPE DO MEIO,Ausência de reação do condutor,Colisão frontal,Com Vítimas Feridas,Plena Noite,Crescente,Chuva,Simples,Declive,Não,2,0,0,1,1,0,1,2,"-3,66150806","-45,22464097",SPRF-MA,DEL02-MA,UOP01-DEL02-MA
419615,2022-03-09,quarta-feira,22:25:00,CE,116,"338,6",JAGUARIBE,Condutor Dormindo,Saída de leito carroçável,Com Vítimas Feridas,Plena Noite,Decrescente,Céu Claro,Simples,Reta,Não,2,0,1,0,0,1,1,2,"-6,14292899","-38,6495453",SPRF-CE,DEL05-CE,UOP02-DEL05-CE
419617,2022-03-09,quarta-feira,18:45:00,MG,40,"334,2",FELIXLANDIA,Ultrapassagem Indevida,Colisão lateral sentido oposto,Com Vítimas Feridas,Pleno dia,Decrescente,Céu Claro,Simples,Reta;Declive,Não,2,0,1,0,1,0,1,2,"-18,60704509","-45,00982341",SPRF-MG,DEL14-MG,UOP02-DEL14-MG
419618,2022-03-09,quarta-feira,22:00:00,MG,381,774,CAMPANHA,Transitar no acostamento,Colisão traseira,Com Vítimas Feridas,Plena Noite,Decrescente,Céu Claro,Dupla,Reta,Não,8,0,3,0,4,3,3,7,"-21,78176861","-45,43299314",SPRF-MG,DEL16-MG,UOP02-DEL16-MG
419619,2022-03-09,quarta-feira,21:40:00,PR,153,474,PORTO VITORIA,Acumulo de água sobre o pavimento,Colisão frontal,Com Vítimas Feridas,Plena Noite,Crescente,Chuva,Simples,Curva,Não,3,0,0,1,1,1,1,3,"-26,25739662","-51,16744995",SPRF-PR,DEL02-PR,UOP03-DEL02-PR
419620,2022-03-09,quarta-feira,18:50:00,PR,153,516,GENERAL CARNEIRO,Problema com o freio,Saída de leito carroçável,Com Vítimas Feridas,Anoitecer,Decrescente,Nublado,Simples,Reta,Não,3,0,2,0,0,1,2,2,"-26,46719234","-51,32469177",SPRF-PR,DEL02-PR,UOP03-DEL02-PR
419621,2022-03-09,quarta-feira,21:50:00,MA,222,212,ITAPECURU MIRIM,Condutor deixou de manter distância do veículo da frente,Colisão traseira,Com Vítimas Feridas,Plena Noite,Decrescente,Nublado,Simples,Reta,Sim,5,0,1,0,2,3,1,5,"-3,36930695","-44,39109197",SPRF-MA,DEL01-MA,UOP02-DEL01-MA
419623,2022-03-09,quarta-feira,11:52:00,SC,153,"83,2",CONCORDIA,Condutor deixou de manter distância do veículo da frente,Engavetamento,Com Vítimas Feridas,Pleno dia,Decrescente,Céu Claro,Simples,Ponte;Reta,Não,4,0,1,0,2,1,1,4,"-27,13541105","-51,91655874",SPRF-SC,DEL07-SC,UOP04-DEL07-SC
419626,2022-03-09,quarta-feira,18:50:00,BA,101,"828,5",ITAMARAJU,Ausência de reação do condutor,Colisão frontal,Com Vítimas Feridas,Anoitecer,Crescente,Céu Claro,Simples,Curva,Não,7,0,4,0,2,1,4,3,"-17,15522507","-39,57241058",SPRF-BA,DEL09-BA,UOP02-DEL09-BA
419627,2022-03-09,quarta-feira,18:00:00,BA,101,"806,9",ITAMARAJU,Ausência de reação do condutor,Colisão lateral mesmo sentido,Com Vítimas Feridas,Anoitecer,Crescente,Céu Claro,Simples,Reta,Sim,2,0,0,1,1,0,1,2,"-17,18376299","-39,58077401",SPRF-BA,DEL09-BA,UOP02-DEL09-BA
419629,2022-03-10,quinta-feira,01:30:00,RS,290,"42,5",GLORINHA,Demais falhas mecânicas ou elétricas,Saída de leito carroçável,Sem Vítimas,Plena Noite,Crescente,Nublado,Dupla,Reta,Não,1,0,0,0,1,0,0,1,"-29,889312","-50,68412",SPRF-RS,DEL03-RS,UOP01-DEL03-RS
419630,2022-03-09,quarta-feira,13:30:00,PR,153,505,GENERAL CARNEIRO,Velocidade Incompatível,Derramamento de carga,Sem Vítimas,Pleno dia,Crescente,Céu Claro,Simples,Curva,Não,2,0,0,0,1,2,0,3,"-26,53939433","-51,42150879",SPRF-PR,DEL02-PR,UOP03-DEL02-PR
419633,2022-03-10,quinta-feira,03:20:00,SP,116,"175,7",GUARAREMA,Carga excessiva e/ou mal acondicionada,Tombamento,Com Vítimas Feridas,Plena Noite,Crescente,Céu Claro,Dupla,Reta,Sim,1,0,1,0,0,0,1,1,"-23,32173972","-46,100353",SPRF-SP,DEL01-SP,UOP01-DEL01-SP
419641,2022-03-10,quinta-feira,04:30:00,PE,408,"76,4",PAUDALHO,Ausência de reação do condutor,Tombamento,Com Vítimas Feridas,Plena Noite,Crescente,Nublado,Múltipla,Retorno Regulamentado,Sim,1,0,1,0,0,0,1,1,"-7,913693","-35,170002",SPRF-PE,DEL01-PE,UOP01-DEL01-PE
419642,2022-03-10,quinta-feira,06:30:00,RS,290,111,ELDORADO DO SUL,Reação tardia ou ineficiente do condutor,Saída de leito carroçável,Sem Vítimas,Amanhecer,Crescente,Chuva,Dupla,Reta,Não,2,0,0,0,1,1,0,2,"-30,032066","-51,325138",SPRF-RS,DEL02-RS,UOP01-DEL02-RS
419645,2022-03-10,quinta-feira,06:14:00,PR,116,119,CURITIBA,Manobra de mudança de faixa,Colisão lateral mesmo sentido,Com Vítimas Feridas,Pleno dia,Crescente,Céu Claro,Dupla,Curva,Não,2,0,1,0,1,0,1,2,"-25,54456009","-49,30146002",SPRF-PR,DEL01-PR,UOP03-DEL01-PR
419646,2022-03-09,quarta-feira,17:50:00,MG,262,"733,5",PERDIZES,Manobra de mudança de faixa,Colisão frontal,Com Vítimas Fatais,Pleno dia,Decrescente,Céu Claro,Simples,Reta,Não,4,1,0,0,1,2,0,4,"-19,620543","-47,317867",SPRF-MG,DEL08-MG,UOP01-DEL08-MG
419647,2022-03-09,quarta-feira,23:00:00,PE,232,"106,9",BEZERROS,Demais falhas mecânicas ou elétricas,Incêndio,Sem Vítimas,Plena Noite,Crescente,Céu Claro,Dupla,Reta,Não,2,0,0,0,1,2,0,3,"-8,26300269","-35,79029821",SPRF-PE,DEL02-PE,UOP02-DEL02PE
419648,2022-03-10,quinta-feira,05:15:00,PR,163,"159,7",LINDOESTE,Pista esburacada,Tombamento,Com Vítimas Feridas,Plena Noite,Crescente,Nublado,Simples,Reta,Não,2,0,1,0,0,1,1,2,"-25,34495402","-53,58666028",SPRF-PR,DEL05-PR,UOP05-DEL05-PR
419649,2022-03-10,quinta-feira,05:00:00,PI,222,"44,9",BRASILEIRA,Condutor Dormindo,Colisão frontal,Com Vítimas Feridas,Amanhecer,Crescente,Céu Claro,Simples,Reta,Não,2,0,2,0,0,0,2,2,"-4,09322824","-41,56676173",SPRF-PI,DEL02-PI,UOP01-DEL02-PI
419650,2022-03-09,quarta-feira,21:45:00,MG,262,630,IBIA,Demais falhas mecânicas ou elétricas,Incêndio,Sem Vítimas,Plena Noite,Decrescente,Nublado,Simples,Reta,Não,2,0,0,0,1,1,0,2,"-19,58291786","-46,45655507",SPRF-MG,DEL08-MG,UOP01-DEL08-MG
419653,2022-03-10,quinta-feira,00:20:00,SC,470,"86,9",RODEIO,Condutor Dormindo,Tombamento,Com Vítimas Feridas,Plena Noite,Crescente,Céu Claro,Simples,Curva,Não,2,0,1,0,0,1,1,2,"-26,94795948","-49,36536139",SPRF-SC,DEL04-SC,UOP01-DEL04-SC