id,data_inversa,dia_semana,horario,uf,br,km,municipio,causa_acidente,tipo_acidente,classificacao_acidente,fase_dia,sentido_via,condicao_metereologica,tipo_pista,tracado_via,uso_solo,pessoas,mortos,feridos_leves,feridos_graves,ilesos,ignorados,feridos,veiculos,latitude,longitude,regional,delegacia,uop
419660,2022-03-10,quinta-feira,07:50:00,RS,116,452,SAO LOURENCO DO SUL,Ausência de reação do condutor,Colisão traseira,Com Vítimas Feridas,Amanhecer,Decrescente,Céu Claro,Dupla,Aclive,Não,3,0,1,0,1,1,1,3,"-31,21427515","-52,01780939",SPRF-RS,DEL02-RS,UOP02-DEL02-RS
419666,2022-03-10,quinta-feira,08:30:00,RS,101,77,OSORIO,Reação tardia ou ineficiente do condutor,Colisão traseira,Com Vítimas Feridas,Pleno dia,Decrescente,Céu Claro,Dupla,Reta,Não,4,0,2,0,1,2,2,4,"-29,78030963","-50,22490762",SPRF-RS,DEL03-RS,UOP01-DEL03-RS
419670,2022-03-10,quinta-feira,08:30:00,MG,153,92,PRATA,Ausência de reação do condutor,Tombamento,Com Vítimas Feridas,Pleno dia,Crescente,Céu Claro,Simples,Reta,Não,2,0,1,0,0,1,1,2,"-19,1609748","-48,95869957",SPRF-MG,DEL15-MG,UOP03-DEL15-MG
419681,2022-03-10,quinta-feira,10:55:00,SP,153,"283,2",OCAUCU,Afundamento ou ondulação no pavimento,Tombamento,Com Vítimas Feridas,Pleno dia,Crescente,Céu Claro,Simples,Reta,Não,2,0,1,0,0,2,1,3,"-22,4402454","-49,85911131",SPRF-SP,DEL07-SP,UOP02-DEL07-SP
419684,2022-03-10,quinta-feira,10:45:00,SC,470,"3,9",NAVEGANTES,Desrespeitar a preferência no cruzamento,Colisão transversal,Com Vítimas Feridas,Pleno dia,Decrescente,Céu Claro,Simples,Rotatória,Sim,2,0,1,0,0,1,1,2,"-26,861937","-48,681618",SPRF-SC,DEL04-SC,UOP04-DEL04-SC
419687,2022-03-10,quinta-feira,11:00:00,RO,364,714,PORTO VELHO,Reação tardia ou ineficiente do condutor,Colisão traseira,Sem Vítimas,Amanhecer,Decrescente,Sol,Dupla,Declive,Sim,4,0,0,0,2,3,0,5,"-8,77323714","-63,88521091",SPRF-RO,DEL01-RO,UOP01-DEL01-RO
419693,2022-02-19,sábado,20:30:00,GO,60,"96,5",ANAPOLIS,Ausência de reação do condutor,Colisão traseira,Com Vítimas Feridas,Plena Noite,Crescente,Chuva,Simples,Reta,Sim,3,0,0,1,1,1,1,3,"-16,371","-48,9422",SPRF-GO,DEL02-GO,UOP01-DEL02-GO
419699,2022-03-10,quinta-feira,12:33:00,SC,282,"335,7",CAMPOS NOVOS,Desrespeitar a preferência no cruzamento,Colisão traseira,Sem Vítimas,Pleno dia,Decrescente,Nublado,Simples,Interseção de Vias,Sim,4,0,0,0,3,2,0,5,"-27,39379305","-51,19174004",SPRF-SC,DEL07-SC,UOP06-DEL07-SC
419702,2022-03-10,quinta-feira,13:40:00,PR,158,535,PATO BRANCO,Acessar a via sem observar a presença dos outros veículos,Colisão transversal,Com Vítimas Feridas,Pleno dia,Crescente,Chuva,Simples,Reta,Não,2,0,1,0,1,0,1,2,"-26,23547098","-52,69066504",SPRF-PR,DEL02-PR,UOP01-DEL02-PR
419703,2022-03-10,quinta-feira,14:15:00,RS,290,720,URUGUAIANA,Velocidade Incompatível,Colisão frontal,Com Vítimas Feridas,Pleno dia,Decrescente,Chuva,Múltipla,Reta,Sim,3,0,1,1,0,1,2,3,"-29,766502","-57,058228",SPRF-RS,DEL13-RS,UOP01-DEL13-RS
419705,2022-01-13,quinta-feira,09:00:00,PR,277,"534,1",IBEMA,Transitar na contramão,Colisão frontal,Com Vítimas Fatais,Pleno dia,Decrescente,Céu Claro,Simples,Em Obras,Não,3,1,0,0,1,1,0,3,"-25,10265774","-52,986814",SPRF-PR,DEL04-PR,UOP01-DEL04-PR
419712,2022-03-10,quinta-feira,10:55:00,SP,381,"23,2",BRAGANCA PAULISTA,Condutor deixou de manter distância do veículo da frente,Colisão traseira,Com Vítimas Feridas,Pleno dia,Crescente,Céu Claro,Dupla,Reta;Em Obras,Não,3,0,1,0,2,0,1,2,"-23,00476488","-46,52061531",SPRF-SP,DEL03-SP,UOP01-DEL03-SP
419720,2022-02-18,sexta-feira,06:45:00,MT,364,"349,3",SANTO ANTONIO DO LEVERGER,Curva acentuada,Tombamento,Com Vítimas Feridas,Pleno dia,Crescente,Céu Claro,Dupla,Curva,Não,3,0,1,1,0,2,2,3,"-15,807347","-55,54692",SPRF-MT,DEL05-MT,UOP02-DEL05-MT
419730,2022-03-01,terça-feira,21:45:00,PE,232,135,CARUARU,Reação tardia ou ineficiente do condutor,Colisão traseira,Sem Vítimas,Plena Noite,Crescente,Céu Claro,Dupla,Reta,Não,2,0,0,0,2,0,0,2,"-8,31096592","-36,03308802",SPRF-PE,DEL02-PE,UOP03-DEL02-PE
419735,2022-03-10,quinta-feira,15:45:00,RN,226,167,CURRAIS NOVOS,Acostamento em desnível,Tombamento,Com Vítimas Feridas,Pleno dia,Crescente,Céu Claro,Simples,Curva,Não,2,0,0,1,0,1,1,2,"-6,23083675","-36,44697098",SPRF-RN,DEL03-RN,UOP02-DEL03-RN
419737,2022-03-10,quinta-feira,16:50:00,GO,153,"527,5",HIDROLANDIA,Ultrapassagem Indevida,Colisão com objeto,Com Vítimas Fatais,Pleno dia,Crescente,Céu Claro,Dupla,Reta,Não,2,1,0,0,1,0,0,2,"-16,932846","-49,25184",SPRF-GO,DEL01-GO,UOP03-DEL01-GO
419738,2022-03-10,quinta-feira,16:30:00,SC,101,"56,8",ARAQUARI,Reação tardia ou ineficiente do condutor,Colisão traseira,Com Vítimas Feridas,Pleno dia,Decrescente,Céu Claro,Dupla,Reta,Não,3,0,1,0,2,0,1,2,"-26,43207484","-48,82263984",SPRF-SC,DEL03-SC,UOP01-DEL03-SC
419746,2022-03-10,quinta-feira,07:20:00,MT,364,349,SANTO ANTONIO DO LEVERGER,Velocidade Incompatível,Saída de leito carroçável,Com Vítimas Feridas,Pleno dia,Crescente,Céu Claro,Dupla,Curva,Não,2,0,1,0,0,1,1,2,"-15,80502622","-55,5546431",SPRF-MT,DEL05-MT,UOP02-DEL05-MT
419748,2022-03-10,quinta-feira,16:40:00,BA,324,"616,8",SALVADOR,Manobra de mudança de faixa,Colisão lateral mesmo sentido,Com Vítimas Feridas,Pleno dia,Crescente,Sol,Dupla,Aclive;Interseção de Vias;Curva,Sim,3,0,0,2,1,0,2,2,"-12,89113054","-38,44531417",SPRF-BA,DEL01-BA,UOP01-DEL01-BA
419754,2022-03-10,quinta-feira,17:50:00,SP,116,362,MIRACATU,Chuva,Colisão traseira,Com Vítimas Feridas,Plena Noite,Crescente,Chuva,Dupla,Curva,Não,2,0,1,0,1,0,1,2,"-24,1220177","-47,27047772",SPRF-SP,DEL04-SP,UOP02-DEL04-SP
419761,2022-03-10,quinta-feira,17:15:00,PR,277,"463,5",LARANJEIRAS DO SUL,Velocidade Incompatível,Colisão frontal,Com Vítimas Fatais,Pleno dia,Crescente,Chuva,Simples,Curva;Aclive,Não,5,1,1,0,1,2,1,5,"-25,36682209","-52,46439902",SPRF-PR,DEL04-PR,UOP02-DEL04-PR
419762,2022-03-10,quinta-feira,18:40:00,MT,70,"5,5",BARRA DO GARCAS,Entrada inopinada do pedestre,Atropelamento de Pedestre,Com Vítimas Feridas,Plena Noite,Crescente,Céu Claro,Dupla,Reta,Sim,2,0,1,0,1,0,1,2,"-15,87837763","-52,29921341",SPRF-MT,DEL07-MT,UOP01-DEL07-MT
419763,2022-03-10,quinta-feira,19:25:00,RJ,101,334,RIO DE JANEIRO,Reação tardia ou ineficiente do condutor,Colisão traseira,Com Vítimas Feridas,Plena Noite,Crescente,Céu Claro,Simples,Reta,Sim,2,0,1,0,1,0,1,2,"-22,88517902","-43,21704364",SPRF-RJ,DEL02-RJ,UOP01-DEL02-RJ
419769,2022-03-10,quinta-feira,19:45:00,RS,285,"156,4",MUITOS CAPOES,Reação tardia ou ineficiente do condutor,Colisão frontal,Sem Vítimas,Plena Noite,Crescente,Nublado,Simples,Curva,Não,2,0,0,0,2,0,0,2,"-28,325294","-51,187935",SPRF-RS,DEL05-RS,UOP03-DEL05-RS
419770,2022-03-10,quinta-feira,15:40:00,RJ,101,215,SILVA JARDIM,Transitar na contramão,Colisão frontal,Com Vítimas Fatais,Pleno dia,Decrescente,Sol,Simples,Reta,Não,4,1,0,0,2,1,0,4,"-22,50540682","-42,27365808",SPRF-RJ,DEL02-RJ,UOP03-DEL02-RJ
419771,2022-03-10,quinta-feira,14:48:00,SC,116,"106,2",MONTE CASTELO,Velocidade Incompatível,Colisão lateral sentido oposto,Com Vítimas Fatais,Pleno dia,Decrescente,Sol,Simples,Aclive,Não,4,1,1,0,1,1,1,4,"-26,7545869","-50,3206125",SPRF-SC,DEL06-SC,UOP02-DEL06-SC
419772,2022-03-10,quinta-feira,16:30:00,SC,470,"221,4",SAO CRISTOVAO DO SUL,Velocidade Incompatível,Tombamento,Com Vítimas Feridas,Pleno dia,Decrescente,Nublado,Simples,Curva,Não,2,0,1,0,0,1,1,2,"-27,30785282","-50,23099422",SPRF-SC,DEL05-SC,UOP03-DEL05-SC
419784,2022-03-10,quinta-feira,21:20:00,BA,242,414,SEABRA,Demais falhas mecânicas ou elétricas,Colisão transversal,Com Vítimas Feridas,Plena Noite,Decrescente,Céu Claro,Simples,Reta,Sim,4,0,1,0,2,3,1,6,"-12,427427","-41,77020288",SPRF-BA,DEL06-BA,UOP01-DEL06-BA
419793,2022-03-11,sexta-feira,00:10:00,RS,158,"531,4",SANTANA DO LIVRAMENTO,Condutor Dormindo,Saída de leito carroçável,Com Vítimas Feridas,Plena Noite,Crescente,Nublado,Simples,Reta,Não,3,0,0,1,0,2,1,3,"-30,78384236","-55,17617874",SPRF-RS,DEL11-RS,UOP01-DEL11-RS
419796,2022-03-10,quinta-feira,23:45:00,BA,242,786,BARREIRAS,Reação tardia ou ineficiente do condutor,Colisão traseira,Sem Vítimas,Plena Noite,Crescente,Ignorado,Simples,Reta,Sim,3,0,0,0,2,2,0,4,"-12,13818549","-44,78146696",SPRF-BA,DEL10-BA,UOP01-DEL10-BA
419797,2022-03-10,quinta-feira,23:00:00,RS,392,"87,2",PELOTAS,Declive acentuado,Saída de leito carroçável,Sem Vítimas,Plena Noite,Decrescente,Nublado,Simples,Declive,Não,2,0,0,0,0,2,0,2,"-31,62766","-52,499901",SPRF-RS,DEL07-RS,UOP01-DEL07-RS
419800,2022-03-11,sexta-feira,01:10:00,PR,116,42,CAMPINA GRANDE DO SUL,Mal súbito do condutor,Saída de leito carroçável,Sem Vítimas,Plena Noite,Crescente,Nublado,Dupla,Reta,Não,2,0,0,0,1,1,0,2,"-25,17611697","-48,874256",SPRF-PR,DEL01-PR,UOP02-DEL01-PR
419803,2022-03-11,sexta-feira,01:40:00,BA,324,617,SALVADOR,Ingestão de álcool pelo condutor,Colisão lateral mesmo sentido,Sem Vítimas,Plena Noite,Crescente,Céu Claro,Múltipla,Reta,Sim,3,0,0,0,2,1,0,3,"-12,8860325","-38,43806469",SPRF-BA,DEL01-BA,UOP01-DEL01-BA
419805,2022-03-11,sexta-feira,02:40:00,MG,381,449,SANTA LUZIA,Pedestre andava na pista,Atropelamento de Pedestre,Com Vítimas Feridas,Plena Noite,Crescente,Céu Claro,Simples,Declive;Reta,Sim,2,0,0,1,0,1,1,2,"-19,84164036","-43,86232683",SPRF-MG,DEL01-MG,UOP01-DEL01-MG
419809,2022-03-10,quinta-feira,23:25:00,SC,470,204,PONTE ALTA,Condutor Dormindo,Colisão lateral sentido oposto,Com Vítimas Feridas,Plena Noite,Decrescente,Garoa/Chuvisco,Simples,Reta,Não,5,0,2,0,2,3,2,7,"-27,289373","-50,166328",SPRF-SC,DEL05-SC,UOP03-DEL05-SC
419810,2022-03-11,sexta-feira,05:10:00,MG,251,"510,8",MONTES CLAROS,Velocidade Incompatível,Colisão lateral sentido oposto,Com Vítimas Feridas,Amanhecer,Crescente,Céu Claro,Simples,Reta,Não,3,0,1,0,1,3,1,5,"-16,64567192","-43,70581503",SPRF-MG,DEL12-MG,UOP01-DEL12-MG
419812,2022-03-11,sexta-feira,05:00:00,GO,364,310,MINEIROS,Transitar na contramão,Colisão lateral sentido oposto,Com Vítimas Feridas,Amanhecer,Crescente,Céu Claro,Simples,Reta,Não,3,0,1,0,1,2,1,4,"-17,488049","-52,553318",SPRF-GO,DEL05-GO,UOP01-DEL05-GO
419814,2022-03-11,sexta-feira,00:00:00,MG,262,862,CAMPO FLORIDO,Reação tardia ou ineficiente do condutor,Colisão traseira,Com Vítimas Feridas,Plena Noite,Crescente,Céu Claro,Dupla,Reta,Não,3,0,0,1,1,3,1,5,"-19,78880474","-48,41294808",SPRF-MG,DEL13-MG,UOP01-DEL13-MG
419815,2022-03-11,sexta-feira,05:20:00,PE,408,32,ALIANCA,Transitar na contramão,Colisão frontal,Com Vítimas Fatais,Pleno dia,Crescente,Céu Claro,Dupla,Reta,Não,3,1,0,2,0,0,2,2,"-7,584444","-35,249002",SPRF-PE,DEL01-PE,UOP02-DEL01-PE
419817,2022-03-11,sexta-feira,04:00:00,MG,146,"421,6",MUZAMBINHO,Condutor Dormindo,Colisão traseira,Com Vítimas Feridas,Plena Noite,Crescente,Céu Claro,Simples,Reta,Não,2,0,1,0,1,0,1,2,"-21,356878","-46,507251",SPRF-MG,DEL09-MG,UOP01-DEL09-MG
419819,2022-02-11,sexta-feira,19:50:00,RS,392,67,PELOTAS,Desrespeitar a preferência no cruzamento,Colisão transversal,Com Vítimas Feridas,Plena Noite,Decrescente,Céu Claro,Simples,Rotatória,Sim,4,0,1,1,1,2,2,4,"-31,75709532","-52,39980728",SPRF-RS,DEL07-RS,UOP01-DEL07-RS
419822,2022-03-11,sexta-feira,07:00:00,RN,101,119,SAO JOSE DE MIPIBU,Condutor Dormindo,Capotamento,Com Vítimas Feridas,Pleno dia,Crescente,Céu Claro,Dupla,Reta,Não,3,0,2,0,1,0,2,1,"-6,02496757","-35,2509784",SPRF-RN,DEL01-RN,UOP01-DEL01-RN
419828,2022-03-11,sexta-feira,00:30:00,RN,427,"97,5",CAICO,Animais na Pista,Atropelamento de Animal,Sem Vítimas,Plena Noite,Decrescente,Céu Claro,Simples,Reta,Não,1,0,0,0,1,0,0,1,"-6,47026134","-37,08569175",SPRF-RN,DEL03-RN,UOP01-DEL03-RN
419830,2022-03-11,sexta-feira,05:50:00,MG,262,"715,1",ARAXA,Ausência de reação do condutor,Saída de leito carroçável,Com Vítimas Feridas,Amanhecer,Crescente,Nublado,Simples,Reta,Não,1,0,1,0,0,0,1,1,"-19,6033318","-47,15372484",SPRF-MG,DEL08-MG,UOP01-DEL08-MG
419832,2022-03-10,quinta-feira,17:40:00,MG,116,233,BELO ORIENTE,Reação tardia ou ineficiente do condutor,Colisão frontal,Com Vítimas Feridas,Pleno dia,Crescente,Céu Claro,Simples,Reta,Não,2,0,1,0,1,0,1,2,"-19,3404363","-42,42931366",SPRF-MG,DEL11-MG,UOP01-DEL11-MG
419834,2022-03-11,sexta-feira,07:30:00,DF,20,3,BRASILIA,Acumulo de óleo sobre o pavimento,Colisão traseira,Com Vítimas Feridas,Pleno dia,Crescente,Céu Claro,Dupla,Declive,Sim,4,0,1,0,2,1,1,3,"-15,679851","-47,832211",SPRF-DF,DEL02-DF,UOP01-DEL02-DF
419837,2022-03-11,sexta-feira,08:13:00,RS,386,329,MARQUES DE SOUZA,Transitar na contramão,Colisão frontal,Com Vítimas Fatais,Pleno dia,Crescente,Chuva,Simples,Curva;Declive,Não,4,1,0,1,1,2,1,4,"-29,340688","-52,077851",SPRF-RS,DEL04-RS,UOP01-DEL04-RS
419839,2022-03-11,sexta-feira,07:45:00,MG,381,756,TRES CORACOES,Velocidade Incompatível,Tombamento,Com Vítimas Feridas,Pleno dia,Crescente,Sol,Dupla,Retorno Regulamentado;Curva;Declive,Não,3,0,2,0,0,1,2,2,"-21,672962","-45,336396",SPRF-MG,DEL16-MG,UOP02-DEL16-MG
419840,2022-03-11,sexta-feira,03:40:00,MS,163,735,COXIM,Reação tardia ou ineficiente do condutor,Saída de leito carroçável,Com Vítimas Feridas,Amanhecer,Decrescente,Céu Claro,Simples,Reta,Não,2,0,1,0,0,1,1,2,"-18,46085775","-54,71187148",SPRF-MS,DEL06-MS,UOP01-DEL06-MS
419844,2022-03-11,sexta-feira,04:30:00,MG,381,420,CAETE,Reação tardia ou ineficiente do condutor,Colisão traseira,Com Vítimas Feridas,Plena Noite,Crescente,Nevoeiro/Neblina,Dupla,Reta,Não,4,0,1,1,1,1,2,3,"-19,77712975","-43,65501412",SPRF-MG,DEL01-MG,UOP01-DEL01-MG
419855,2022-03-11,sexta-feira,06:30:00,PR,277,42,MORRETES,Problema com o freio,Colisão lateral mesmo sentido,Sem Vítimas,Pleno dia,Decrescente,Nublado,Dupla,Curva,Não,4,0,0,0,3,6,0,9,"-25,57361239","-48,84469597",SPRF-PR,DEL01-PR,UOP05-DEL01-PR
419860,2022-03-11,sexta-feira,07:45:00,PR,376,"326,3",ORTIGUEIRA,Velocidade Incompatível,Tombamento,Com Vítimas Feridas,Pleno dia,Crescente,Céu Claro,Simples,Curva;Declive,Não,3,0,1,1,0,1,2,3,"-24,09427565","-51,04402976",SPRF-PR,DEL07-PR,UOP02-DEL07-PR
419865,2022-03-11,sexta-feira,07:20:00,RJ,393,179,PARAIBA DO SUL,Manobra de mudança de faixa,Colisão lateral mesmo sentido,Com Vítimas Feridas,Pleno dia,Crescente,Sol,Simples,Reta;Aclive,Não,6,0,3,0,1,2,3,4,"-22,12695355","-43,23512967",SPRF-RJ,DEL05-RJ,UOP03-DEL05-RJ
419869,2022-03-11,sexta-feira,09:00:00,MT,163,826,SINOP,Manobra de mudança de faixa,Colisão transversal,Com Vítimas Fatais,Pleno dia,Decrescente,Céu Claro,Dupla,Retorno Regulamentado,Sim,3,1,0,0,1,2,0,4,"-11,93887475","-55,51556826",SPRF-MT,DEL06-MT,UOP01-DEL06-MT
419882,2022-01-29,sábado,14:30:00,MT,174,471,COMODORO,Demais falhas mecânicas ou elétricas,Derramamento de carga,Com Vítimas Feridas,Pleno dia,Decrescente,Nublado,Simples,Reta,Não,3,0,1,1,0,1,2,2,"-13,78878702","-59,76829013",SPRF-MT,DEL04-MT,UOP01-DEL04-MT
419883,2022-03-11,sexta-feira,09:30:00,ES,262,"185,2",IUNA,Velocidade Incompatível,Tombamento,Com Vítimas Feridas,Pleno dia,Decrescente,Sol,Simples,Curva,Não,2,0,1,0,0,1,1,2,"-20,30124092","-41,70881035",SPRF-ES,DEL01-ES,UOP02-DEL01-ES
419886,2022-03-11,sexta-feira,12:25:00,MG,40,560,NOVA LIMA,Reação tardia ou ineficiente do condutor,Colisão lateral mesmo sentido,Com Vítimas Feridas,Pleno dia,Crescente,Chuva,Dupla,Reta,Não,4,0,3,0,1,0,3,2,"-20,12725188","-43,96512161",SPRF-MG,DEL01-MG,UOP02-DEL01-MG
419887,2022-03-11,sexta-feira,11:30:00,RS,290,145,ELDORADO DO SUL,Acessar a via sem observar a presença dos outros veículos,Colisão transversal,Com Vítimas Feridas,Pleno dia,Decrescente,Chuva,Simples,Reta,Sim,3,0,1,0,1,1,1,3,"-30,100563","-51,656773",SPRF-RS,DEL02-RS,UOP01-DEL02-RS
419888,2022-03-11,sexta-feira,11:45:00,RN,304,"176,1",ANGICOS,Ultrapassagem Indevida,Colisão lateral mesmo sentido,Sem Vítimas,Pleno dia,Crescente,Céu Claro,Simples,Reta,Não,4,0,0,0,2,3,0,5,"-5,68840912","-36,37424401",SPRF-RN,DEL01-RN,UOP03-DEL01-RN
419889,2022-03-11,sexta-feira,10:55:00,PR,277,103,CAMPO LARGO,Ingestão de álcool pelo condutor,Colisão traseira,Sem Vítimas,Pleno dia,Crescente,Céu Claro,Dupla,Reta;Aclive,Não,3,0,0,0,2,2,0,4,"-25,43028589","-49,39677358",SPRF-PR,DEL01-PR,UOP01-DEL01-PR
419890,2022-03-11,sexta-feira,12:10:00,MG,40,"749,1",SANTOS DUMONT,Ausência de reação do condutor,Colisão lateral mesmo sentido,Com Vítimas Feridas,Pleno dia,Decrescente,Céu Claro,Simples,Curva,Não,6,0,2,0,3,2,2,4,"-21,447874","-43,55738803",SPRF-MG,DEL05-MG,UOP01-DEL05-MG
419901,2022-02-11,sexta-feira,09:55:00,PR,163,308,MERCEDES,Ultrapassagem Indevida,Colisão frontal,Com Vítimas Fatais,Pleno dia,Decrescente,Sol,Simples,Curva,Não,4,2,0,1,0,1,1,3,"-24,44371604","-54,16328708",SPRF-PR,DEL06-PR,UOP02-DEL06-PR
419904,2022-03-11,sexta-feira,14:10:00,RN,304,"296,6",MACAIBA,Manobra de mudança de faixa,Atropelamento de Pedestre,Com Vítimas Feridas,Pleno dia,Crescente,Céu Claro,Simples,Aclive,Sim,5,0,1,0,2,2,1,4,"-5,865245","-35,352372",SPRF-RN,DEL01-RN,UOP02-DEL01-RN
419912,2022-03-11,sexta-feira,10:30:00,MG,381,"830,7",SAO SEBASTIAO DA BELA VISTA,Velocidade Incompatível,Colisão traseira,Com Vítimas Feridas,Pleno dia,Decrescente,Céu Claro,Dupla,Reta,Sim,4,0,2,0,1,1,2,3,"-22,13939205","-45,81344194",SPRF-MG,DEL16-MG,UOP01-DEL16-MG
419916,2022-03-11,sexta-feira,10:00:00,RS,290,316,CACAPAVA DO SUL,Carga excessiva e/ou mal acondicionada,Tombamento,Com Vítimas Feridas,Pleno dia,Crescente,Céu Claro,Simples,Interseção de Vias,Não,2,0,1,0,0,1,1,2,"-30,36646265","-53,36251348",SPRF-RS,DEL09-RS,UOP02-DEL09-RS
419917,2022-02-27,domingo,04:55:00,RN,304,293,MACAIBA,Ingestão de álcool pelo condutor,Colisão traseira,Com Vítimas Feridas,Amanhecer,Crescente,Céu Claro,Simples,Reta,Não,2,0,0,1,1,0,1,2,"-5,86846237","-35,37602795",SPRF-RN,DEL01-RN,UOP02-DEL01-RN
419919,2022-03-10,quinta-feira,14:50:00,BA,101,183,CONCEICAO DA FEIRA,Condutor deixou de manter distância do veículo da frente,Colisão traseira,Com Vítimas Feridas,Pleno dia,Crescente,Céu Claro,Simples,Aclive,Não,5,0,4,0,1,0,4,2,"-12,53594197","-38,97745507",SPRF-BA,DEL01-BA,UOP03-DEL01-BA
419921,2022-03-11,sexta-feira,15:00:00,PR,277,75,SAO JOSE DOS PINHAIS,Reação tardia ou ineficiente do condutor,Colisão traseira,Com Vítimas Feridas,Pleno dia,Decrescente,Nublado,Dupla,Viaduto,Sim,3,0,0,1,2,0,1,3,"-25,51327981","-49,12433291",SPRF-PR,DEL01-PR,UOP01-DEL01-PR
419922,2022-03-11,sexta-feira,15:30:00,SE,101,"89,2",NOSSA SENHORA DO SOCORRO,Ingestão de álcool pelo condutor,Colisão traseira,Com Vítimas Feridas,Pleno dia,Decrescente,Nublado,Dupla,Declive,Não,2,0,1,0,1,0,1,2,"-10,88051024","-37,13355535",SPRF-SE,DEL01-SE,UOP01-DEL01-SE
419924,2022-03-11,sexta-feira,15:50:00,ES,101,"245,8",SERRA,Ausência de reação do condutor,Colisão lateral mesmo sentido,Com Vítimas Fatais,Pleno dia,Decrescente,Céu Claro,Simples,Curva,Não,5,1,0,1,1,2,1,4,"-20,05454495","-40,38189997",SPRF-ES,DEL02-ES,UOP01-DEL02-ES
419931,2022-03-11,sexta-feira,10:40:00,SC,116,15,MAFRA,Mal súbito do condutor,Colisão transversal,Com Vítimas Feridas,Pleno dia,Crescente,Céu Claro,Simples,Reta,Não,4,0,1,0,2,1,1,3,"-26,20122513","-49,88054366",SPRF-SC,DEL06-SC,UOP01-DEL06-SC
419932,2022-03-11,sexta-feira,14:15:00,SC,282,526,XAXIM,Transitar na contramão,Colisão frontal,Com Vítimas Feridas,Pleno dia,Crescente,Nublado,Simples,Curva,Não,3,0,1,0,2,0,1,3,"-26,969427","-52,57497",SPRF-SC,DEL07-SC,UOP01-DEL07-SC
419938,2022-03-11,sexta-feira,16:00:00,SC,282,3,FLORIANOPOLIS,Condutor deixou de manter distância do veículo da frente,Colisão traseira,Com Vítimas Feridas,Pleno dia,Crescente,Chuva,Dupla,Reta,Sim,2,0,1,0,1,0,1,2,"-27,600384","-48,599705",SPRF-SC,DEL01-SC,UOP01-DEL01-SC
419946,2022-03-11,sexta-feira,10:31:00,BA,407,"13,3",JUAZEIRO,Transitar na contramão,Colisão frontal,Com Vítimas Fatais,Pleno dia,Decrescente,Céu Claro,Simples,Reta,Não,6,1,3,0,0,2,3,4,"-9,51262117","-40,45959135",SPRF-BA,DEL04-BA,UOP01-DEL04-BA
419948,2022-03-11,sexta-feira,17:50:00,RS,293,15,CAPAO DO LEAO,Condutor deixou de manter distância do veículo da frente,Colisão traseira,Com Vítimas Feridas,Pleno dia,Crescente,Céu Claro,Simples,Reta,Sim,3,0,2,0,0,1,2,2,"-31,75031415","-52,47109583",SPRF-RS,DEL07-RS,UOP01-DEL07-RS
419951,2022-03-11,sexta-feira,17:45:00,RS,470,"163,5",NOVA PRATA,Reação tardia ou ineficiente do condutor,Colisão traseira,Com Vítimas Feridas,Pleno dia,Crescente,Chuva,Simples,Reta,Não,2,0,1,0,1,0,1,2,"-28,8287496","-51,57911897",SPRF-RS,DEL06-RS,UOP02-DEL06-RS
419956,2022-03-11,sexta-feira,18:25:00,RS,290,98,PORTO ALEGRE,Carga excessiva e/ou mal acondicionada,Eventos atípicos,Sem Vítimas,Anoitecer,Decrescente,Nublado,Dupla,Reta,Sim,2,0,0,0,2,0,0,2,"-29,994816","-51,217403",SPRF-RS,DEL01-RS,UOP01-DEL01-RS
419962,2022-03-11,sexta-feira,16:55:00,PR,476,"136,6",CURITIBA,Ausência de reação do condutor,Colisão lateral mesmo sentido,Sem Vítimas,Pleno dia,Crescente,Céu Claro,Múltipla,Reta,Sim,3,0,0,0,2,2,0,4,"-25,491047","-49,271679",SPRF-PR,DEL01-PR,UOP03-DEL01-PR
419967,2022-03-11,sexta-feira,19:20:00,SC,280,"24,2",ARAQUARI,Reação tardia ou ineficiente do condutor,Colisão transversal,Com Vítimas Feridas,Plena Noite,Crescente,Chuva,Simples,Reta,Sim,2,0,1,0,1,0,1,2,"-26,37724921","-48,71953282",SPRF-SC,DEL03-SC,UOP03-DEL03-SC
419969,2022-03-11,sexta-feira,19:10:00,AL,316,"231,4",ATALAIA,Ultrapassagem Indevida,Colisão frontal,Com Vítimas Fatais,Plena Noite,Decrescente,Céu Claro,Simples,Reta,Não,4,1,0,0,2,1,0,4,"-9,49408508","-36,109717",SPRF-AL,DEL01-AL,UOP01-DEL01-AL
419975,2022-03-11,sexta-feira,19:50:00,PR,277,664,MATELANDIA,Reação tardia ou ineficiente do condutor,Tombamento,Com Vítimas Feridas,Plena Noite,Decrescente,Chuva,Dupla,Reta,Não,1,0,1,0,0,0,1,1,"-25,25301037","-54,02857196",SPRF-PR,DEL05-PR,UOP02-DEL05-PR
419979,2022-03-11,sexta-feira,18:15:00,SC,163,"104,5",SAO JOSE DO CEDRO,Ultrapassagem Indevida,Saída de leito carroçável,Com Vítimas Feridas,Anoitecer,Crescente,Chuva,Múltipla,Curva;Declive,Sim,1,0,1,0,0,0,1,1,"-26,45385604","-53,51042064",SPRF-SC,DEL07-SC,UOP03-DEL07-SC
419981,2022-03-11,sexta-feira,12:30:00,GO,452,134,ITUMBIARA,Condutor Dormindo,Colisão frontal,Com Vítimas Fatais,Pleno dia,Crescente,Céu Claro,Simples,Declive,Não,4,2,1,0,0,4,1,6,"-18,21271985","-49,75352883",SPRF-GO,DEL03-GO,UOP02-DEL03-GO