id,data_inversa,dia_semana,horario,uf,br,km,municipio,causa_acidente,tipo_acidente,classificacao_acidente,fase_dia,sentido_via,condicao_metereologica,tipo_pista,tracado_via,uso_solo,pessoas,mortos,feridos_leves,feridos_graves,ilesos,ignorados,feridos,veiculos,latitude,longitude,regional,delegacia,uop
420723,2022-03-15,terça-feira,08:30:00,RJ,116,198,QUEIMADOS,Condutor Dormindo,Derramamento de carga,Sem Vítimas,Pleno dia,Decrescente,Céu Claro,Dupla,Reta,Não,2,0,0,0,1,1,0,2,"-22,72952183","-43,57481597",SPRF-RJ,DEL01-RJ,UOP02-DEL01-RJ
420726,2022-03-15,terça-feira,13:05:00,SP,381,"60,7",MAIRIPORA,Velocidade Incompatível,Colisão traseira,Com Vítimas Feridas,Pleno dia,Crescente,Chuva,Dupla,Curva,Não,4,0,1,0,2,1,1,3,"-23,28957673","-46,58729853",SPRF-SP,DEL03-SP,UOP01-DEL03-SP
420727,2022-03-15,terça-feira,09:00:00,TO,153,272,BRASILANDIA DO TOCANTINS,Reação tardia ou ineficiente do condutor,Colisão traseira,Com Vítimas Feridas,Pleno dia,Crescente,Chuva,Simples,Reta,Sim,3,0,1,0,1,1,1,3,"-8,282475","-48,46929905",SPRF-TO,DEL02-TO,UOP02-DEL02-TO
420732,2022-03-15,terça-feira,09:00:00,PR,116,119,CURITIBA,Manobra de mudança de faixa,Colisão traseira,Com Vítimas Feridas,Pleno dia,Crescente,Nublado,Dupla,Curva,Sim,6,0,3,0,1,2,3,3,"-25,57603894","-49,31255063",SPRF-PR,DEL01-PR,UOP03-DEL01-PR
420735,2022-03-15,terça-feira,10:05:00,TO,153,"137,8",ARAGUAINA,Reação tardia ou ineficiente do condutor,Colisão traseira,Com Vítimas Feridas,Pleno dia,Decrescente,Sol,Dupla,Reta,Sim,5,0,2,0,1,2,2,4,"-7,14630299","-48,20255603",SPRF-TO,DEL02-TO,UOP01-DEL02-TO
420737,2022-03-15,terça-feira,10:20:00,MG,40,275,TRES MARIAS,Acessar a via sem observar a presença dos outros veículos,Colisão lateral mesmo sentido,Com Vítimas Feridas,Pleno dia,Decrescente,Céu Claro,Simples,Declive,Sim,4,0,1,0,2,2,1,4,"-18,19945877","-45,23770577",SPRF-MG,DEL14-MG,UOP02-DEL14-MG
420741,2022-03-15,terça-feira,10:40:00,PE,232,"184,4",BELO JARDIM,Demais falhas mecânicas ou elétricas,Tombamento,Com Vítimas Feridas,Pleno dia,Crescente,Céu Claro,Simples,Reta,Não,1,0,1,0,0,0,1,1,"-8,35118645","-36,46450196",SPRF-PE,DEL02-PE,UOP03-DEL02-PE
420742,2022-03-15,terça-feira,06:30:00,MG,381,"370,1",SAO GONCALO DO RIO ABAIXO,Ausência de reação do condutor,Colisão lateral sentido oposto,Com Vítimas Feridas,Pleno dia,Decrescente,Céu Claro,Simples,Reta,Sim,3,0,1,0,1,1,1,3,"-19,85466268","-43,26124629",SPRF-MG,DEL01-MG,UOP01-DEL01-MG
420744,2022-02-16,quarta-feira,11:00:00,PR,476,"238,3",LAPA,Velocidade Incompatível,Tombamento,Sem Vítimas,Pleno dia,Decrescente,Céu Claro,Simples,Curva;Declive,Não,2,0,0,0,1,2,0,3,"-25,872885","-50,054314",SPRF-PR,DEL02-PR,UOP04-DEL02-PR
420746,2022-03-15,terça-feira,08:00:00,PE,101,"113,3",ESCADA,Demais falhas mecânicas ou elétricas,Incêndio,Sem Vítimas,Pleno dia,Crescente,Sol,Dupla,Reta,Não,2,0,0,0,1,1,0,2,"-8,33107097","-35,12666499",SPRF-PE,DEL01-PE,UOP01-DEL01-PE
420747,2022-03-15,terça-feira,10:30:00,RO,319,62,PORTO VELHO,Reação tardia ou ineficiente do condutor,Colisão lateral mesmo sentido,Com Vítimas Feridas,Pleno dia,Decrescente,Nublado,Múltipla,Reta,Sim,2,0,0,1,1,0,1,2,"-8,766685","-63,884052",SPRF-RO,DEL01-RO,UOP01-DEL01-RO
420753,2022-03-15,terça-feira,12:00:00,RS,386,179,CARAZINHO,Acessar a via sem observar a presença dos outros veículos,Colisão transversal,Com Vítimas Feridas,Pleno dia,Decrescente,Nublado,Simples,Interseção de Vias,Não,4,0,1,0,2,2,1,4,"-28,295532","-52,753395",SPRF-RS,DEL08-RS,UOP01-DEL08-RS
420757,2022-03-15,terça-feira,12:40:00,PR,476,"148,7",CURITIBA,Trafegar com motocicleta (ou similar) entre as faixas,Colisão lateral mesmo sentido,Com Vítimas Feridas,Pleno dia,Crescente,Nublado,Dupla,Reta,Sim,3,0,1,0,1,1,1,3,"-25,557121","-49,348732",SPRF-PR,DEL01-PR,UOP03-DEL01-PR
420758,2022-03-15,terça-feira,12:40:00,MG,40,"525,9",CONTAGEM,Estacionar ou parar em local proibido,Colisão traseira,Com Vítimas Feridas,Pleno dia,Crescente,Nublado,Simples,Reta;Declive,Não,2,0,1,0,1,0,1,2,"-19,88361702","-44,05039336",SPRF-MG,DEL01-MG,UOP02-DEL01-MG
420763,2022-03-15,terça-feira,08:45:00,MT,163,"570,7",NOVA MUTUM,Pista Escorregadia,Tombamento,Com Vítimas Feridas,Pleno dia,Crescente,Chuva,Simples,Reta,Não,1,0,1,0,0,0,1,1,"-14,1359098","-56,10580444",SPRF-MT,DEL01-MT,UOP01-DEL01-MT
420769,2022-03-15,terça-feira,13:00:00,MA,135,480,PARAIBANO,Condutor deixou de manter distância do veículo da frente,Tombamento,Sem Vítimas,Pleno dia,Crescente,Céu Claro,Simples,Reta,Não,2,0,0,0,1,1,0,2,"-6,30225415","-43,97783831",SPRF-MA,DEL05-MA,UOP01-DEL05-MA
420772,2022-03-15,terça-feira,10:15:00,SC,470,68,INDAIAL,Acessar a via sem observar a presença dos outros veículos,Colisão transversal,Com Vítimas Feridas,Pleno dia,Crescente,Sol,Simples,Reta,Sim,3,0,1,0,1,2,1,4,"-26,877615","-49,239231",SPRF-SC,DEL04-SC,UOP01-DEL04-SC
420790,2022-03-15,terça-feira,16:05:00,RS,386,"338,5",LAJEADO,Ingestão de álcool e/ou substâncias psicoativas pelo pedestre,Colisão frontal,Sem Vítimas,Pleno dia,Crescente,Sol,Simples,Reta,Não,2,0,0,0,2,0,0,2,"-29,404047","-52,036518",SPRF-RS,DEL04-RS,UOP01-DEL04-RS
420791,2022-03-15,terça-feira,15:30:00,DF,20,17,BRASILIA,Velocidade Incompatível,Colisão traseira,Sem Vítimas,Pleno dia,Crescente,Chuva,Dupla,Declive,Não,3,0,0,0,2,1,0,3,"-15,621374","-47,71698",SPRF-DF,DEL02-DF,UOP01-DEL02-DF
420794,2022-03-15,terça-feira,15:40:00,MS,163,181,JUTI,Acessar a via sem observar a presença dos outros veículos,Colisão transversal,Com Vítimas Feridas,Pleno dia,Decrescente,Céu Claro,Simples,Reta,Não,3,0,1,1,1,0,2,3,"-22,82799837","-54,6870281",SPRF-MS,DEL09-MS,UOP01-DEL09-MS
420795,2022-03-15,terça-feira,15:40:00,GO,60,99,ANAPOLIS,Carga excessiva e/ou mal acondicionada,Tombamento,Sem Vítimas,Pleno dia,Crescente,Céu Claro,Simples,Rotatória,Sim,2,0,0,0,1,1,0,2,"-16,3924","-48,9588",SPRF-GO,DEL02-GO,UOP01-DEL02-GO
420798,2022-03-15,terça-feira,16:15:00,PB,361,"6,4",PATOS,Condutor deixou de manter distância do veículo da frente,Colisão traseira,Sem Vítimas,Pleno dia,Crescente,Sol,Simples,Reta,Sim,2,0,0,0,2,0,0,2,"-7,03594312","-37,31112598",SPRF-PB,DEL03-PB,UOP01-DEL03-PB
420802,2022-03-15,terça-feira,17:30:00,ES,101,211,IBIRACU,Condutor deixou de manter distância do veículo da frente,Colisão traseira,Com Vítimas Feridas,Anoitecer,Crescente,Nublado,Simples,Reta,Não,3,0,1,0,1,1,1,3,"-19,80700903","-40,36767233",SPRF-ES,DEL02-ES,UOP01-DEL02-ES
420807,2022-03-15,terça-feira,17:00:00,BA,101,"895,9",CARAVELAS,Velocidade Incompatível,Saída de leito carroçável,Com Vítimas Feridas,Pleno dia,Crescente,Nublado,Simples,Curva,Não,2,0,1,0,0,1,1,2,"-17,692437","-39,77479935",SPRF-BA,DEL09-BA,UOP02-DEL09-BA
420817,2022-03-15,terça-feira,17:30:00,SC,282,"510,8",XANXERE,Chuva,Colisão traseira,Com Vítimas Feridas,Anoitecer,Crescente,Chuva,Simples,Curva,Não,3,0,1,0,2,0,1,2,"-26,897114","-52,463585",SPRF-SC,DEL07-SC,UOP01-DEL07-SC
420819,2022-03-15,terça-feira,17:30:00,BA,116,736,BOA NOVA,Velocidade Incompatível,Capotamento,Com Vítimas Feridas,Anoitecer,Decrescente,Céu Claro,Simples,Curva,Não,2,0,2,0,0,0,2,1,"-14,32130297","-40,32617043",SPRF-BA,DEL08-BA,UOP02-DEL08-BA
420822,2022-03-15,terça-feira,18:45:00,RJ,116,27,SAPUCAIA,Problema com o freio,Colisão traseira,Com Vítimas Feridas,Plena Noite,Decrescente,Céu Claro,Simples,Declive,Não,2,0,1,0,1,0,1,2,"-22,065676","-42,795647",SPRF-RJ,DEL05-RJ,UOP01-DEL05-RJ
420833,2022-03-15,terça-feira,19:30:00,PR,277,63,SAO JOSE DOS PINHAIS,Retorno proibido,Colisão traseira,Com Vítimas Feridas,Plena Noite,Crescente,Chuva,Dupla,Reta,Sim,5,0,3,0,1,3,3,5,"-25,56100984","-49,01719293",SPRF-PR,DEL01-PR,UOP01-DEL01-PR
420835,2022-03-15,terça-feira,17:35:00,RO,364,686,CANDEIAS DO JAMARI,Ultrapassagem Indevida,Tombamento,Com Vítimas Feridas,Pleno dia,Decrescente,Céu Claro,Simples,Reta,Não,3,0,0,1,1,1,1,3,"-8,79143928","-63,64204697",SPRF-RO,DEL01-RO,UOP01-DEL01-RO
420839,2022-03-15,terça-feira,17:55:00,SC,470,"111,2",IBIRAMA,Velocidade Incompatível,Colisão lateral sentido oposto,Com Vítimas Feridas,Amanhecer,Crescente,Chuva,Simples,Curva,Não,3,0,1,1,0,1,2,3,"-27,095388","-49,457878",SPRF-SC,DEL04-SC,UOP02-DEL04-SC
420840,2022-03-15,terça-feira,16:35:00,SC,282,"644,2",SAO MIGUEL DO OESTE,Reação tardia ou ineficiente do condutor,Saída de leito carroçável,Com Vítimas Feridas,Pleno dia,Crescente,Céu Claro,Simples,Declive,Não,1,0,1,0,0,0,1,1,"-26,7664184","-53,48291516",SPRF-SC,DEL07-SC,UOP03-DEL07-SC
420843,2022-03-15,terça-feira,21:10:00,BA,101,841,TEIXEIRA DE FREITAS,Velocidade Incompatível,Colisão frontal,Com Vítimas Feridas,Plena Noite,Crescente,Céu Claro,Simples,Curva,Não,3,0,1,0,1,1,1,3,"-17,44478792","-39,69338817",SPRF-BA,DEL09-BA,UOP02-DEL09-BA
420854,2022-03-15,terça-feira,20:25:00,MG,50,"185,3",UBERABA,Condutor Dormindo,Colisão traseira,Com Vítimas Feridas,Plena Noite,Decrescente,Céu Claro,Dupla,Reta,Sim,3,0,0,1,1,2,1,4,"-19,818794","-47,894648",SPRF-MG,DEL13-MG,UOP01-DEL13-MG
420857,2022-03-15,terça-feira,23:00:00,SP,116,"58,8",GUARATINGUETA,Condutor deixou de manter distância do veículo da frente,Colisão traseira,Com Vítimas Feridas,Plena Noite,Decrescente,Garoa/Chuvisco,Dupla,Reta;Declive,Não,4,0,2,0,1,1,2,3,"-22,78005511","-45,14572791",SPRF-SP,DEL08-SP,UOP01-DEL08-SP
420858,2022-03-15,terça-feira,20:50:00,MT,158,578,AGUA BOA,Condutor deixou de manter distância do veículo da frente,Colisão traseira,Com Vítimas Feridas,Plena Noite,Crescente,Céu Claro,Simples,Reta,Não,3,0,2,0,0,2,2,4,"-14,13004291","-52,19589907",SPRF-MT,DEL07-MT,UOP02-DEL07-MT
420861,2022-03-15,terça-feira,23:20:00,SP,381,"18,8",BRAGANCA PAULISTA,Reação tardia ou ineficiente do condutor,Colisão lateral mesmo sentido,Com Vítimas Fatais,Plena Noite,Decrescente,Nublado,Dupla,Reta,Não,3,2,0,0,0,1,0,2,"-22,9746091","-46,48838277",SPRF-SP,DEL03-SP,UOP01-DEL03-SP
420862,2022-03-16,quarta-feira,01:15:00,BA,101,"670,8",ITAPEBI,Pedestre andava na pista,Atropelamento de Pedestre,Com Vítimas Fatais,Plena Noite,Decrescente,Céu Claro,Simples,Reta,Não,3,1,0,0,1,1,0,3,"-16,00687588","-39,59472656",SPRF-BA,DEL09-BA,UOP01-DEL09-BA
420863,2022-03-16,quarta-feira,01:35:00,MS,163,284,DOURADOS,Reação tardia ou ineficiente do condutor,Colisão traseira,Com Vítimas Feridas,Plena Noite,Decrescente,Ignorado,Simples,Reta,Sim,3,0,1,0,1,1,1,3,"-22,11453367","-54,58973426",SPRF-MS,DEL04-MS,UOP01-DEL04-MS
420869,2022-03-16,quarta-feira,02:40:00,RJ,101,127,CONCEICAO DE MACABU,Reação tardia ou ineficiente do condutor,Tombamento,Com Vítimas Feridas,Plena Noite,Decrescente,Céu Claro,Dupla,Reta,Não,2,0,1,0,0,1,1,2,"-22,08444998","-41,68863712",SPRF-RJ,DEL08-RJ,UOP04-DEL08-RJ
420873,2022-03-16,quarta-feira,05:20:00,RN,226,"133,1",CAMPO REDONDO,Demais falhas mecânicas ou elétricas,Incêndio,Sem Vítimas,Amanhecer,Crescente,Céu Claro,Simples,Reta,Não,2,0,0,0,1,1,0,2,"-6,21832723","-36,1674298",SPRF-RN,DEL03-RN,UOP02-DEL03-RN
420888,2022-03-16,quarta-feira,03:00:00,SC,153,"0,4",AGUA DOCE,Acumulo de água sobre o pavimento,Saída de leito carroçável,Com Vítimas Feridas,Plena Noite,Decrescente,Chuva,Simples,Curva,Não,2,0,2,0,0,0,2,1,"-26,61054","-51,485115",SPRF-SC,DEL07-SC,UOP05-DEL07-SC
420895,2022-03-16,quarta-feira,07:00:00,AL,104,74,MESSIAS,Curva acentuada,Tombamento,Sem Vítimas,Pleno dia,Crescente,Céu Claro,Simples,Curva,Não,2,0,0,0,1,1,0,2,"-9,36848946","-35,83129227",SPRF-AL,DEL01-AL,UOP02-DEL01-AL
420898,2022-03-16,quarta-feira,05:15:00,SP,116,545,BARRA DO TURVO,Pista Escorregadia,Colisão com objeto,Com Vítimas Feridas,Amanhecer,Crescente,Garoa/Chuvisco,Simples,Curva,Não,2,0,1,0,1,0,1,1,"-24,95016699","-48,42400302",SPRF-SP,DEL05-SP,UOP02-DEL05-SP
420899,2022-03-13,domingo,06:30:00,BA,101,841,VEREDA,Reação tardia ou ineficiente do condutor,Capotamento,Com Vítimas Feridas,Amanhecer,Decrescente,Céu Claro,Simples,Declive;Curva,Não,2,0,1,0,0,2,1,3,"-17,251803","-39,627577",SPRF-BA,DEL09-BA,UOP02-DEL09-BA
420903,2022-03-16,quarta-feira,08:00:00,PR,116,67,CAMPINA GRANDE DO SUL,Ausência de reação do condutor,Colisão traseira,Com Vítimas Feridas,Pleno dia,Decrescente,Garoa/Chuvisco,Dupla,Reta,Não,3,0,1,0,1,1,1,3,"-25,31679789","-49,01854527",SPRF-PR,DEL01-PR,UOP02-DEL01-PR
420905,2022-03-16,quarta-feira,08:50:00,SE,235,"3,3",ARACAJU,Velocidade Incompatível,Saída de leito carroçável,Com Vítimas Feridas,Pleno dia,Decrescente,Chuva,Dupla,Reta,Sim,3,0,1,0,1,1,1,2,"-10,9059","-37,111",SPRF-SE,DEL01-SE,UOP01-DEL01-SE
420910,2022-03-16,quarta-feira,07:30:00,MT,163,"99,5",RONDONOPOLIS,Avarias e/ou desgaste excessivo no pneu,Tombamento,Com Vítimas Feridas,Pleno dia,Crescente,Céu Claro,Dupla,Reta,Não,2,0,1,0,0,1,1,2,"-16,66880219","-54,67722836",SPRF-MT,DEL02-MT,UOP01-DEL02-MT
420912,2022-03-16,quarta-feira,09:25:00,MG,356,"276,6",EUGENOPOLIS,Velocidade Incompatível,Tombamento,Com Vítimas Feridas,Pleno dia,Crescente,Sol,Simples,Curva,Não,2,0,0,1,0,1,1,2,"-21,1259893","-42,27931031",SPRF-MG,DEL07-MG,UOP02-DEL07-MG
420914,2022-03-16,quarta-feira,09:20:00,BA,242,715,CRISTOPOLIS,Pista Escorregadia,Tombamento,Sem Vítimas,Pleno dia,Crescente,Nublado,Simples,Reta,Não,2,0,0,0,1,3,0,4,"-12,22241559","-44,133708",SPRF-BA,DEL10-BA,UOP02-DEL10-BA
420915,2022-03-16,quarta-feira,08:50:00,SP,116,283,EMBU DAS ARTES,Reação tardia ou ineficiente do condutor,Queda de ocupante de veículo,Com Vítimas Feridas,Pleno dia,Decrescente,Céu Claro,Dupla,Reta,Sim,5,0,3,0,1,2,3,5,"-23,69297005","-46,86352786",SPRF-SP,DEL04-SP,UOP01-DEL04-SP
420918,2022-01-22,sábado,11:30:00,MG,267,"28,1",ARGIRITA,Problema com o freio,Tombamento,Com Vítimas Feridas,Pleno dia,Decrescente,Céu Claro,Simples,Curva,Não,3,0,2,0,0,1,2,2,"-21,62799078","-42,83040926",SPRF-MG,DEL07-MG,UOP01-DEL07-MG
420921,2022-03-16,quarta-feira,07:45:00,RO,364,15,VILHENA,Acessar a via sem observar a presença dos outros veículos,Colisão transversal,Com Vítimas Feridas,Pleno dia,Crescente,Céu Claro,Simples,Reta,Sim,2,0,1,0,1,0,1,2,"-12,73672751","-60,14804088",SPRF-RO,DEL04-RO,UOP01-DEL04-RO
420922,2022-02-08,terça-feira,21:10:00,SP,116,332,JUQUITIBA,Ausência de reação do condutor,Saída de leito carroçável,Com Vítimas Feridas,Plena Noite,Decrescente,Nublado,Dupla,Reta,Não,2,0,1,0,0,1,1,2,"-23,95597045","-47,1100868",SPRF-SP,DEL04-SP,UOP01-DEL04-SP
420928,2022-03-16,quarta-feira,07:15:00,SC,470,178,POUSO REDONDO,Ausência de reação do condutor,Colisão lateral sentido oposto,Sem Vítimas,Pleno dia,Crescente,Nublado,Simples,Reta,Não,3,0,0,0,2,1,0,3,"-27,248392","-49,967083",SPRF-SC,DEL04-SC,UOP02-DEL04-SC
420930,2022-03-16,quarta-feira,11:10:00,PR,116,33,CAMPINA GRANDE DO SUL,Reação tardia ou ineficiente do condutor,Tombamento,Sem Vítimas,Pleno dia,Decrescente,Garoa/Chuvisco,Dupla,Curva;Aclive,Não,3,0,0,0,2,3,0,4,"-25,1068163","-48,8493208",SPRF-PR,DEL01-PR,UOP02-DEL01-PR
420933,2022-03-16,quarta-feira,09:47:00,MG,381,"230,2",BELO ORIENTE,Condutor deixou de manter distância do veículo da frente,Engavetamento,Com Vítimas Feridas,Pleno dia,Decrescente,Céu Claro,Simples,Reta,Não,7,0,1,0,5,1,1,5,"-19,35985811","-42,43772995",SPRF-MG,DEL06-MG,UOP01-DEL06-MG
420934,2022-03-16,quarta-feira,10:00:00,RJ,40,94,DUQUE DE CAXIAS,Condutor deixou de manter distância do veículo da frente,Colisão lateral mesmo sentido,Com Vítimas Feridas,Pleno dia,Decrescente,Céu Claro,Simples,Curva,Não,3,0,1,0,2,0,1,2,"-22,57431007","-43,25995445",SPRF-RJ,DEL01-RJ,UOP01-DEL01-RJ
420943,2022-03-16,quarta-feira,11:30:00,RJ,101,282,ITABORAI,Mal súbito do condutor,Colisão com objeto,Sem Vítimas,Pleno dia,Crescente,Céu Claro,Dupla,Viaduto,Não,2,0,0,0,1,1,0,2,"-22,7371391","-42,79664601",SPRF-RJ,DEL02-RJ,UOP03-DEL02-RJ
420947,2022-03-16,quarta-feira,09:50:00,RO,364,"415,8",JARU,Pista esburacada,Capotamento,Com Vítimas Feridas,Pleno dia,Crescente,Céu Claro,Simples,Reta,Não,1,0,1,0,0,0,1,1,"-10,50318569","-62,41426582",SPRF-RO,DEL03-RO,UOP02-DEL03-RO
420948,2022-03-16,quarta-feira,14:00:00,SP,116,217,GUARULHOS,Pedestre andava na pista,Atropelamento de Pedestre,Sem Vítimas,Pleno dia,Decrescente,Chuva,Dupla,Reta,Sim,3,0,0,0,1,2,0,3,"-23,45423824","-46,47119028",SPRF-SP,DEL01-SP,UOP01-DEL01-SP
420951,2022-03-16,quarta-feira,11:30:00,RO,319,60,PORTO VELHO,Ultrapassagem Indevida,Colisão lateral mesmo sentido,Sem Vítimas,Pleno dia,Crescente,Céu Claro,Dupla,Rotatória,Sim,2,0,0,0,2,0,0,2,"-8,74004271","-63,89046729",SPRF-RO,DEL01-RO,UOP01-DEL01-RO
420952,2022-03-16,quarta-feira,10:30:00,TO,153,268,BRASILANDIA DO TOCANTINS,Manobra de mudança de faixa,Colisão lateral sentido oposto,Com Vítimas Feridas,Pleno dia,Decrescente,Sol,Simples,Reta;Aclive,Não,3,0,1,0,1,1,1,3,"-8,24552602","-48,46636183",SPRF-TO,DEL02-TO,UOP02-DEL02-TO
420958,2022-03-16,quarta-feira,11:25:00,RO,319,64,PORTO VELHO,Condutor desrespeitou a iluminação vermelha do semáforo,Colisão transversal,Com Vítimas Feridas,Pleno dia,Decrescente,Céu Claro,Dupla,Reta,Sim,4,0,1,0,1,3,1,5,"-8,766685","-63,884052",SPRF-RO,DEL01-RO,UOP01-DEL01-RO
420961,2022-02-28,segunda-feira,10:20:00,SC,101,"42,4",JOINVILLE,Acessar a via sem observar a presença dos outros veículos,Colisão lateral mesmo sentido,Com Vítimas Fatais,Pleno dia,Decrescente,Sol,Dupla,Reta,Sim,3,1,0,0,1,1,0,3,"-26,32717208","-48,86467695",SPRF-SC,DEL03-SC,UOP01-DEL03-SC
420962,2022-03-16,quarta-feira,15:15:00,SP,116,108,TAUBATE,Reação tardia ou ineficiente do condutor,Saída de leito carroçável,Com Vítimas Feridas,Pleno dia,Decrescente,Céu Claro,Dupla,Reta,Sim,2,0,0,1,0,1,1,2,"-23,0233097","-45,53763622",SPRF-SP,DEL08-SP,UOP01-DEL08-SP
420969,2022-03-16,quarta-feira,13:30:00,MT,70,"79,5",GENERAL CARNEIRO,Problema na suspensão,Saída de leito carroçável,Sem Vítimas,Pleno dia,Decrescente,Céu Claro,Simples,Reta,Não,2,0,0,0,1,1,0,2,"-15,65540614","-52,80336031",SPRF-MT,DEL07-MT,UOP01-DEL07-MT
420971,2022-03-02,quarta-feira,14:25:00,MG,116,"305,3",ITAMBACURI,Problema com o freio,Saída de leito carroçável,Com Vítimas Feridas,Pleno dia,Crescente,Céu Claro,Simples,Curva,Não,3,0,1,0,1,1,1,3,"-18,03188584","-41,65290534",SPRF-MG,DEL11-MG,UOP01-DEL11-MG
420972,2022-03-12,sábado,08:50:00,MS,163,671,RIO VERDE DE MATO GROSSO,Ausência de reação do condutor,Saída de leito carroçável,Com Vítimas Feridas,Pleno dia,Crescente,Nublado,Simples,Curva,Não,2,0,1,0,0,2,1,3,"-18,99920001","-54,83388816",SPRF-MS,DEL06-MS,UOP02-DEL06-MS
420973,2022-03-06,domingo,18:45:00,MS,262,165,RIBAS DO RIO PARDO,Ingestão de álcool pelo condutor,Saída de leito carroçável,Sem Vítimas,Anoitecer,Crescente,Céu Claro,Simples,Declive;Reta,Não,2,0,0,0,1,1,0,2,"-20,44224945","-53,0717691",SPRF-MS,DEL07-MS,UOP02-DEL07-MS
420979,2022-03-16,quarta-feira,12:45:00,PR,116,25,CAMPINA GRANDE DO SUL,Curva acentuada,Tombamento,Com Vítimas Feridas,Pleno dia,Decrescente,Garoa/Chuvisco,Dupla,Declive;Curva,Não,2,0,0,1,0,1,1,2,"-25,10784511","-48,77548601",SPRF-PR,DEL01-PR,UOP02-DEL01-PR
420984,2022-03-16,quarta-feira,17:30:00,RS,386,"431,7",NOVA SANTA RITA,Condutor deixou de manter distância do veículo da frente,Colisão traseira,Com Vítimas Feridas,Pleno dia,Crescente,Céu Claro,Simples,Reta,Não,10,0,6,1,1,2,7,4,"-29,833067","-51,313625",SPRF-RS,DEL04-RS,UOP02-DEL04-RS
420987,2022-03-16,quarta-feira,15:50:00,MT,364,54,ALTO GARCAS,Ingestão de álcool pelo condutor,Saída de leito carroçável,Com Vítimas Feridas,Pleno dia,Crescente,Céu Claro,Simples,Declive;Curva,Não,2,0,1,0,0,2,1,3,"-16,96784811","-53,51825717",SPRF-MT,DEL02-MT,UOP02-DEL02-MT
420991,2022-03-16,quarta-feira,16:00:00,MG,50,56,UBERLANDIA,Reação tardia ou ineficiente do condutor,Colisão com objeto,Com Vítimas Feridas,Pleno dia,Decrescente,Céu Claro,Dupla,Curva,Não,2,0,0,1,0,1,1,2,"-18,78116115","-48,23825717",SPRF-MG,DEL15-MG,UOP02-DEL15-MG
420993,2022-03-16,quarta-feira,19:10:00,GO,153,"500,9",GOIANIA,Reação tardia ou ineficiente do condutor,Queda de ocupante de veículo,Com Vítimas Feridas,Plena Noite,Crescente,Céu Claro,Dupla,Reta,Sim,2,0,1,0,0,1,1,2,"-16,7118","-49,2324",SPRF-GO,DEL01-GO,UOP01-DEL01-GO
421003,2022-03-16,quarta-feira,20:15:00,MG,40,"490,5",ESMERALDAS,Demais falhas mecânicas ou elétricas,Incêndio,Sem Vítimas,Plena Noite,Decrescente,Céu Claro,Dupla,Aclive,Não,2,0,0,0,1,1,0,2,"-19,61998768","-44,20673771",SPRF-MG,DEL02-MG,UOP01-DEL02-MG
421005,2022-03-16,quarta-feira,17:10:00,GO,364,18,SAO SIMAO,Acessar a via sem observar a presença dos outros veículos,Colisão lateral mesmo sentido,Sem Vítimas,Anoitecer,Crescente,Céu Claro,Simples,Interseção de Vias,Não,2,0,0,0,1,1,0,2,"-18,943693","-50,635265",SPRF-GO,DEL05-GO,UOP02-DEL05-GO
421008,2022-03-16,quarta-feira,18:30:00,RJ,40,93,DUQUE DE CAXIAS,Falta de acostamento,Atropelamento de Pedestre,Com Vítimas Feridas,Plena Noite,Decrescente,Céu Claro,Simples,Reta,Sim,2,0,0,1,1,0,1,2,"-22,5653342","-43,23946238",SPRF-RJ,DEL06-RJ,UOP01-DEL06-RJ
421011,2022-03-16,quarta-feira,20:30:00,BA,135,32,FORMOSA DO RIO PRETO,Velocidade Incompatível,Saída de leito carroçável,Com Vítimas Feridas,Plena Noite,Crescente,Chuva,Simples,Declive,Não,2,0,0,2,0,0,2,1,"-11,07659417","-45,15852906",SPRF-BA,DEL10-BA,UOP01-DEL10-BA
421012,2022-03-16,quarta-feira,18:00:00,MS,158,48,PARANAIBA,Velocidade Incompatível,Colisão com objeto,Com Vítimas Feridas,Anoitecer,Crescente,Sol,Simples,Curva,Não,2,0,1,0,0,1,1,2,"-19,36263698","-51,45139383",SPRF-MS,DEL08-MS,UOP01-DEL08-MS
421017,2022-03-16,quarta-feira,20:15:00,PR,277,300,PRUDENTOPOLIS,Condutor deixou de manter distância do veículo da frente,Colisão traseira,Com Vítimas Feridas,Plena Noite,Decrescente,Nublado,Simples,Reta,Não,5,0,1,1,1,3,2,5,"-25,31084217","-51,09699901",SPRF-PR,DEL08-PR,UOP01-DEL08-PR
421021,2022-03-16,quarta-feira,17:30:00,MG,50,"54,7",ARAGUARI,Obstrução na via,Saída de leito carroçável,Sem Vítimas,Pleno dia,Crescente,Céu Claro,Dupla,Curva;Declive,Não,3,0,0,0,0,3,0,3,"-18,77079","-48,24538708",SPRF-MG,DEL15-MG,UOP02-DEL15-MG
421024,2022-03-16,quarta-feira,19:50:00,MG,50,54,ARAGUARI,Problema com o freio,Colisão traseira,Com Vítimas Feridas,Plena Noite,Crescente,Céu Claro,Dupla,Curva,Não,4,0,0,1,2,3,1,6,"-18,76664393","-48,24409132",SPRF-MG,DEL15-MG,UOP02-DEL15-MG