id,data_inversa,dia_semana,horario,uf,br,km,municipio,causa_acidente,tipo_acidente,classificacao_acidente,fase_dia,sentido_via,condicao_metereologica,tipo_pista,tracado_via,uso_solo,pessoas,mortos,feridos_leves,feridos_graves,ilesos,ignorados,feridos,veiculos,latitude,longitude,regional,delegacia,uop
421025,2022-03-16,quarta-feira,18:10:00,PR,476,100,COLOMBO,Velocidade Incompatível,Tombamento,Com Vítimas Feridas,Anoitecer,Crescente,Garoa/Chuvisco,Simples,Declive;Curva,Não,1,0,1,0,0,0,1,1,"-25,249336","-49,139526",SPRF-PR,DEL01-PR,UOP02-DEL01-PR
421027,2022-03-16,quarta-feira,20:00:00,MS,262,656,MIRANDA,Demais falhas mecânicas ou elétricas,Incêndio,Sem Vítimas,Plena Noite,Crescente,Céu Claro,Simples,Reta,Não,2,0,0,0,1,2,0,3,"-19,67445125","-57,01246167",SPRF-MS,DEL03-MS,UOP02-DEL03-MS
421028,2022-03-16,quarta-feira,23:45:00,ES,101,"66,8",SAO MATEUS,Condutor Dormindo,Atropelamento de Pedestre,Com Vítimas Feridas,Plena Noite,Crescente,Nublado,Simples,Reta,Sim,3,0,1,1,1,0,2,3,"-18,7165195","-39,87436378",SPRF-ES,DEL04-ES,UOP02-DEL04-ES
421033,2022-03-17,quinta-feira,00:30:00,ES,101,167,LINHARES,Ausência de reação do condutor,Colisão lateral sentido oposto,Sem Vítimas,Plena Noite,Decrescente,Céu Claro,Simples,Reta,Não,2,0,0,0,2,0,0,2,"-19,52734804","-40,15218496",SPRF-ES,DEL04-ES,UOP01-DEL04-ES
421034,2022-03-16,quarta-feira,22:30:00,MG,365,"591,8",INDIANOPOLIS,Demais falhas mecânicas ou elétricas,Eventos atípicos,Com Vítimas Feridas,Plena Noite,Crescente,Céu Claro,Simples,Reta;Declive,Não,2,0,0,1,1,0,1,1,"-18,8814331","-48,05229199",SPRF-MG,DEL15-MG,UOP02-DEL15-MG
421035,2022-03-16,quarta-feira,23:30:00,RO,364,"210,5",PIMENTA BUENO,Velocidade Incompatível,Colisão frontal,Com Vítimas Feridas,Plena Noite,Decrescente,Nublado,Simples,Reta,Não,4,0,1,1,2,0,2,3,"-11,58979505","-61,25372502",SPRF-RO,DEL02-RO,UOP02-DEL02-RO
421036,2022-03-16,quarta-feira,17:00:00,PB,104,"101,8",ESPERANCA,Demais falhas mecânicas ou elétricas,Colisão com objeto,Com Vítimas Feridas,Anoitecer,Crescente,Céu Claro,Simples,Reta,Não,2,0,1,0,1,0,1,1,"-7,053754","-35,854309",SPRF-PB,DEL02-PB,UOP04-DEL02-PB
421043,2022-03-17,quinta-feira,03:55:00,ES,101,"249,9",SERRA,Condutor Dormindo,Saída de leito carroçável,Com Vítimas Feridas,Plena Noite,Crescente,Nublado,Múltipla,Curva,Não,2,0,1,0,0,1,1,2,"-20,07371936","-40,35345531",SPRF-ES,DEL02-ES,UOP01-DEL02-ES
421044,2022-03-17,quinta-feira,04:00:00,BA,407,5,JUAZEIRO,Demais falhas mecânicas ou elétricas,Incêndio,Sem Vítimas,Plena Noite,Crescente,Céu Claro,Simples,Reta,Sim,2,0,0,0,1,1,0,2,"-9,44778544","-40,49043801",SPRF-PE,DEL06-PE,UOP01-DEL06-PE
421045,2022-03-16,quarta-feira,19:40:00,CE,116,"232,4",ALTO SANTO,Problema na suspensão,Colisão com objeto,Sem Vítimas,Plena Noite,Crescente,Céu Claro,Simples,Reta,Não,3,0,0,0,2,1,0,3,"-5,41109825","-38,26314994",SPRF-CE,DEL03-CE,UOP01-DEL03-CE
421046,2022-03-17,quinta-feira,05:00:00,PE,101,54,PAULISTA,Reação tardia ou ineficiente do condutor,Colisão com objeto,Com Vítimas Feridas,Amanhecer,Decrescente,Céu Claro,Múltipla,Reta,Sim,4,0,0,1,1,2,1,4,"-7,93961103","-34,90356584",SPRF-PE,DEL01-PE,UOP02-DEL01-PE
421047,2022-03-17,quinta-feira,06:00:00,PE,232,97,BEZERROS,Ausência de reação do condutor,Colisão transversal,Sem Vítimas,Pleno dia,Crescente,Sol,Dupla,Curva,Não,2,0,0,0,2,0,0,2,"-8,23516963","-35,72468519",SPRF-PE,DEL02-PE,UOP02-DEL02PE
421062,2022-03-17,quinta-feira,07:12:00,MS,163,"672,5",RIO VERDE DE MATO GROSSO,Transitar na contramão,Colisão lateral sentido oposto,Com Vítimas Feridas,Pleno dia,Crescente,Céu Claro,Simples,Aclive,Não,3,0,1,0,1,1,1,3,"-19,00660074","-54,82879968",SPRF-MS,DEL06-MS,UOP02-DEL06-MS
421066,2022-03-17,quinta-feira,06:30:00,BA,242,416,SEABRA,Problema com o freio,Colisão traseira,Com Vítimas Feridas,Pleno dia,Decrescente,Céu Claro,Simples,Declive,Sim,8,0,5,1,1,2,6,4,"-12,42981176","-41,78832603",SPRF-BA,DEL06-BA,UOP01-DEL06-BA
421071,2022-03-17,quinta-feira,07:50:00,RO,364,"239,1",CACOAL,Problema com o freio,Colisão traseira,Com Vítimas Feridas,Pleno dia,Crescente,Nublado,Simples,Retorno Regulamentado,Sim,3,0,1,0,2,0,1,3,"-11,433667","-61,463719",SPRF-RO,DEL02-RO,UOP02-DEL02-RO
421079,2022-03-17,quinta-feira,06:30:00,SE,101,"29,2",MURIBECA,Ausência de reação do condutor,Saída de leito carroçável,Com Vítimas Feridas,Pleno dia,Decrescente,Chuva,Dupla,Reta,Não,1,0,1,0,0,0,1,1,"-10,43690011","-36,93373559",SPRF-SE,DEL02-SE,UOP02-DEL02-SE
421090,2022-03-17,quinta-feira,12:05:00,SC,101,177,BIGUACU,Velocidade Incompatível,Colisão traseira,Com Vítimas Feridas,Pleno dia,Decrescente,Céu Claro,Dupla,Reta,Não,2,0,0,1,1,0,1,2,"-27,35538202","-48,63241474",SPRF-SC,DEL01-SC,UOP01-DEL01-SC
421092,2022-03-17,quinta-feira,12:00:00,RS,290,"73,8",GRAVATAI,Manobra de mudança de faixa,Colisão lateral mesmo sentido,Com Vítimas Feridas,Pleno dia,Crescente,Sol,Múltipla,Reta,Sim,2,0,1,0,1,0,1,2,"-29,952868","-50,986462",SPRF-RS,DEL03-RS,UOP01-DEL03-RS
421099,2022-03-17,quinta-feira,11:00:00,MT,364,397,CUIABA,Retorno proibido,Colisão transversal,Com Vítimas Feridas,Pleno dia,Decrescente,Céu Claro,Dupla,Reta,Sim,2,0,1,0,1,0,1,2,"-15,68642489","-55,91347495",SPRF-MT,DEL01-MT,UOP02-DEL01-MT
421100,2022-02-09,quarta-feira,17:35:00,PR,163,"175,2",LINDOESTE,Velocidade Incompatível,Colisão lateral mesmo sentido,Sem Vítimas,Pleno dia,Decrescente,Sol,Dupla,Curva,Não,3,0,0,0,2,3,0,5,"-25,21734703","-53,59537645",SPRF-PR,DEL05-PR,UOP05-DEL05-PR
421106,2022-03-15,terça-feira,20:05:00,PE,424,"93,5",GARANHUNS,Ingestão de álcool pelo condutor,Colisão lateral mesmo sentido,Com Vítimas Feridas,Plena Noite,Crescente,Céu Claro,Simples,Declive;Reta,Sim,3,0,0,1,1,1,1,3,"-8,91231289","-36,48813844",SPRF-PE,DEL03-PE,UOP01-DEL03-PE
421111,2022-03-17,quinta-feira,12:30:00,PB,230,407,POMBAL,Demais falhas mecânicas ou elétricas,Colisão traseira,Com Vítimas Feridas,Pleno dia,Decrescente,Céu Claro,Simples,Curva,Sim,3,0,0,1,1,1,1,3,"-6,7733","-37,798",SPRF-PB,DEL03-PB,UOP02-DEL03-PB
421113,2022-03-14,segunda-feira,15:30:00,PE,101,"45,4",IGARASSU,Reação tardia ou ineficiente do condutor,Colisão traseira,Com Vítimas Feridas,Pleno dia,Crescente,Céu Claro,Múltipla,Reta,Sim,3,0,2,0,1,0,2,2,"-7,86521297","-34,90715176",SPRF-PE,DEL01-PE,UOP02-DEL01-PE
421115,2022-03-17,quinta-feira,13:10:00,MT,364,"277,4",JACIARA,Reação tardia ou ineficiente do condutor,Saída de leito carroçável,Sem Vítimas,Pleno dia,Decrescente,Céu Claro,Simples,Declive,Não,3,0,0,0,2,4,0,6,"-15,95076591","-54,99952397",SPRF-MT,DEL02-MT,UOP01-DEL02-MT
421117,2022-03-17,quinta-feira,15:20:00,CE,222,286,FRECHEIRINHA,Mal súbito do condutor,Colisão lateral sentido oposto,Com Vítimas Feridas,Pleno dia,Crescente,Céu Claro,Simples,Reta,Não,2,0,1,0,1,0,1,2,"-3,71599097","-40,85657197",SPRF-CE,DEL04-CE,UOP02-DEL04-CE
421127,2022-03-17,quinta-feira,16:40:00,RS,116,526,PELOTAS,Acessar a via sem observar a presença dos outros veículos,Colisão transversal,Com Vítimas Feridas,Pleno dia,Decrescente,Céu Claro,Simples,Rotatória,Sim,2,0,1,0,1,0,1,2,"-31,74307729","-52,39966642",SPRF-RS,DEL07-RS,UOP01-DEL07-RS
421131,2022-03-17,quinta-feira,13:40:00,MS,262,199,RIBAS DO RIO PARDO,Ausência de reação do condutor,Colisão traseira,Com Vítimas Feridas,Pleno dia,Crescente,Sol,Simples,Reta,Não,2,0,0,1,1,0,1,2,"-20,460583","-53,376261",SPRF-MS,DEL07-MS,UOP02-DEL07-MS
421132,2022-03-14,segunda-feira,16:00:00,BA,242,711,CRISTOPOLIS,Acumulo de água sobre o pavimento,Saída de leito carroçável,Com Vítimas Feridas,Pleno dia,Decrescente,Chuva,Simples,Reta,Não,2,0,1,0,0,2,1,3,"-12,22263875","-44,078568",SPRF-BA,DEL10-BA,UOP02-DEL10-BA
421135,2022-03-17,quinta-feira,16:50:00,MG,40,519,RIBEIRAO DAS NEVES,Manobra de mudança de faixa,Colisão traseira,Com Vítimas Feridas,Pleno dia,Decrescente,Céu Claro,Dupla,Reta,Sim,3,0,2,0,1,0,2,2,"-19,83957589","-44,07684485",SPRF-MG,DEL01-MG,UOP02-DEL01-MG
421137,2022-03-17,quinta-feira,17:45:00,AL,104,87,RIO LARGO,Velocidade Incompatível,Colisão transversal,Sem Vítimas,Anoitecer,Decrescente,Chuva,Dupla,Reta,Sim,2,0,0,0,2,0,0,2,"-9,47532901","-35,82160002",SPRF-AL,DEL01-AL,UOP01-DEL01-AL
421140,2022-03-17,quinta-feira,16:40:00,PR,376,303,MAUA DA SERRA,Problema com o freio,Tombamento,Com Vítimas Feridas,Pleno dia,Crescente,Céu Claro,Dupla,Curva,Não,3,0,1,0,1,2,1,3,"-23,94940698","-51,11940888",SPRF-PR,DEL07-PR,UOP02-DEL07-PR
421143,2022-03-17,quinta-feira,15:45:00,BA,101,361,WENCESLAU GUIMARAES,Condutor deixou de manter distância do veículo da frente,Engavetamento,Com Vítimas Feridas,Pleno dia,Decrescente,Sol,Simples,Aclive,Não,8,0,4,1,2,1,5,3,"-13,706598","-39,479274",SPRF-BA,DEL05-BA,UOP03-DEL05-BA
421149,2022-03-17,quinta-feira,12:00:00,MT,364,536,ROSARIO OESTE,Pista esburacada,Tombamento,Com Vítimas Feridas,Pleno dia,Decrescente,Nublado,Simples,Reta,Não,2,0,0,1,0,1,1,2,"-14,88783","-56,46369",SPRF-MT,DEL01-MT,UOP01-DEL01-MT
421156,2022-03-17,quinta-feira,18:30:00,RJ,40,"32,6",AREAL,Reação tardia ou ineficiente do condutor,Tombamento,Com Vítimas Feridas,Plena Noite,Decrescente,Céu Claro,Dupla,Curva,Não,2,0,1,0,0,1,1,2,"-22,19935287","-43,15764401",SPRF-RJ,DEL05-RJ,UOP02-DEL05-RJ
421160,2022-03-17,quinta-feira,20:20:00,SC,116,6,MAFRA,Manobra de mudança de faixa,Colisão frontal,Com Vítimas Feridas,Plena Noite,Crescente,Nublado,Simples,Reta,Sim,5,0,3,0,1,1,3,3,"-26,14644691","-49,82305806",SPRF-SC,DEL06-SC,UOP01-DEL06-SC
421162,2022-03-17,quinta-feira,15:00:00,MT,364,285,JACIARA,Chuva,Saída de leito carroçável,Com Vítimas Feridas,Pleno dia,Decrescente,Chuva,Dupla,Curva,Não,3,0,1,0,1,3,1,5,"-15,90624979","-55,04864784",SPRF-MT,DEL05-MT,UOP02-DEL05-MT
421164,2022-03-17,quinta-feira,17:40:00,PE,316,43,ARARIPINA,Velocidade Incompatível,Colisão traseira,Com Vítimas Fatais,Plena Noite,Decrescente,Céu Claro,Simples,Reta;Aclive,Não,2,1,0,0,0,1,0,2,"-7,67905502","-40,36951602",SPRF-PE,DEL05-PE,UOP02-DEL05-PE
421173,2022-02-14,segunda-feira,03:57:00,BA,116,"19,6",VITORIA DA CONQUISTA,Pedestre andava na pista,Atropelamento de Pedestre,Com Vítimas Fatais,Amanhecer,Crescente,Nublado,Simples,Reta,Sim,2,1,0,0,0,1,0,2,"-14,89283","-40,81998",SPRF-BA,DEL08-BA,UOP01-DEL08-BA
421176,2022-02-25,sexta-feira,16:30:00,PR,163,154,SANTA LUCIA,Condutor deixou de manter distância do veículo da frente,Colisão traseira,Com Vítimas Feridas,Pleno dia,Decrescente,Nublado,Simples,Reta,Não,8,0,1,0,6,2,1,8,"-25,38467195","-53,57633054",SPRF-PR,DEL05-PR,UOP05-DEL05-PR
421179,2022-03-17,quinta-feira,18:55:00,MG,153,"184,4",FRUTAL,Ultrapassagem Indevida,Colisão frontal,Com Vítimas Feridas,Anoitecer,Crescente,Céu Claro,Simples,Reta,Não,3,0,0,1,2,0,1,2,"-19,88968108","-48,97343918",SPRF-MG,DEL13-MG,UOP02-DEL13-MG
421181,2022-03-17,quinta-feira,20:55:00,MG,40,"596,4",OURO PRETO,Reação tardia ou ineficiente do condutor,Tombamento,Com Vítimas Feridas,Plena Noite,Crescente,Céu Claro,Simples,Aclive,Não,2,0,1,0,0,1,1,2,"-20,4170616","-43,89019292",SPRF-MG,DEL05-MG,UOP02-DEL05-MG
421182,2022-03-15,terça-feira,23:30:00,MG,381,292,ANTONIO DIAS,Problema com o freio,Incêndio,Sem Vítimas,Plena Noite,Decrescente,Céu Claro,Simples,Declive;Curva,Não,2,0,0,0,1,1,0,2,"-19,63997676","-42,81819865",SPRF-MG,DEL03-MG,UOP02-DEL03-MG
421184,2022-03-17,quinta-feira,21:30:00,BA,110,346,ALAGOINHAS,Objeto estático sobre o leito carroçável,Colisão transversal,Com Vítimas Fatais,Plena Noite,Decrescente,Céu Claro,Simples,Reta,Não,4,1,0,0,1,2,0,4,"-12,25680114","-38,38744515",SPRF-BA,DEL01-BA,UOP04-DEL01-BA
421188,2022-01-20,quinta-feira,15:00:00,SC,470,"141,9",RIO DO SUL,Reação tardia ou ineficiente do condutor,Colisão traseira,Com Vítimas Feridas,Pleno dia,Crescente,Céu Claro,Simples,Reta,Sim,6,0,1,0,5,0,1,5,"-27,226065","-49,666161",SPRF-SC,DEL04-SC,UOP02-DEL04-SC
421191,2022-03-17,quinta-feira,23:55:00,SC,470,56,BLUMENAU,Ingestão de álcool pelo condutor,Colisão frontal,Com Vítimas Feridas,Plena Noite,Crescente,Nublado,Simples,Reta,Sim,3,0,1,0,1,1,1,3,"-26,87674","-49,127743",SPRF-SC,DEL04-SC,UOP01-DEL04-SC
421192,2022-03-17,quinta-feira,23:45:00,SC,282,44,AGUAS MORNAS,Demais falhas mecânicas ou elétricas,Saída de leito carroçável,Com Vítimas Feridas,Plena Noite,Decrescente,Nublado,Simples,Curva;Declive,Não,2,0,1,1,0,0,2,1,"-27,722137","-48,90694",SPRF-SC,DEL01-SC,UOP03-DEL01-SC
421194,2022-03-18,sexta-feira,00:00:00,PE,232,62,POMBOS,Ingestão de álcool pelo condutor,Colisão traseira,Sem Vítimas,Plena Noite,Decrescente,Chuva,Simples,Reta,Não,2,0,0,0,1,1,0,2,"-8,15598579","-35,42308007",SPRF-PE,DEL02-PE,UOP02-DEL02PE
421196,2022-03-17,quinta-feira,19:30:00,MT,70,263,PRIMAVERA DO LESTE,Velocidade Incompatível,Saída de leito carroçável,Sem Vítimas,Plena Noite,Crescente,Chuva,Simples,Reta,Não,2,0,0,0,1,3,0,4,"-15,57954998","-54,19061952",SPRF-MT,DEL05-MT,UOP01-DEL05-MT
421197,2022-03-18,sexta-feira,01:30:00,MG,40,"500,8",ESMERALDAS,Mal súbito do condutor,Colisão traseira,Com Vítimas Feridas,Plena Noite,Crescente,Céu Claro,Dupla,Aclive;Reta,Não,3,0,1,0,1,1,1,3,"-19,705725","-44,169171",SPRF-MG,DEL02-MG,UOP01-DEL02-MG
421199,2022-03-18,sexta-feira,00:30:00,RO,364,"787,8",PORTO VELHO,Reação tardia ou ineficiente do condutor,Saída de leito carroçável,Com Vítimas Fatais,Plena Noite,Crescente,Chuva,Simples,Curva,Não,2,1,0,0,0,1,0,2,"-9,19583119","-64,31570404",SPRF-RO,DEL01-RO,UOP02-DEL01-RO
421200,2022-03-18,sexta-feira,02:40:00,PB,230,28,JOAO PESSOA,Carga excessiva e/ou mal acondicionada,Tombamento,Com Vítimas Feridas,Amanhecer,Crescente,Chuva,Dupla,Viaduto,Não,2,0,1,0,0,1,1,2,"-7,1651","-34,8941",SPRF-PB,DEL01-PB,UOP01-DEL01-PB
421205,2022-03-17,quinta-feira,17:30:00,MT,364,148,PEDRA PRETA,Demais falhas na via,Tombamento,Sem Vítimas,Anoitecer,Decrescente,Céu Claro,Simples,Declive,Não,2,0,0,0,0,4,0,4,"-16,79954137","-54,18799724",SPRF-MT,DEL02-MT,UOP01-DEL02-MT
421206,2022-03-18,sexta-feira,04:00:00,PE,101,"69,5",RECIFE,Velocidade Incompatível,Tombamento,Com Vítimas Feridas,Plena Noite,Crescente,Céu Claro,Simples,Viaduto,Sim,1,0,1,0,0,0,1,1,"-8,0632736","-34,94414668",SPRF-PE,DEL01-PE,UOP01-DEL01-PE
421209,2022-03-18,sexta-feira,04:30:00,PI,343,"256,6",CAMPO MAIOR,Condutor deixou de manter distância do veículo da frente,Colisão traseira,Com Vítimas Feridas,Plena Noite,Crescente,Nublado,Simples,Reta,Não,2,0,0,1,1,0,1,2,"-4,777813","-42,115211",SPRF-PI,DEL01-PI,UOP03-DEL01-PI
421210,2022-03-18,sexta-feira,05:00:00,PE,232,146,SAO CAITANO,Acessar a via sem observar a presença dos outros veículos,Atropelamento de Pedestre,Com Vítimas Feridas,Amanhecer,Decrescente,Céu Claro,Dupla,Aclive,Não,2,0,1,0,1,0,1,2,"-8,33218974","-36,12904312",SPRF-PE,DEL02-PE,UOP03-DEL02-PE
421211,2022-03-18,sexta-feira,06:00:00,DF,20,21,BRASILIA,Manobra de mudança de faixa,Colisão lateral mesmo sentido,Com Vítimas Feridas,Pleno dia,Decrescente,Céu Claro,Dupla,Reta,Sim,6,0,1,0,4,1,1,3,"-15,60656624","-47,69107103",SPRF-DF,DEL02-DF,UOP01-DEL02-DF
421212,2022-03-18,sexta-feira,05:15:00,SC,470,"138,7",RIO DO SUL,Desrespeitar a preferência no cruzamento,Colisão transversal,Com Vítimas Feridas,Amanhecer,Decrescente,Nublado,Simples,Interseção de Vias,Não,2,0,1,0,1,0,1,2,"-27,207214","-49,648476",SPRF-SC,DEL04-SC,UOP02-DEL04-SC
421213,2022-03-18,sexta-feira,06:10:00,PR,369,152,LONDRINA,Demais falhas mecânicas ou elétricas,Colisão traseira,Sem Vítimas,Pleno dia,Crescente,Céu Claro,Dupla,Reta,Sim,2,0,0,0,2,0,0,2,"-23,29401791","-51,18787766",SPRF-PR,DEL07-PR,UOP01-DEL07-PR
421223,2022-03-18,sexta-feira,06:20:00,SP,116,"400,5",MIRACATU,Reação tardia ou ineficiente do condutor,Colisão traseira,Com Vítimas Feridas,Pleno dia,Decrescente,Céu Claro,Dupla,Reta,Não,3,0,1,0,1,1,1,3,"-24,30807105","-47,50100998",SPRF-SP,DEL04-SP,UOP02-DEL04-SP
421224,2022-03-18,sexta-feira,06:30:00,MG,381,396,BOM JESUS DO AMPARO,Acesso irregular,Colisão transversal,Com Vítimas Feridas,Amanhecer,Crescente,Céu Claro,Dupla,Reta,Não,3,0,0,1,1,2,1,4,"-19,74873228","-43,48895304",SPRF-MG,DEL01-MG,UOP01-DEL01-MG
421229,2022-03-18,sexta-feira,06:18:00,AL,423,"66,9",AGUA BRANCA,Chuva,Eventos atípicos,Com Vítimas Feridas,Pleno dia,Crescente,Chuva,Simples,Reta,Não,5,0,4,0,0,1,4,3,"-9,300982","-37,870716",SPRF-AL,DEL03-AL,UOP02-DEL03-AL
421236,2022-03-18,sexta-feira,07:50:00,PR,369,142,IBIPORA,Condutor deixou de manter distância do veículo da frente,Colisão lateral mesmo sentido,Com Vítimas Feridas,Pleno dia,Decrescente,Nublado,Simples,Reta,Sim,3,0,1,0,2,0,1,3,"-23,28960311","-51,08254194",SPRF-PR,DEL07-PR,UOP01-DEL07-PR
421237,2022-03-17,quinta-feira,19:20:00,RJ,116,225,PIRAI,Manobra de mudança de faixa,Colisão lateral mesmo sentido,Sem Vítimas,Plena Noite,Crescente,Céu Claro,Dupla,Reta,Não,3,0,0,0,2,1,0,3,"-22,679905","-43,814217",SPRF-RJ,DEL07-RJ,UOP01-DEL07-RJ
421239,2022-03-18,sexta-feira,06:24:00,PR,476,303,SAO MATEUS DO SUL,Acessar a via sem observar a presença dos outros veículos,Colisão transversal,Com Vítimas Feridas,Pleno dia,Decrescente,Nevoeiro/Neblina,Simples,Reta,Não,5,0,3,0,1,2,3,4,"-25,999022","-50,588963",SPRF-PR,DEL02-PR,UOP04-DEL02-PR
421246,2022-03-12,sábado,14:05:00,BA,116,"0,9",VITORIA DA CONQUISTA,Manobra de mudança de faixa,Colisão lateral sentido oposto,Com Vítimas Fatais,Pleno dia,Decrescente,Céu Claro,Simples,Reta,Não,3,1,0,0,2,0,0,2,"-14,82554456","-40,84189515",SPRF-BA,DEL08-BA,UOP01-DEL08-BA
421247,2022-03-18,sexta-feira,01:00:00,PA,316,80,SAO FRANCISCO DO PARA,Problema com o freio,Colisão com objeto,Sem Vítimas,Plena Noite,Decrescente,Nublado,Simples,Reta,Não,2,0,0,0,1,1,0,2,"-1,304083","-47,779288",SPRF-PA,DEL01-PA,UOP02-DEL01-PA
421253,2022-03-18,sexta-feira,06:35:00,RS,386,"307,3",POUSO NOVO,Velocidade Incompatível,Tombamento,Com Vítimas Feridas,Pleno dia,Crescente,Céu Claro,Simples,Declive;Curva,Não,2,0,1,0,0,1,1,2,"-29,207739","-52,1821701",SPRF-RS,DEL04-RS,UOP01-DEL04-RS
421257,2022-03-18,sexta-feira,08:00:00,PR,376,"673,9",GUARATUBA,Condutor deixou de manter distância do veículo da frente,Colisão com objeto,Sem Vítimas,Pleno dia,Crescente,Céu Claro,Dupla,Reta;Aclive,Não,3,0,0,0,2,1,0,2,"-25,90092097","-48,92572096",SPRF-PR,DEL01-PR,UOP04-DEL01-PR
421264,2022-03-18,sexta-feira,09:30:00,RJ,101,95,CAMPOS DOS GOYTACAZES,Curva acentuada,Tombamento,Com Vítimas Feridas,Pleno dia,Crescente,Céu Claro,Dupla,Curva,Não,4,0,2,0,1,1,2,2,"-21,86957661","-41,5470863",SPRF-RJ,DEL08-RJ,UOP02-DEL08-RJ
421272,2022-02-03,quinta-feira,06:30:00,BA,101,618,MASCOTE,Curva acentuada,Saída de leito carroçável,Sem Vítimas,Pleno dia,Crescente,Sol,Simples,Curva,Não,2,0,0,0,1,1,0,2,"-15,62377147","-39,43306768",SPRF-BA,DEL05-BA,UOP02-DEL05-BA
421277,2022-03-18,sexta-feira,11:50:00,BA,116,440,FEIRA DE SANTANA,Velocidade Incompatível,Colisão traseira,Com Vítimas Fatais,Pleno dia,Crescente,Garoa/Chuvisco,Dupla,Declive;Curva,Não,13,3,0,4,5,3,4,8,"-12,34303","-39,083634",SPRF-BA,DEL02-BA,UOP01-DEL02-BA
421280,2022-03-18,sexta-feira,11:00:00,AL,101,"202,4",SAO SEBASTIAO,Acessar a via sem observar a presença dos outros veículos,Saída de leito carroçável,Com Vítimas Feridas,Pleno dia,Crescente,Nublado,Dupla,Reta,Não,1,0,1,0,0,0,1,1,"-9,9664250734","-36,5506638772",SPRF-AL,DEL02-AL,UOP02-DEL02-AL
421281,2022-03-18,sexta-feira,09:30:00,RO,364,516,ARIQUEMES,Desrespeitar a preferência no cruzamento,Colisão transversal,Com Vítimas Fatais,Pleno dia,Crescente,Céu Claro,Dupla,Rotatória,Sim,3,1,1,0,1,0,1,2,"-9,915961","-63,05532",SPRF-RO,DEL03-RO,UOP01-DEL03-RO
421283,2022-03-18,sexta-feira,11:30:00,PR,376,179,MARINGA,Deficiência do Sistema de Iluminação/Sinalização,Colisão traseira,Sem Vítimas,Pleno dia,Crescente,Céu Claro,Dupla,Reta,Sim,5,0,0,0,4,1,0,5,"-23,42244278","-51,90360392",SPRF-PR,DEL09-PR,UOP01-DEL09-PR
421284,2022-03-18,sexta-feira,12:20:00,MG,365,"749,6",ITUIUTABA,Ausência de reação do condutor,Saída de leito carroçável,Com Vítimas Feridas,Pleno dia,Crescente,Nublado,Dupla,Interseção de Vias,Sim,1,0,0,1,0,0,1,1,"-18,93793339","-49,43876589",SPRF-MG,DEL15-MG,UOP03-DEL15-MG
421288,2022-03-18,sexta-feira,12:35:00,MG,381,904,CAMBUI,Ausência de reação do condutor,Capotamento,Com Vítimas Feridas,Pleno dia,Decrescente,Céu Claro,Dupla,Curva,Não,3,0,2,0,1,0,2,2,"-22,68841562","-46,10648041",SPRF-MG,DEL16-MG,UOP03-DEL16-MG
421294,2022-03-18,sexta-feira,13:56:00,SP,116,283,EMBU DAS ARTES,Trafegar com motocicleta (ou similar) entre as faixas,Colisão lateral mesmo sentido,Com Vítimas Feridas,Pleno dia,Crescente,Céu Claro,Dupla,Reta,Sim,2,0,1,0,1,0,1,2,"-23,69297005","-46,86352786",SPRF-SP,DEL04-SP,UOP01-DEL04-SP
421302,2022-03-18,sexta-feira,13:30:00,PR,373,222,IMBITUVA,Manobra de mudança de faixa,Colisão traseira,Com Vítimas Feridas,Pleno dia,Crescente,Céu Claro,Simples,Declive,Não,7,0,4,0,2,2,4,5,"-25,17885184","-50,58484733",SPRF-PR,DEL03-PR,UOP04-DEL03-PR
421305,2022-03-18,sexta-feira,13:30:00,PB,101,"122,6",CAAPORA,Demais falhas mecânicas ou elétricas,Colisão traseira,Sem Vítimas,Pleno dia,Decrescente,Céu Claro,Dupla,Reta,Não,3,0,0,0,2,1,0,3,"-7,45038197","-34,97994215",SPRF-PB,DEL01-PB,UOP02-DEL01-PB
421308,2022-03-18,sexta-feira,15:00:00,RS,386,47,SEBERI,Manobra de mudança de faixa,Colisão lateral sentido oposto,Com Vítimas Feridas,Pleno dia,Crescente,Chuva,Simples,Reta,Sim,3,0,1,0,1,3,1,5,"-27,466236","-53,404499",SPRF-RS,DEL08-RS,UOP02-DEL08-RS
421310,2022-03-18,sexta-feira,12:20:00,RJ,393,206,VASSOURAS,Ultrapassagem Indevida,Colisão frontal,Com Vítimas Feridas,Pleno dia,Decrescente,Sol,Simples,Curva,Não,4,0,1,0,2,1,1,4,"-22,26422347","-43,45092651",SPRF-RJ,DEL05-RJ,UOP03-DEL05-RJ
421313,2022-03-17,quinta-feira,09:22:00,MS,163,756,COXIM,Manobra de mudança de faixa,Colisão lateral mesmo sentido,Com Vítimas Feridas,Pleno dia,Crescente,Céu Claro,Simples,Reta,Não,3,0,1,0,1,1,1,3,"-18,283989","-54,666696",SPRF-MS,DEL06-MS,UOP01-DEL06-MS
421322,2022-03-09,quarta-feira,20:10:00,MT,163,527,DIAMANTINO,Pista Escorregadia,Colisão frontal,Com Vítimas Feridas,Plena Noite,Crescente,Chuva,Simples,Reta,Não,3,0,1,0,1,1,1,3,"-14,396815","-56,11149",SPRF-MT,DEL01-MT,UOP01-DEL01-MT