id,data_inversa,dia_semana,horario,uf,br,km,municipio,causa_acidente,tipo_acidente,classificacao_acidente,fase_dia,sentido_via,condicao_metereologica,tipo_pista,tracado_via,uso_solo,pessoas,mortos,feridos_leves,feridos_graves,ilesos,ignorados,feridos,veiculos,latitude,longitude,regional,delegacia,uop
422713,2022-03-25,sexta-feira,21:30:00,SC,101,"127,1",ITAJAI,Pedestre andava na pista,Atropelamento de Pedestre,Com Vítimas Feridas,Plena Noite,Decrescente,Céu Claro,Dupla,Reta,Sim,2,0,0,1,0,1,1,2,"-26,9639319","-48,68328024",SPRF-SC,DEL04-SC,UOP04-DEL04-SC
422716,2022-03-25,sexta-feira,16:30:00,MG,262,451,NOVA SERRANA,Manobra de mudança de faixa,Colisão transversal,Com Vítimas Fatais,Pleno dia,Crescente,Céu Claro,Simples,Reta,Não,4,1,0,1,1,1,1,3,"-19,86372828","-44,99796931",SPRF-MG,DEL08-MG,UOP03-DEL08-MG
422719,2022-03-25,sexta-feira,22:00:00,ES,101,"146,6",LINHARES,Condutor deixou de manter distância do veículo da frente,Colisão traseira,Com Vítimas Feridas,Plena Noite,Decrescente,Céu Claro,Simples,Reta,Sim,3,0,1,0,2,0,1,2,"-19,36990998","-40,06560718",SPRF-ES,DEL04-ES,UOP01-DEL04-ES
422724,2022-03-25,sexta-feira,21:45:00,SC,470,"144,9",RIO DO SUL,Condutor deixou de manter distância do veículo da frente,Colisão transversal,Sem Vítimas,Plena Noite,Crescente,Chuva,Simples,Reta,Não,3,0,0,0,2,1,0,3,"-27,235138","-49,677608",SPRF-SC,DEL04-SC,UOP02-DEL04-SC
422728,2022-03-25,sexta-feira,22:30:00,RJ,116,321,ITATIAIA,Deficiência do Sistema de Iluminação/Sinalização,Colisão traseira,Com Vítimas Feridas,Plena Noite,Crescente,Céu Claro,Dupla,Reta,Não,2,0,0,1,1,0,1,2,"-22,48093378","-44,53547807",SPRF-RJ,DEL07-RJ,UOP02-DEL07-RJ
422738,2022-01-21,sexta-feira,03:20:00,GO,40,73,CRISTALINA,Condutor Dormindo,Colisão traseira,Com Vítimas Feridas,Plena Noite,Decrescente,Céu Claro,Dupla,Reta,Não,9,0,7,0,1,1,7,3,"-16,621476","-47,748846",SPRF-DF,DEL01-DF,UOP02-DEL01-DF
422765,2022-03-26,sábado,00:00:00,SC,470,"144,8",RIO DO SUL,Ingestão de álcool pelo condutor,Colisão frontal,Com Vítimas Feridas,Plena Noite,Crescente,Nublado,Simples,Reta,Sim,3,0,0,1,1,1,1,3,"-27,235138","-49,677608",SPRF-SC,DEL04-SC,UOP02-DEL04-SC
422768,2022-03-26,sábado,06:00:00,SE,101,93,NOSSA SENHORA DO SOCORRO,Velocidade Incompatível,Tombamento,Com Vítimas Feridas,Pleno dia,Decrescente,Céu Claro,Dupla,Curva,Sim,1,0,1,0,0,0,1,1,"-10,90212319","-37,14494787",SPRF-SE,DEL01-SE,UOP01-DEL01-SE
422781,2022-03-26,sábado,01:00:00,TO,242,328,PEIXE,Ausência de reação do condutor,Colisão frontal,Com Vítimas Feridas,Plena Noite,Decrescente,Céu Claro,Simples,Reta,Não,3,0,1,1,0,1,2,2,"-11,95145709","-48,68131312",SPRF-TO,DEL01-TO,UOP02-DEL01-TO
422784,2022-03-26,sábado,07:20:00,DF,40,3,BRASILIA,Acessar a via sem observar a presença dos outros veículos,Colisão lateral mesmo sentido,Sem Vítimas,Amanhecer,Decrescente,Sol,Dupla,Reta,Sim,3,0,0,0,2,1,0,3,"-16,003145","-47,983944",SPRF-DF,DEL01-DF,UOP01-DEL01-DF
422792,2022-03-26,sábado,07:50:00,PE,101,"74,5",RECIFE,Acesso irregular,Colisão transversal,Com Vítimas Feridas,Pleno dia,Crescente,Nublado,Dupla,Curva,Sim,4,0,1,1,1,1,2,3,"-8,105822","-34,9483712",SPRF-PE,DEL01-PE,UOP01-DEL01-PE
422807,2022-03-26,sábado,09:00:00,RJ,393,132,SAPUCAIA,Condutor deixou de manter distância do veículo da frente,Colisão traseira,Com Vítimas Feridas,Pleno dia,Decrescente,Sol,Simples,Reta,Sim,4,0,1,0,2,1,1,3,"-21,97476198","-42,88418674",SPRF-RJ,DEL05-RJ,UOP01-DEL05-RJ
422810,2022-03-26,sábado,09:30:00,GO,40,12,LUZIANIA,Reação tardia ou ineficiente do condutor,Eventos atípicos,Com Vítimas Feridas,Pleno dia,Crescente,Céu Claro,Dupla,Reta,Sim,2,0,0,1,1,0,1,2,"-16,145123","-47,945382",SPRF-DF,DEL01-DF,UOP01-DEL01-DF
422811,2022-03-26,sábado,06:23:00,PE,232,"207,7",PESQUEIRA,Ingestão de álcool pelo condutor,Colisão traseira,Sem Vítimas,Pleno dia,Crescente,Céu Claro,Simples,Reta,Sim,2,0,0,0,2,0,0,2,"-8,2831328","-36,64434137",SPRF-PE,DEL03-PE,UOP02-DEL03-PE
422812,2022-03-26,sábado,09:30:00,RN,304,297,MACAIBA,Acumulo de água sobre o pavimento,Colisão com objeto,Sem Vítimas,Pleno dia,Crescente,Chuva,Dupla,Aclive,Não,1,0,0,0,1,0,0,1,"-5,8650021","-35,34228802",SPRF-RN,DEL01-RN,UOP02-DEL01-RN
422814,2022-03-18,sexta-feira,11:20:00,BA,101,287,LAJE,Velocidade Incompatível,Saída de leito carroçável,Com Vítimas Feridas,Pleno dia,Crescente,Chuva,Simples,Curva,Não,1,0,1,0,0,0,1,1,"-13,28488593","-39,32243808",SPRF-BA,DEL01-BA,UOP02-DEL01-BA
422817,2022-03-26,sábado,10:15:00,PB,230,42,SANTA RITA,Acessar a via sem observar a presença dos outros veículos,Colisão lateral mesmo sentido,Com Vítimas Feridas,Pleno dia,Crescente,Chuva,Múltipla,Curva,Sim,3,0,1,0,2,0,1,2,"-7,1426","-34,9956",SPRF-PB,DEL01-PB,UOP03-DEL01-PB
422819,2022-03-26,sábado,10:20:00,MG,251,"520,3",MONTES CLAROS,Ultrapassagem Indevida,Saída de leito carroçável,Com Vítimas Feridas,Pleno dia,Crescente,Céu Claro,Simples,Reta,Não,2,0,1,0,1,0,1,1,"-16,66570005","-43,78533097",SPRF-MG,DEL12-MG,UOP01-DEL12-MG
422821,2022-03-26,sábado,10:40:00,SC,470,66,INDAIAL,Pedestre andava na pista,Atropelamento de Pedestre,Com Vítimas Feridas,Pleno dia,Crescente,Céu Claro,Simples,Reta,Sim,3,0,0,1,1,2,1,4,"-26,870407","-49,221844",SPRF-SC,DEL04-SC,UOP01-DEL04-SC
422822,2022-03-26,sábado,07:45:00,MG,459,31,CALDAS,Ausência de reação do condutor,Incêndio,Sem Vítimas,Pleno dia,Crescente,Sol,Simples,Curva;Aclive,Não,2,0,0,0,1,1,0,2,"-21,93609915","-46,35359287",SPRF-MG,DEL09-MG,UOP01-DEL09-MG
422824,2022-03-26,sábado,09:45:00,MT,70,498,CUIABA,Demais falhas mecânicas ou elétricas,Colisão frontal,Com Vítimas Feridas,Pleno dia,Decrescente,Nublado,Simples,Reta,Não,2,0,0,1,1,0,1,2,"-15,68932746","-55,9068932",SPRF-MT,DEL01-MT,UOP02-DEL01-MT
422827,2022-03-26,sábado,12:10:00,ES,101,"139,2",LINHARES,Reação tardia ou ineficiente do condutor,Colisão traseira,Com Vítimas Feridas,Pleno dia,Crescente,Céu Claro,Dupla,Reta,Sim,5,0,1,1,2,1,2,3,"-19,3101728","-40,0799666",SPRF-ES,DEL04-ES,UOP01-DEL04-ES
422835,2022-03-26,sábado,10:45:00,GO,153,"665,5",GOIATUBA,Condutor Dormindo,Colisão lateral mesmo sentido,Com Vítimas Feridas,Pleno dia,Decrescente,Céu Claro,Dupla,Reta,Não,2,0,1,0,1,0,1,2,"-18,0987","-49,2738",SPRF-GO,DEL03-GO,UOP02-DEL03-GO
422847,2022-03-26,sábado,13:40:00,MG,40,"632,1",CONSELHEIRO LAFAIETE,Manobra de mudança de faixa,Colisão traseira,Com Vítimas Feridas,Pleno dia,Crescente,Céu Claro,Dupla,Reta,Não,2,0,0,1,1,0,1,2,"-20,67348593","-43,7968977",SPRF-MG,DEL05-MG,UOP02-DEL05-MG
422852,2022-03-26,sábado,13:40:00,GO,364,285,MINEIROS,Avarias e/ou desgaste excessivo no pneu,Colisão frontal,Com Vítimas Fatais,Pleno dia,Crescente,Chuva,Simples,Curva;Declive,Não,3,1,0,0,1,2,0,4,"-17,608778","-52,429692",SPRF-GO,DEL05-GO,UOP01-DEL05-GO
422855,2022-03-26,sábado,09:10:00,MT,163,809,SORRISO,Ingestão de álcool pelo condutor,Colisão lateral mesmo sentido,Com Vítimas Feridas,Amanhecer,Decrescente,Céu Claro,Simples,Reta,Não,3,0,1,0,1,2,1,4,"-12,31278582","-55,57874036",SPRF-MT,DEL06-MT,UOP01-DEL06-MT
422857,2022-03-26,sábado,14:30:00,RS,392,"15,5",RIO GRANDE,Manobra de mudança de faixa,Colisão lateral mesmo sentido,Sem Vítimas,Pleno dia,Crescente,Céu Claro,Dupla,Reta,Não,2,0,0,0,1,1,0,2,"-32,11079503","-52,15933006",SPRF-RS,DEL07-RS,UOP02-DEL07-RS
422860,2022-03-26,sábado,12:20:00,BA,101,"739,7",ITABELA,Ausência de reação do condutor,Saída de leito carroçável,Com Vítimas Feridas,Pleno dia,Decrescente,Céu Claro,Simples,Curva,Não,1,0,0,1,0,0,1,1,"-16,689233","-39,480426",SPRF-BA,DEL09-BA,UOP01-DEL09-BA
422863,2022-03-26,sábado,14:00:00,GO,364,68,CACHOEIRA ALTA,Condutor deixou de manter distância do veículo da frente,Colisão traseira,Com Vítimas Feridas,Pleno dia,Crescente,Sol,Simples,Declive,Não,5,0,0,1,3,2,1,5,"-18,670822","-50,988216",SPRF-GO,DEL05-GO,UOP02-DEL05-GO
422884,2022-03-26,sábado,16:45:00,RO,364,509,ARIQUEMES,Reação tardia ou ineficiente do condutor,Colisão lateral sentido oposto,Sem Vítimas,Pleno dia,Decrescente,Nublado,Simples,Reta,Não,1,0,0,0,1,0,0,1,"-9,97158975","-63,03721087",SPRF-RO,DEL03-RO,UOP01-DEL03-RO
422891,2022-03-26,sábado,15:00:00,RJ,116,267,BARRA MANSA,Acesso irregular,Atropelamento de Pedestre,Com Vítimas Feridas,Pleno dia,Crescente,Sol,Dupla,Curva,Sim,2,0,0,1,0,1,1,2,"-22,58964229","-44,10482516",SPRF-RJ,DEL07-RJ,UOP02-DEL07-RJ
422903,2022-03-26,sábado,14:50:00,SP,116,359,MIRACATU,Velocidade Incompatível,Tombamento,Com Vítimas Feridas,Pleno dia,Decrescente,Sol,Múltipla,Curva,Não,2,0,1,0,0,1,1,2,"-24,10862227","-47,26589989",SPRF-SP,DEL04-SP,UOP02-DEL04-SP
422907,2022-03-26,sábado,16:30:00,BA,116,267,TUCANO,Acessar a via sem observar a presença dos outros veículos,Colisão lateral mesmo sentido,Com Vítimas Feridas,Pleno dia,Crescente,Céu Claro,Simples,Aclive,Não,4,0,0,2,1,1,2,3,"-10,91454807","-38,83368207",SPRF-BA,DEL07-BA,UOP02-DEL07-BA
422910,2022-03-26,sábado,21:30:00,SC,101,"138,3",BALNEARIO CAMBORIU,Velocidade Incompatível,Colisão lateral mesmo sentido,Com Vítimas Feridas,Plena Noite,Decrescente,Céu Claro,Múltipla,Curva,Sim,5,0,0,2,1,3,2,5,"-27,02397426","-48,60761649",SPRF-SC,DEL04-SC,UOP03-DEL04-SC
422911,2022-03-26,sábado,19:45:00,MT,364,"367,7",SANTO ANTONIO DO LEVERGER,Acessar a via sem observar a presença dos outros veículos,Colisão transversal,Com Vítimas Feridas,Plena Noite,Crescente,Céu Claro,Dupla,Reta,Não,3,0,1,0,1,3,1,5,"-15,74210084","-55,66284162",SPRF-MT,DEL01-MT,UOP02-DEL01-MT
422916,2022-03-26,sábado,15:00:00,MT,158,557,AGUA BOA,Acostamento em desnível,Tombamento,Com Vítimas Feridas,Pleno dia,Crescente,Céu Claro,Simples,Reta,Não,2,0,1,0,0,2,1,3,"-13,96585002","-52,12248897",SPRF-MT,DEL07-MT,UOP02-DEL07-MT
422917,2022-03-26,sábado,20:15:00,MT,364,542,ROSARIO OESTE,Acessar a via sem observar a presença dos outros veículos,Colisão transversal,Com Vítimas Feridas,Plena Noite,Decrescente,Céu Claro,Simples,Reta,Sim,5,0,0,3,1,1,3,3,"-14,83861155","-56,43917084",SPRF-MT,DEL01-MT,UOP01-DEL01-MT
422922,2022-03-26,sábado,18:50:00,MS,60,"210,1",BANDEIRANTES,Transitar na contramão,Colisão lateral sentido oposto,Com Vítimas Feridas,Anoitecer,Crescente,Céu Claro,Simples,Reta,Não,4,0,0,1,2,2,1,4,"-19,6280432","-54,07197681",SPRF-MS,DEL06-MS,UOP02-DEL06-MS
422937,2022-03-26,sábado,21:25:00,TO,153,504,PARAISO DO TOCANTINS,Demais falhas mecânicas ou elétricas,Saída de leito carroçável,Com Vítimas Feridas,Plena Noite,Decrescente,Céu Claro,Simples,Reta;Interseção de Vias,Não,2,0,1,0,0,1,1,2,"-10,25992806","-48,8797456",SPRF-TO,DEL01-TO,UOP01-DEL01-TO
422954,2022-03-26,sábado,19:00:00,GO,158,239,JATAI,Ingestão de álcool pelo condutor,Colisão lateral sentido oposto,Sem Vítimas,Plena Noite,Crescente,Nublado,Simples,Reta,Não,4,0,0,0,3,3,0,5,"-17,63745783","-51,85095077",SPRF-GO,DEL05-GO,UOP01-DEL05-GO
422957,2022-03-26,sábado,16:10:00,RO,364,"132,7",PIMENTA BUENO,Demais falhas mecânicas ou elétricas,Incêndio,Sem Vítimas,Pleno dia,Decrescente,Céu Claro,Simples,Aclive,Não,2,0,0,0,2,0,0,1,"-12,026217","-60,781673",SPRF-RO,DEL02-RO,UOP02-DEL02-RO
422962,2022-03-27,domingo,01:00:00,BA,101,817,ITAMARAJU,Velocidade Incompatível,Tombamento,Com Vítimas Feridas,Plena Noite,Crescente,Céu Claro,Simples,Curva,Não,2,0,1,0,0,1,1,2,"-17,09300161","-39,57108021",SPRF-BA,DEL09-BA,UOP02-DEL09-BA
422969,2022-03-27,domingo,02:40:00,MG,40,443,PARAOPEBA,Condutor Dormindo,Saída de leito carroçável,Com Vítimas Feridas,Plena Noite,Crescente,Céu Claro,Dupla,Curva,Sim,2,0,0,1,0,1,1,2,"-19,28815","-44,392",SPRF-MG,DEL02-MG,UOP01-DEL02-MG
422982,2022-03-27,domingo,03:00:00,MT,163,1021,PEIXOTO DE AZEVEDO,Ausência de reação do condutor,Tombamento,Com Vítimas Feridas,Plena Noite,Decrescente,Chuva,Simples,Reta,Não,2,0,1,0,0,1,1,2,"-10,33684217","-55,03915966",SPRF-MT,DEL06-MT,NPF/DEL06-MT
423002,2022-03-26,sábado,21:20:00,MA,222,466,SANTA LUZIA,Animais na Pista,Colisão lateral sentido oposto,Com Vítimas Feridas,Plena Noite,Decrescente,Céu Claro,Simples,Curva,Não,4,0,1,0,1,5,1,7,"-4,18193306","-46,0475619",SPRF-MA,DEL02-MA,UOP01-DEL02-MA
423013,2022-03-27,domingo,07:20:00,BA,101,508,ITABUNA,Ausência de reação do condutor,Saída de leito carroçável,Com Vítimas Feridas,Pleno dia,Decrescente,Céu Claro,Simples,Reta;Declive,Sim,2,0,1,0,0,1,1,2,"-14,82068929","-39,2932999",SPRF-BA,DEL05-BA,UOP01-DEL05-BA
423015,2022-03-18,sexta-feira,19:05:00,MS,163,"13,7",MUNDO NOVO,Acessar a via sem observar a presença dos outros veículos,Colisão traseira,Com Vítimas Feridas,Plena Noite,Decrescente,Céu Claro,Simples,Reta,Não,5,0,2,0,2,1,2,3,"-23,95374032","-54,31622801",SPRF-MS,DEL09-MS,UOP02-DEL09-MS
423017,2022-03-13,domingo,17:20:00,MA,230,134,PASTOS BONS,Problema com o freio,Tombamento,Com Vítimas Fatais,Anoitecer,Crescente,Céu Claro,Simples,Curva,Não,3,1,0,1,0,2,1,3,"-6,58320288","-44,01724023",SPRF-MA,DEL05-MA,UOP01-DEL05-MA
423018,2022-03-27,domingo,09:15:00,MG,50,28,ARAGUARI,Problema com o freio,Saída de leito carroçável,Com Vítimas Feridas,Pleno dia,Crescente,Céu Claro,Dupla,Curva,Não,1,0,0,1,0,0,1,1,"-18,61851284","-48,1028889",SPRF-MG,DEL15-MG,UOP02-DEL15-MG
423035,2022-02-21,segunda-feira,06:00:00,RS,392,"232,6",CACAPAVA DO SUL,Condutor Dormindo,Colisão com objeto,Com Vítimas Feridas,Amanhecer,Decrescente,Céu Claro,Simples,Declive,Não,2,0,1,0,0,5,1,6,"-30,64533084","-53,29858487",SPRF-RS,DEL09-RS,UOP02-DEL09-RS
423051,2022-03-27,domingo,14:40:00,RS,116,300,GUAIBA,Ingestão de álcool pelo condutor,Colisão lateral mesmo sentido,Com Vítimas Feridas,Pleno dia,Decrescente,Céu Claro,Dupla,Viaduto,Sim,4,0,1,0,2,2,1,4,"-30,12368942","-51,34922543",SPRF-RS,DEL02-RS,UOP01-DEL02-RS
423052,2022-03-27,domingo,14:40:00,MG,251,"521,3",MONTES CLAROS,Ultrapassagem Indevida,Colisão frontal,Com Vítimas Feridas,Pleno dia,Crescente,Céu Claro,Simples,Reta,Não,6,0,2,1,2,3,3,6,"-16,67039297","-43,79223002",SPRF-MG,DEL12-MG,UOP01-DEL12-MG
423068,2022-03-27,domingo,16:40:00,PB,230,"159,5",CAMPINA GRANDE,Acessar a via sem observar a presença dos outros veículos,Colisão transversal,Com Vítimas Feridas,Pleno dia,Decrescente,Chuva,Simples,Reta,Sim,3,0,1,0,1,1,1,3,"-7,252","-35,9334",SPRF-PB,DEL02-PB,UOP01-DEL02-PB
423081,2022-03-27,domingo,18:20:00,PR,376,"671,5",GUARATUBA,Velocidade Incompatível,Colisão traseira,Com Vítimas Feridas,Plena Noite,Decrescente,Garoa/Chuvisco,Dupla,Reta,Não,3,0,0,1,1,1,1,3,"-25,885323","-48,935154",SPRF-PR,DEL01-PR,UOP04-DEL01-PR
423095,2022-03-17,quinta-feira,11:25:00,MA,10,130,ESTREITO,Acesso irregular,Colisão transversal,Com Vítimas Feridas,Pleno dia,Crescente,Céu Claro,Simples,Reta,Sim,2,0,0,1,1,0,1,2,"-6,553709","-47,440681",SPRF-MA,DEL04-MA,UOP02-DEL04-MA
423097,2022-03-27,domingo,19:15:00,MG,50,41,ARAGUARI,Velocidade Incompatível,Colisão traseira,Com Vítimas Feridas,Plena Noite,Crescente,Céu Claro,Dupla,Reta;Declive,Não,3,0,1,0,1,4,1,6,"-18,682136","-48,17887197",SPRF-MG,DEL15-MG,UOP02-DEL15-MG
423099,2022-03-27,domingo,18:40:00,CE,222,"327,7",TIANGUA,Obstrução na via,Colisão transversal,Com Vítimas Feridas,Plena Noite,Crescente,Nevoeiro/Neblina,Simples,Reta,Não,2,0,0,1,1,0,1,2,"-3,80970907","-41,08619895",SPRF-CE,DEL04-CE,UOP02-DEL04-CE
423100,2022-03-27,domingo,19:00:00,PR,116,152,MANDIRITUBA,Acessar a via sem observar a presença dos outros veículos,Colisão transversal,Com Vítimas Feridas,Plena Noite,Crescente,Nublado,Simples,Reta;Interseção de Vias,Não,3,0,0,1,1,1,1,3,"-25,862395","-49,361972",SPRF-PR,DEL01-PR,UOP03-DEL01-PR
423101,2022-03-27,domingo,20:20:00,SC,101,46,JOINVILLE,Manobra de mudança de faixa,Colisão lateral mesmo sentido,Sem Vítimas,Plena Noite,Crescente,Nublado,Dupla,Curva,Não,3,0,0,0,1,2,0,3,"-26,33150083","-48,86187762",SPRF-SC,DEL03-SC,UOP01-DEL03-SC
423110,2022-03-27,domingo,16:00:00,MT,163,604,NOVA MUTUM,Ausência de reação do condutor,Saída de leito carroçável,Sem Vítimas,Pleno dia,Crescente,Chuva,Simples,Reta,Não,2,0,0,0,2,0,0,1,"-13,77268311","-56,05708212",SPRF-MT,DEL01-MT,UOP01-DEL01-MT
423111,2022-03-27,domingo,20:10:00,DF,80,3,BRASILIA,Ingestão de álcool pelo condutor,Colisão traseira,Sem Vítimas,Plena Noite,Decrescente,Céu Claro,Simples,Reta,Não,4,0,0,0,4,0,0,2,"-15,731544","-48,102749",SPRF-DF,DEL03-DF,UOP02-DEL03-DF
423119,2022-03-27,domingo,20:40:00,MG,50,133,UBERABA,Reação tardia ou ineficiente do condutor,Colisão traseira,Com Vítimas Feridas,Plena Noite,Decrescente,Nublado,Dupla,Reta,Não,2,0,0,1,1,0,1,2,"-19,41574308","-48,07159033",SPRF-MG,DEL13-MG,UOP01-DEL13-MG
423124,2022-03-27,domingo,19:45:00,MG,381,560,ITAGUARA,Condutor deixou de manter distância do veículo da frente,Colisão lateral mesmo sentido,Com Vítimas Feridas,Plena Noite,Crescente,Céu Claro,Dupla,Curva,Não,4,0,1,0,2,1,1,3,"-20,38551554","-44,48916608",SPRF-MG,DEL04-MG,UOP03-DEL04-MG
423126,2022-03-27,domingo,19:15:00,BA,242,402,SEABRA,Animais na Pista,Atropelamento de Animal,Com Vítimas Feridas,Plena Noite,Decrescente,Céu Claro,Simples,Curva,Não,3,0,1,0,1,1,1,3,"-12,47110529","-41,70823799",SPRF-BA,DEL06-BA,UOP01-DEL06-BA
423132,2022-03-27,domingo,22:00:00,TO,242,371,GURUPI,Acessar a via sem observar a presença dos outros veículos,Colisão transversal,Com Vítimas Fatais,Plena Noite,Crescente,Nublado,Simples,Declive,Não,3,1,0,0,1,1,0,3,"-11,76044999","-48,99379898",SPRF-TO,DEL01-TO,UOP02-DEL01-TO
423136,2022-03-27,domingo,21:30:00,MG,50,124,UBERABA,Reação tardia ou ineficiente do condutor,Colisão traseira,Sem Vítimas,Plena Noite,Crescente,Céu Claro,Dupla,Reta,Não,4,0,0,0,3,1,0,2,"-19,34165402","-48,09547304",SPRF-MG,DEL13-MG,UOP01-DEL13-MG
423138,2022-03-27,domingo,21:29:00,CE,20,389,CAUCAIA,Transitar na contramão,Colisão lateral sentido oposto,Sem Vítimas,Plena Noite,Crescente,Chuva,Simples,Reta,Não,3,0,0,0,1,2,0,3,"-3,86034807","-38,79324995",SPRF-CE,DEL01-CE,UOP01-DEL01-CE
423142,2022-03-27,domingo,22:50:00,ES,101,"64,6",SAO MATEUS,Ingestão de álcool pelo condutor,Colisão lateral sentido oposto,Com Vítimas Feridas,Plena Noite,Crescente,Céu Claro,Simples,Reta;Ponte,Não,3,0,1,0,1,3,1,5,"-18,70428583","-39,87065983",SPRF-ES,DEL04-ES,UOP02-DEL04-ES
423145,2022-03-27,domingo,14:40:00,MT,163,602,NOVA MUTUM,Acumulo de água sobre o pavimento,Saída de leito carroçável,Com Vítimas Feridas,Pleno dia,Decrescente,Chuva,Simples,Reta,Não,2,0,1,0,0,1,1,2,"-13,89007603","-56,08964479",SPRF-MT,DEL01-MT,UOP01-DEL01-MT
423148,2022-03-27,domingo,23:10:00,SP,116,280,EMBU DAS ARTES,Condutor deixou de manter distância do veículo da frente,Colisão traseira,Com Vítimas Feridas,Plena Noite,Decrescente,Nublado,Dupla,Declive,Não,4,0,1,0,2,1,1,2,"-23,66996108","-46,85590758",SPRF-SP,DEL04-SP,UOP01-DEL04-SP
423149,2022-03-27,domingo,23:45:00,PR,376,"388,2",IMBAU,Reação tardia ou ineficiente do condutor,Tombamento,Com Vítimas Fatais,Plena Noite,Crescente,Céu Claro,Dupla,Reta,Não,2,1,0,0,0,2,0,3,"-24,46605694","-50,74842453",SPRF-PR,DEL03-PR,UOP02-DEL03-PR
423150,2022-03-28,segunda-feira,00:30:00,RS,285,"458,4",IJUI,Velocidade Incompatível,Colisão frontal,Com Vítimas Fatais,Plena Noite,Decrescente,Céu Claro,Simples,Curva,Sim,5,3,1,0,0,1,1,3,"-28,40921852","-53,90240192",SPRF-RS,DEL10-RS,UOP01-DEL10-RS
423152,2022-03-27,domingo,21:00:00,RS,290,171,BUTIA,Ultrapassagem Indevida,Colisão frontal,Com Vítimas Feridas,Plena Noite,Crescente,Céu Claro,Simples,Reta,Não,6,0,3,0,2,2,3,5,"-30,125809","-51,920555",SPRF-RS,DEL02-RS,UOP03-DEL02-RS
423155,2022-03-28,segunda-feira,02:00:00,SP,116,"410,5",JUQUIA,Condutor Dormindo,Tombamento,Com Vítimas Feridas,Plena Noite,Decrescente,Garoa/Chuvisco,Dupla,Reta,Não,2,0,1,0,0,1,1,2,"-24,33501372","-47,59392601",SPRF-SP,DEL05-SP,UOP01-DEL05-SP
423157,2022-03-28,segunda-feira,02:30:00,MG,262,893,CAMPO FLORIDO,Reação tardia ou ineficiente do condutor,Tombamento,Com Vítimas Feridas,Plena Noite,Crescente,Céu Claro,Simples,Declive,Não,5,0,3,0,1,2,3,3,"-19,76694276","-48,58091387",SPRF-MG,DEL13-MG,UOP02-DEL13-MG
423158,2022-03-28,segunda-feira,00:10:00,RS,290,"235,6",RIO PARDO,Reação tardia ou ineficiente do condutor,Colisão lateral sentido oposto,Com Vítimas Fatais,Plena Noite,Crescente,Céu Claro,Simples,Reta,Não,41,5,13,1,21,1,14,5,"-30,216145","-52,571323",SPRF-RS,DEL02-RS,UOP03-DEL02-RS
423160,2022-03-28,segunda-feira,03:15:00,BA,101,233,CONCEICAO DO ALMEIDA,Manobra de mudança de faixa,Colisão frontal,Com Vítimas Feridas,Plena Noite,Decrescente,Nublado,Simples,Reta,Não,2,0,0,1,1,0,1,2,"-12,86004409","-39,20987793",SPRF-BA,DEL01-BA,UOP02-DEL01-BA
423175,2022-03-27,domingo,15:30:00,MG,116,221,CATUJI,Demais falhas mecânicas ou elétricas,Incêndio,Sem Vítimas,Pleno dia,Decrescente,Céu Claro,Simples,Reta,Não,2,0,0,0,1,1,0,2,"-17,41543302","-41,51420574",SPRF-MG,DEL11-MG,UOP01-DEL11-MG
423183,2022-03-28,segunda-feira,07:00:00,PB,101,85,BAYEUX,Condutor deixou de manter distância do veículo da frente,Colisão traseira,Com Vítimas Feridas,Pleno dia,Decrescente,Nublado,Dupla,Reta,Sim,2,0,1,0,0,1,1,2,"-7,15118983","-34,91012184",SPRF-PB,DEL01-PB,UOP01-DEL01-PB
423184,2022-02-21,segunda-feira,04:15:00,SP,116,"125,2",CACAPAVA,Reação tardia ou ineficiente do condutor,Colisão traseira,Com Vítimas Feridas,Plena Noite,Decrescente,Céu Claro,Dupla,Reta,Sim,5,0,1,1,2,1,2,3,"-23,09872598","-45,68608201",SPRF-SP,DEL02-SP,UOP02-DEL02-SP
423197,2022-03-28,segunda-feira,07:30:00,MA,135,"196,6",ALTO ALEGRE DO MARANHAO,Transitar na contramão,Colisão frontal,Com Vítimas Fatais,Pleno dia,Decrescente,Céu Claro,Simples,Reta,Não,4,2,0,0,1,1,0,3,"-4,163355","-44,469224",SPRF-MA,DEL03-MA,UOP01-DEL03-MA
423202,2022-03-28,segunda-feira,08:00:00,CE,20,"407,4",CAUCAIA,Conversão proibida,Colisão traseira,Com Vítimas Fatais,Pleno dia,Decrescente,Chuva,Dupla,Em Obras;Reta,Sim,5,1,1,0,2,1,1,4,"-3,77921799","-38,65891149",SPRF-CE,DEL01-CE,UOP01-DEL01-CE
423203,2022-03-28,segunda-feira,03:40:00,BA,324,414,NOVA FATIMA,Animais na Pista,Atropelamento de Animal,Sem Vítimas,Plena Noite,Decrescente,Céu Claro,Simples,Reta,Não,2,0,0,0,2,0,0,1,"-11,68148","-39,55114",SPRF-BA,DEL04-BA,UOP02-DEL04-BA