id,data_inversa,dia_semana,horario,uf,br,km,municipio,causa_acidente,tipo_acidente,classificacao_acidente,fase_dia,sentido_via,condicao_metereologica,tipo_pista,tracado_via,uso_solo,pessoas,mortos,feridos_leves,feridos_graves,ilesos,ignorados,feridos,veiculos,latitude,longitude,regional,delegacia,uop
423205,2022-03-28,segunda-feira,08:35:00,PB,230,"126,1",RIACHAO DO BACAMARTE,Reação tardia ou ineficiente do condutor,Colisão com objeto,Com Vítimas Feridas,Pleno dia,Crescente,Nublado,Dupla,Curva,Não,2,0,1,0,0,1,1,2,"-7,260531","-35,69783092",SPRF-PB,DEL02-PB,UOP01-DEL02-PB
423206,2022-03-28,segunda-feira,08:30:00,PR,277,"530,8",CAMPO BONITO,Acesso irregular,Colisão transversal,Com Vítimas Feridas,Pleno dia,Crescente,Sol,Simples,Reta,Sim,2,0,0,1,1,0,1,2,"-25,091649","-52,949265",SPRF-PR,DEL04-PR,UOP01-DEL04-PR
423207,2022-03-28,segunda-feira,08:45:00,SP,153,"61,7",SAO JOSE DO RIO PRETO,Reação tardia ou ineficiente do condutor,Colisão com objeto,Sem Vítimas,Pleno dia,Crescente,Céu Claro,Dupla,Declive,Sim,1,0,0,0,1,0,0,1,"-20,80502876","-49,35574909",SPRF-SP,DEL09-SP,UOP01-DEL09-SP
423221,2022-03-28,segunda-feira,09:10:00,MT,70,"512,5",VARZEA GRANDE,Reação tardia ou ineficiente do condutor,Engavetamento,Com Vítimas Feridas,Pleno dia,Crescente,Sol,Simples,Reta,Não,5,0,1,0,3,3,1,7,"-15,703438","-56,119428",SPRF-MT,DEL01-MT,UOP02-DEL01-MT
423225,2022-03-28,segunda-feira,09:00:00,MG,116,"123,6",ITAOBIM,Reação tardia ou ineficiente do condutor,Tombamento,Com Vítimas Feridas,Pleno dia,Crescente,Sol,Simples,Curva,Não,2,0,1,0,1,0,1,2,"-16,62714205","-41,50269872",SPRF-MG,DEL11-MG,UOP02-DEL11-MG
423228,2022-03-28,segunda-feira,09:45:00,MG,381,"671,5",PERDOES,Velocidade Incompatível,Colisão com objeto,Com Vítimas Feridas,Pleno dia,Crescente,Garoa/Chuvisco,Dupla,Curva,Não,3,0,1,0,1,1,1,2,"-21,08945416","-45,06864195",SPRF-MG,DEL04-MG,UOP02-DEL04-MG
423229,2022-03-28,segunda-feira,09:30:00,GO,50,192,CAMPO ALEGRE DE GOIAS,Ausência de reação do condutor,Colisão traseira,Com Vítimas Fatais,Pleno dia,Decrescente,Céu Claro,Dupla,Reta;Declive,Não,3,1,0,0,1,1,0,3,"-17,5101","-47,8246",SPRF-GO,DEL06-GO,UOP01-DEL06-GO
423230,2022-03-28,segunda-feira,08:10:00,RR,401,58,BONFIM,Manobra de mudança de faixa,Tombamento,Sem Vítimas,Pleno dia,Decrescente,Céu Claro,Simples,Reta,Não,4,0,0,0,3,3,0,4,"3,11391913","-60,32282704",SPRF-RR,DEL01-RR,UOP01-DEL01-RR
423234,2022-03-28,segunda-feira,11:20:00,AL,101,74,RIO LARGO,Mal súbito do condutor,Saída de leito carroçável,Com Vítimas Feridas,Pleno dia,Crescente,Céu Claro,Dupla,Reta,Não,1,0,1,0,0,0,1,1,"-9,395538","-35,8387",SPRF-AL,DEL01-AL,UOP01-DEL01-AL
423235,2022-03-28,segunda-feira,09:00:00,BA,407,"106,7",JAGUARARI,Transitar na contramão,Colisão lateral sentido oposto,Com Vítimas Fatais,Pleno dia,Crescente,Céu Claro,Simples,Reta,Não,3,1,0,0,1,1,0,3,"-10,28012909","-40,17339549",SPRF-BA,DEL04-BA,UOP01-DEL04-BA
423239,2022-03-28,segunda-feira,12:20:00,AL,316,147,PALMEIRA DOS INDIOS,Desrespeitar a preferência no cruzamento,Colisão lateral sentido oposto,Com Vítimas Feridas,Pleno dia,Decrescente,Céu Claro,Simples,Reta,Não,2,0,1,0,1,0,1,2,"-9,40239145","-36,69602965",SPRF-AL,DEL03-AL,UOP01-DEL03-AL
423240,2022-03-28,segunda-feira,12:00:00,BA,116,565,BREJOES,Condutor deixou de manter distância do veículo da frente,Colisão traseira,Com Vítimas Feridas,Pleno dia,Crescente,Céu Claro,Simples,Reta,Não,6,0,3,0,2,2,3,4,"-12,97080612","-39,93364785",SPRF-BA,DEL03-BA,UOP02-DEL03-BA
423259,2022-03-28,segunda-feira,14:20:00,MG,153,213,FRUTAL,Demais falhas na via,Saída de leito carroçável,Com Vítimas Feridas,Pleno dia,Decrescente,Céu Claro,Simples,Curva,Não,2,0,1,0,0,1,1,2,"-20,09638977","-49,08756339",SPRF-MG,DEL13-MG,UOP02-DEL13-MG
423260,2022-03-28,segunda-feira,14:00:00,RJ,101,33,CAMPOS DOS GOYTACAZES,Ingestão de álcool pelo condutor,Colisão traseira,Com Vítimas Feridas,Pleno dia,Decrescente,Céu Claro,Simples,Reta,Não,4,0,0,2,1,1,2,3,"-21,4909496","-41,34182093",SPRF-RJ,DEL08-RJ,UOP01-DEL08-RJ
423262,2022-03-28,segunda-feira,10:00:00,MT,174,101,CACERES,Acostamento em desnível,Capotamento,Com Vítimas Feridas,Pleno dia,Decrescente,Sol,Simples,Curva,Não,1,0,1,0,0,0,1,1,"-15,83767801","-57,877233",SPRF-MT,DEL03-MT,UOP01-DEL03-MT
423272,2022-03-28,segunda-feira,14:45:00,SC,470,"144,9",RIO DO SUL,Transitar na contramão,Colisão lateral sentido oposto,Com Vítimas Feridas,Pleno dia,Decrescente,Sol,Simples,Curva,Sim,5,0,1,0,3,2,1,6,"-27,23219176","-49,67146933",SPRF-SC,DEL04-SC,UOP02-DEL04-SC
423294,2022-02-07,segunda-feira,19:20:00,MT,364,543,ROSARIO OESTE,Desrespeitar a preferência no cruzamento,Colisão transversal,Com Vítimas Feridas,Plena Noite,Crescente,Chuva,Simples,Reta,Sim,3,0,0,1,1,3,1,5,"-14,90512097","-56,4679881",SPRF-MT,DEL01-MT,UOP01-DEL01-MT
423299,2022-03-28,segunda-feira,17:50:00,MG,50,84,UBERLANDIA,Chuva,Colisão traseira,Com Vítimas Feridas,Anoitecer,Decrescente,Chuva,Dupla,Reta,Não,4,0,1,0,3,0,1,3,"-18,99589703","-48,21049418",SPRF-MG,DEL15-MG,UOP01-DEL15-MG
423300,2022-03-28,segunda-feira,17:40:00,MG,50,84,UBERLANDIA,Velocidade Incompatível,Tombamento,Com Vítimas Feridas,Pleno dia,Crescente,Céu Claro,Dupla,Reta,Sim,1,0,1,0,0,0,1,1,"-18,99589703","-48,21049418",SPRF-MG,DEL15-MG,UOP01-DEL15-MG
423301,2022-03-28,segunda-feira,16:54:00,RS,471,477,RIO GRANDE,Conversão proibida,Colisão traseira,Com Vítimas Feridas,Pleno dia,Decrescente,Sol,Simples,Reta,Não,5,0,2,0,2,3,2,6,"-32,177578","-52,419815",SPRF-RS,DEL07-RS,UOP02-DEL07-RS
423305,2022-03-28,segunda-feira,18:35:00,SC,470,11,NAVEGANTES,Transitar no acostamento,Colisão transversal,Com Vítimas Feridas,Anoitecer,Decrescente,Céu Claro,Simples,Interseção de Vias;Reta;Em Obras,Não,3,0,2,0,1,0,2,2,"-26,834309","-48,747269",SPRF-SC,DEL04-SC,UOP04-DEL04-SC
423307,2022-03-28,segunda-feira,18:20:00,BA,116,500,SANTA TERESINHA,Entrada inopinada do pedestre,Atropelamento de Pedestre,Com Vítimas Fatais,Plena Noite,Decrescente,Nublado,Simples,Reta,Não,3,1,0,0,1,2,0,4,"-12,6075256","-39,5580049",SPRF-BA,DEL03-BA,UOP02-DEL03-BA
423315,2022-03-28,segunda-feira,16:15:00,MT,364,348,SANTO ANTONIO DO LEVERGER,Problema com o freio,Saída de leito carroçável,Com Vítimas Feridas,Pleno dia,Crescente,Nublado,Dupla,Declive,Não,2,0,1,0,0,3,1,4,"-15,80416834","-55,55429598",SPRF-MT,DEL05-MT,UOP02-DEL05-MT
423318,2022-03-28,segunda-feira,19:00:00,PR,369,156,LONDRINA,Ausência de reação do condutor,Colisão traseira,Com Vítimas Feridas,Plena Noite,Crescente,Céu Claro,Dupla,Reta,Sim,4,0,1,0,2,1,1,3,"-23,290954","-51,21907",SPRF-PR,DEL07-PR,UOP01-DEL07-PR
423319,2022-03-28,segunda-feira,19:30:00,PR,116,"112,2",CURITIBA,Reação tardia ou ineficiente do condutor,Colisão traseira,Com Vítimas Feridas,Plena Noite,Decrescente,Céu Claro,Dupla,Reta,Não,3,0,1,0,2,0,1,3,"-25,56730763","-49,23706792",SPRF-PR,DEL01-PR,UOP01-DEL01-PR
423324,2022-03-28,segunda-feira,20:20:00,PR,116,118,CURITIBA,Manobra de mudança de faixa,Colisão lateral mesmo sentido,Com Vítimas Feridas,Plena Noite,Crescente,Céu Claro,Dupla,Reta,Não,3,0,1,0,1,1,1,3,"-25,54657438","-49,29173608",SPRF-PR,DEL01-PR,UOP03-DEL01-PR
423329,2022-03-28,segunda-feira,04:40:00,MS,262,175,RIBAS DO RIO PARDO,Acessar a via sem observar a presença dos outros veículos,Colisão transversal,Com Vítimas Feridas,Plena Noite,Crescente,Céu Claro,Simples,Reta,Não,7,0,1,0,1,7,1,5,"-20,4151414","-53,16081506",SPRF-MS,DEL07-MS,UOP02-DEL07-MS
423330,2022-03-28,segunda-feira,20:42:00,RS,386,"296,1",POUSO NOVO,Transitar na contramão,Colisão frontal,Com Vítimas Fatais,Plena Noite,Crescente,Céu Claro,Simples,Curva,Não,4,2,1,0,0,2,1,4,"-29,136362","-52,24575",SPRF-RS,DEL04-RS,UOP01-DEL04-RS
423331,2022-03-28,segunda-feira,20:20:00,RJ,116,119,MAGE,Demais falhas mecânicas ou elétricas,Incêndio,Sem Vítimas,Plena Noite,Crescente,Nublado,Dupla,Reta,Não,2,0,0,0,1,1,0,2,"-22,61573088","-43,03749507",SPRF-RJ,DEL04-RJ,UOP02-DEL04-RJ
423333,2022-03-28,segunda-feira,07:00:00,PA,155,255,ELDORADO DO CARAJAS,Reação tardia ou ineficiente do condutor,Saída de leito carroçável,Sem Vítimas,Pleno dia,Decrescente,Nublado,Simples,Curva,Não,2,0,0,0,1,2,0,3,"-6,08510399","-49,31872679",SPRF-PA,DEL03-PA,UOP01-DEL03-PA
423335,2022-03-28,segunda-feira,20:50:00,RS,285,299,PASSO FUNDO,Transitar na contramão,Colisão lateral sentido oposto,Com Vítimas Fatais,Plena Noite,Decrescente,Céu Claro,Simples,Reta,Sim,3,1,0,0,1,1,0,3,"-28,23451324","-52,43265867",SPRF-RS,DEL08-RS,UOP03-DEL08-RS
423336,2022-03-28,segunda-feira,21:00:00,SC,116,124,SANTA CECILIA,Curva acentuada,Saída de leito carroçável,Com Vítimas Feridas,Plena Noite,Crescente,Nublado,Simples,Curva,Não,1,0,1,0,0,0,1,1,"-26,85025694","-50,40504834",SPRF-SC,DEL06-SC,UOP02-DEL06-SC
423342,2022-03-28,segunda-feira,17:30:00,RJ,493,78,JAPERI,Iluminação deficiente,Colisão traseira,Com Vítimas Feridas,Anoitecer,Decrescente,Céu Claro,Dupla,Reta,Não,8,0,2,0,6,0,2,2,"-22,65837347","-43,60336304",SPRF-RJ,DEL01-RJ,UOP03-DEL01-RJ
423345,2022-03-29,terça-feira,01:00:00,TO,153,144,ARAGUAINA,Reação tardia ou ineficiente do condutor,Saída de leito carroçável,Sem Vítimas,Plena Noite,Decrescente,Chuva,Dupla,Reta,Sim,1,0,0,0,1,0,0,1,"-7,19662811","-48,23636977",SPRF-TO,DEL02-TO,UOP01-DEL02-TO
423347,2022-03-29,terça-feira,01:31:00,SC,101,192,BIGUACU,Condutor Dormindo,Tombamento,Com Vítimas Feridas,Plena Noite,Decrescente,Nublado,Múltipla,Curva,Sim,2,0,0,1,0,1,1,2,"-27,48443781","-48,64765238",SPRF-SC,DEL01-SC,UOP01-DEL01-SC
423351,2022-03-29,terça-feira,03:40:00,RJ,40,15,TRES RIOS,Condutor Dormindo,Colisão com objeto,Sem Vítimas,Plena Noite,Crescente,Céu Claro,Dupla,Curva,Não,2,0,0,0,1,1,0,2,"-22,07316096","-43,186878",SPRF-RJ,DEL05-RJ,UOP02-DEL05-RJ
423352,2022-03-29,terça-feira,05:45:00,ES,101,259,SERRA,Reação tardia ou ineficiente do condutor,Colisão traseira,Com Vítimas Feridas,Amanhecer,Crescente,Céu Claro,Simples,Reta;Aclive,Sim,3,0,1,0,1,1,1,3,"-20,14616415","-40,28836206",SPRF-ES,DEL02-ES,UOP01-DEL02-ES
423353,2022-03-29,terça-feira,05:40:00,RS,285,231,CASEIROS,Condutor Dormindo,Colisão traseira,Com Vítimas Feridas,Amanhecer,Crescente,Céu Claro,Simples,Reta,Não,2,0,1,0,1,0,1,2,"-28,242197","-51,798607",SPRF-RS,DEL08-RS,UOP05-DEL08-RS
423354,2022-03-29,terça-feira,06:05:00,SC,470,"61,6",BLUMENAU,Condutor Dormindo,Colisão frontal,Com Vítimas Feridas,Amanhecer,Crescente,Nublado,Simples,Curva,Sim,3,0,1,1,0,1,2,3,"-26,87583716","-49,18076992",SPRF-SC,DEL04-SC,UOP01-DEL04-SC
423355,2022-03-28,segunda-feira,15:40:00,MG,153,75,MONTE ALEGRE DE MINAS,Velocidade Incompatível,Colisão frontal,Com Vítimas Feridas,Pleno dia,Crescente,Chuva,Simples,Reta,Não,4,0,0,2,1,1,2,3,"-19,02227706","-49,01308814",SPRF-MG,DEL15-MG,UOP03-DEL15-MG
423360,2022-03-27,domingo,08:00:00,SC,282,537,CHAPECO,Carga excessiva e/ou mal acondicionada,Derramamento de carga,Sem Vítimas,Amanhecer,Decrescente,Céu Claro,Simples,Reta,Não,2,0,0,0,1,2,0,3,"-26,99623718","-52,6763553",SPRF-SC,DEL07-SC,UOP01-DEL07-SC
423363,2022-03-29,terça-feira,07:55:00,PB,230,27,JOAO PESSOA,Trafegar com motocicleta (ou similar) entre as faixas,Colisão traseira,Com Vítimas Feridas,Pleno dia,Decrescente,Céu Claro,Múltipla,Reta;Viaduto;Aclive,Sim,2,0,0,1,1,0,1,2,"-7,1677","-34,8855",SPRF-PB,DEL01-PB,UOP01-DEL01-PB
423365,2022-03-29,terça-feira,07:15:00,SC,101,"121,6",ITAJAI,Condutor deixou de manter distância do veículo da frente,Colisão traseira,Com Vítimas Feridas,Pleno dia,Crescente,Nublado,Dupla,Reta,Sim,3,0,1,0,1,1,1,3,"-26,92103178","-48,70856446",SPRF-SC,DEL04-SC,UOP04-DEL04-SC
423370,2022-03-29,terça-feira,06:00:00,BA,242,463,IBITIARA,Ausência de reação do condutor,Saída de leito carroçável,Com Vítimas Feridas,Pleno dia,Crescente,Céu Claro,Simples,Curva,Não,2,0,0,1,0,1,1,2,"-12,4423791","-42,17379204",SPRF-BA,DEL06-BA,UOP01-DEL06-BA
423371,2022-03-28,segunda-feira,11:20:00,AP,210,13,MACAPA,Ultrapassagem Indevida,Colisão frontal,Com Vítimas Feridas,Pleno dia,Crescente,Chuva,Simples,Reta,Não,3,0,0,2,1,0,2,2,"0,14168188","-51,1439583",SPRF-AP,DEL01-AP,UOP01-DEL01-AP
423374,2022-03-29,terça-feira,09:04:00,SC,282,"516,6",XAXIM,Velocidade Incompatível,Colisão traseira,Com Vítimas Feridas,Pleno dia,Crescente,Céu Claro,Simples,Reta,Não,7,0,3,0,3,1,3,5,"-26,930862","-52,499157",SPRF-SC,DEL07-SC,UOP01-DEL07-SC
423377,2022-03-29,terça-feira,09:50:00,PE,104,115,PANELAS,Desrespeitar a preferência no cruzamento,Colisão transversal,Com Vítimas Fatais,Pleno dia,Decrescente,Sol,Simples,Interseção de Vias;Reta;Declive,Sim,7,2,0,1,0,4,1,7,"-8,66244511","-36,01451397",SPRF-PE,DEL02-PE,UOP01-DEL02-PE
423381,2022-03-29,terça-feira,04:40:00,BA,242,254,BOA VISTA DO TUPIM,Condutor Dormindo,Tombamento,Sem Vítimas,Amanhecer,Decrescente,Céu Claro,Simples,Reta,Não,2,0,0,0,0,3,0,3,"-12,49501957","-40,50446771",SPRF-BA,DEL06-BA,UOP02-DEL06-BA
423386,2022-03-29,terça-feira,10:00:00,PI,316,"2,6",TERESINA,Reação tardia ou ineficiente do condutor,Colisão lateral mesmo sentido,Sem Vítimas,Pleno dia,Crescente,Céu Claro,Múltipla,Interseção de Vias,Sim,2,0,0,0,2,0,0,2,"-5,12477477","-42,79848465",SPRF-PI,DEL01-PI,UOP02-DEL01-PI
423391,2022-03-29,terça-feira,11:30:00,MG,267,"64,9",BICAS,Transitar na contramão,Colisão lateral sentido oposto,Com Vítimas Feridas,Pleno dia,Crescente,Céu Claro,Simples,Reta,Não,2,0,2,0,0,0,2,2,"-21,73176855","-43,08260711",SPRF-MG,DEL05-MG,UOP01-DEL05-MG
423394,2022-03-29,terça-feira,12:00:00,CE,20,"364,1",MARANGUAPE,Pista esburacada,Colisão frontal,Com Vítimas Feridas,Pleno dia,Decrescente,Chuva,Simples,Aclive,Não,3,0,0,1,2,0,1,2,"-4,00360328","-38,9596279",SPRF-CE,DEL02-CE,UOP01-DEL02-CE
423403,2022-03-29,terça-feira,12:40:00,CE,20,426,FORTALEZA,Condutor deixou de manter distância do veículo da frente,Colisão traseira,Com Vítimas Feridas,Pleno dia,Crescente,Chuva,Dupla,Reta,Sim,2,0,1,0,0,1,1,2,"-3,76999035","-38,67006282",SPRF-CE,DEL01-CE,UOP02-DEL01-CE
423407,2022-03-29,terça-feira,13:20:00,SC,480,"126,8",CHAPECO,Desrespeitar a preferência no cruzamento,Colisão transversal,Com Vítimas Feridas,Pleno dia,Decrescente,Sol,Simples,Interseção de Vias,Sim,2,0,0,1,1,0,1,2,"-27,020083","-52,636024",SPRF-SC,DEL07-SC,UOP01-DEL07-SC
423408,2022-03-29,terça-feira,12:00:00,SC,101,"35,5",JOINVILLE,Manobra de mudança de faixa,Colisão com objeto,Com Vítimas Feridas,Pleno dia,Crescente,Céu Claro,Dupla,Reta,Não,2,0,1,0,0,1,1,2,"-26,2411301","-48,91227415",SPRF-SC,DEL03-SC,UOP01-DEL03-SC
423409,2022-02-05,sábado,13:45:00,MG,116,"778,9",LEOPOLDINA,Condutor Dormindo,Colisão frontal,Com Vítimas Feridas,Pleno dia,Crescente,Chuva,Simples,Reta,Não,3,0,0,1,1,1,1,3,"-21,60159985","-42,69912624",SPRF-MG,DEL07-MG,UOP01-DEL07-MG
423411,2022-03-29,terça-feira,13:40:00,RN,304,43,MOSSORO,Reação tardia ou ineficiente do condutor,Tombamento,Sem Vítimas,Pleno dia,Decrescente,Nublado,Dupla,Retorno Regulamentado,Sim,2,0,0,0,2,0,0,2,"-5,21815835","-37,36500124",SPRF-RN,DEL04-RN,UOP01-DEL04-RN
423417,2022-01-29,sábado,14:00:00,MA,226,"251,2",TUNTUM,Reação tardia ou ineficiente do condutor,Tombamento,Com Vítimas Fatais,Pleno dia,Crescente,Céu Claro,Simples,Reta,Não,2,1,0,0,0,3,0,4,"-5,39389381","-44,87027096",SPRF-MA,DEL03-MA,UOP01-DEL03-MA
423418,2022-03-29,terça-feira,13:30:00,MG,50,179,UBERABA,Reação tardia ou ineficiente do condutor,Saída de leito carroçável,Com Vítimas Feridas,Pleno dia,Decrescente,Céu Claro,Dupla,Reta;Declive,Não,3,0,1,0,1,1,1,2,"-19,77827047","-47,93140998",SPRF-MG,DEL13-MG,UOP01-DEL13-MG
423420,2022-03-09,quarta-feira,18:30:00,TO,153,623,ALIANCA DO TOCANTINS,Acostamento em desnível,Saída de leito carroçável,Com Vítimas Feridas,Plena Noite,Crescente,Nublado,Simples,Reta,Não,1,0,0,1,0,0,1,1,"-11,30071704","-48,94011265",SPRF-TO,DEL01-TO,UOP02-DEL01-TO
423422,2022-03-29,terça-feira,12:50:00,MG,251,"449,8",GRAO MOGOL,Velocidade Incompatível,Tombamento,Com Vítimas Fatais,Pleno dia,Decrescente,Sol,Simples,Curva,Não,2,1,0,1,0,0,1,1,"-16,420528","-43,28967",SPRF-MG,DEL12-MG,UOP01-DEL12-MG
423426,2022-01-05,quarta-feira,17:00:00,MG,153,"42,5",CANAPOLIS,Velocidade Incompatível,Saída de leito carroçável,Com Vítimas Feridas,Pleno dia,Decrescente,Nublado,Dupla,Curva,Não,2,0,0,1,0,1,1,2,"-18,7557052","-49,07788634",SPRF-MG,DEL15-MG,UOP03-DEL15-MG
423428,2022-03-29,terça-feira,14:30:00,CE,20,425,FORTALEZA,Pista em desnível,Saída de leito carroçável,Com Vítimas Feridas,Pleno dia,Decrescente,Chuva,Dupla,Reta,Não,1,0,1,0,0,0,1,1,"-3,860794","-38,536437",SPRF-CE,DEL01-CE,UOP02-DEL01-CE
423429,2022-03-29,terça-feira,17:10:00,PE,232,"32,8",MORENO,Acesso irregular,Colisão traseira,Com Vítimas Feridas,Anoitecer,Crescente,Céu Claro,Dupla,Reta,Não,3,0,1,0,1,1,1,2,"-8,10541732","-35,1665671",SPRF-PE,DEL01-PE,UOP01-DEL01-PE
423432,2022-03-29,terça-feira,14:40:00,MA,222,624,ACAILANDIA,Frear bruscamente,Tombamento,Com Vítimas Feridas,Pleno dia,Crescente,Chuva,Simples,Declive,Não,2,0,1,0,0,1,1,2,"-4,762597","-47,050929",SPRF-MA,DEL04-MA,UOP03-DEL04-MA
423433,2022-03-29,terça-feira,16:00:00,MT,163,651,LUCAS DO RIO VERDE,Reação tardia ou ineficiente do condutor,Colisão traseira,Com Vítimas Feridas,Pleno dia,Crescente,Céu Claro,Simples,Reta,Não,3,0,1,0,1,5,1,7,"-13,3683","-56,0732",SPRF-MT,DEL06-MT,UOP01-DEL06-MT
423436,2022-03-29,terça-feira,17:30:00,MG,381,"422,8",CAETE,Frear bruscamente,Colisão com objeto,Com Vítimas Feridas,Pleno dia,Crescente,Céu Claro,Dupla,Reta,Não,1,0,0,1,0,0,1,1,"-19,78973406","-43,67222724",SPRF-MG,DEL01-MG,UOP01-DEL01-MG
423438,2022-03-29,terça-feira,17:50:00,RS,158,328,SANTA MARIA,Manobra de mudança de faixa,Colisão lateral mesmo sentido,Sem Vítimas,Pleno dia,Crescente,Nublado,Simples,Reta,Sim,3,0,0,0,3,0,0,2,"-29,7111290641","-53,8196820365",SPRF-RS,DEL09-RS,UOP01-DEL09-RS
423440,2022-03-29,terça-feira,17:55:00,PE,232,126,CARUARU,Manobra de mudança de faixa,Tombamento,Com Vítimas Feridas,Anoitecer,Crescente,Céu Claro,Dupla,Reta,Não,2,0,1,0,0,1,1,2,"-8,30819677","-35,95467594",SPRF-PE,DEL02-PE,UOP03-DEL02-PE
423441,2022-03-29,terça-feira,17:35:00,PE,101,"78,1",RECIFE,Condutor deixou de manter distância do veículo da frente,Colisão traseira,Com Vítimas Feridas,Anoitecer,Crescente,Céu Claro,Dupla,Reta,Não,2,0,1,0,1,0,1,2,"-8,13496499","-34,94738614",SPRF-PE,DEL01-PE,UOP01-DEL01-PE
423448,2022-03-29,terça-feira,18:30:00,PR,116,"105,5",SAO JOSE DOS PINHAIS,Ausência de reação do condutor,Colisão lateral mesmo sentido,Com Vítimas Feridas,Plena Noite,Crescente,Céu Claro,Dupla,Reta,Sim,3,0,1,0,1,1,1,3,"-25,56635207","-49,16833598",SPRF-PR,DEL01-PR,UOP01-DEL01-PR
423455,2022-03-29,terça-feira,17:00:00,MA,402,98,HUMBERTO DE CAMPOS,Condutor Dormindo,Saída de leito carroçável,Sem Vítimas,Anoitecer,Crescente,Ignorado,Simples,Reta,Não,1,0,0,0,1,0,0,1,"-2,749471","-43,568943",SPRF-MA,DEL01-MA,UOP01-DEL01-MA
423456,2022-03-29,terça-feira,19:15:00,PR,163,160,LINDOESTE,Transitar na contramão,Colisão frontal,Sem Vítimas,Plena Noite,Crescente,Céu Claro,Simples,Aclive,Não,3,0,0,0,1,3,0,4,"-25,33653711","-53,5887282",SPRF-PR,DEL05-PR,UOP05-DEL05-PR
423457,2022-03-29,terça-feira,18:50:00,PR,376,592,CURITIBA,Condutor Dormindo,Colisão traseira,Com Vítimas Feridas,Plena Noite,Crescente,Céu Claro,Dupla,Reta,Não,2,0,1,0,1,0,1,2,"-25,46833525","-49,35524543",SPRF-PR,DEL01-PR,UOP01-DEL01-PR
423458,2022-03-29,terça-feira,11:00:00,PR,153,"124,9",IBAITI,Velocidade Incompatível,Tombamento,Com Vítimas Feridas,Pleno dia,Crescente,Céu Claro,Simples,Curva,Não,2,0,1,0,0,2,1,3,"-23,9616268","-50,23760319",SPRF-PR,DEL07-PR,UOP04-DEL07-PR
423459,2022-03-29,terça-feira,14:15:00,PR,277,"413,1",CANTAGALO,Ausência de reação do condutor,Saída de leito carroçável,Sem Vítimas,Pleno dia,Crescente,Céu Claro,Simples,Reta,Não,1,0,0,0,1,0,0,1,"-25,42378449","-52,03083928",SPRF-PR,DEL04-PR,UOP02-DEL04-PR
423464,2022-03-29,terça-feira,20:10:00,MG,40,563,NOVA LIMA,Ausência de reação do condutor,Colisão lateral mesmo sentido,Com Vítimas Feridas,Plena Noite,Decrescente,Nublado,Dupla,Curva,Sim,4,0,0,2,1,1,2,3,"-20,15241986","-43,96263156",SPRF-MG,DEL01-MG,UOP02-DEL01-MG
423466,2022-03-24,quinta-feira,08:50:00,SP,381,52,ATIBAIA,Manobra de mudança de faixa,Colisão lateral mesmo sentido,Sem Vítimas,Pleno dia,Crescente,Céu Claro,Múltipla,Curva,Não,2,0,0,0,2,0,0,2,"-23,2300621951","-46,5996307561",SPRF-SP,DEL03-SP,UOP01-DEL03-SP
423476,2022-03-29,terça-feira,15:00:00,PR,277,"595,9",CASCAVEL,Acessar a via sem observar a presença dos outros veículos,Atropelamento de Pedestre,Com Vítimas Feridas,Pleno dia,Decrescente,Céu Claro,Dupla,Reta,Sim,2,0,0,1,1,0,1,2,"-24,98154632","-53,50141969",SPRF-PR,DEL04-PR,UOP01-DEL04-PR
423488,2022-03-29,terça-feira,10:10:00,SC,282,"137,2",BOM RETIRO,Velocidade Incompatível,Saída de leito carroçável,Sem Vítimas,Pleno dia,Decrescente,Céu Claro,Simples,Rotatória,Não,2,0,0,0,1,1,0,2,"-27,823","-49,5705",SPRF-SC,DEL05-SC,UOP01-DEL05-SC
423489,2022-03-29,terça-feira,21:30:00,PR,153,139,VENTANIA,Reação tardia ou ineficiente do condutor,Tombamento,Com Vítimas Feridas,Plena Noite,Decrescente,Céu Claro,Simples,Curva,Não,2,0,1,0,0,1,1,2,"-24,07981117","-50,24907123",SPRF-PR,DEL07-PR,UOP04-DEL07-PR
423490,2022-03-29,terça-feira,17:50:00,MT,364,20,ALTO ARAGUAIA,Demais falhas mecânicas ou elétricas,Incêndio,Sem Vítimas,Anoitecer,Crescente,Céu Claro,Simples,Aclive,Não,3,0,0,0,1,3,0,4,"-17,21336858","-53,34829392",SPRF-MT,DEL02-MT,UOP02-DEL02-MT
423491,2022-03-30,quarta-feira,01:00:00,GO,50,"180,5",CAMPO ALEGRE DE GOIAS,Condutor Dormindo,Colisão com objeto,Com Vítimas Feridas,Plena Noite,Decrescente,Céu Claro,Dupla,Curva,Não,3,0,0,2,0,1,2,2,"-17,4105","-47,787",SPRF-GO,DEL06-GO,UOP01-DEL06-GO
423492,2022-03-30,quarta-feira,02:40:00,PB,230,"135,4",CAMPINA GRANDE,Demais falhas mecânicas ou elétricas,Tombamento,Com Vítimas Feridas,Plena Noite,Decrescente,Céu Claro,Dupla,Curva,Não,2,0,1,0,0,2,1,3,"-7,2789","-35,7591",SPRF-PB,DEL02-PB,UOP01-DEL02-PB