id,data_inversa,dia_semana,horario,uf,br,km,municipio,causa_acidente,tipo_acidente,classificacao_acidente,fase_dia,sentido_via,condicao_metereologica,tipo_pista,tracado_via,uso_solo,pessoas,mortos,feridos_leves,feridos_graves,ilesos,ignorados,feridos,veiculos,latitude,longitude,regional,delegacia,uop
423493,2022-03-30,quarta-feira,01:55:00,SC,282,"80,5",RANCHO QUEIMADO,Demais falhas mecânicas ou elétricas,Incêndio,Sem Vítimas,Plena Noite,Crescente,Nevoeiro/Neblina,Simples,Curva,Não,1,0,0,0,1,0,0,1,"-27,661347","-49,164067",SPRF-SC,DEL01-SC,UOP03-DEL01-SC
423494,2022-03-30,quarta-feira,03:30:00,CE,20,424,FORTALEZA,Frear bruscamente,Colisão traseira,Com Vítimas Feridas,Amanhecer,Crescente,Chuva,Dupla,Ponte,Não,4,0,3,0,1,0,3,2,"-3,76999035","-38,67006282",SPRF-CE,DEL01-CE,UOP02-DEL01-CE
423495,2022-03-29,terça-feira,15:10:00,MS,163,"250,6",DOURADOS,Reação tardia ou ineficiente do condutor,Engavetamento,Com Vítimas Feridas,Pleno dia,Crescente,Sol,Simples,Desvio Temporário,Não,4,0,3,0,1,0,3,3,"-22,30589498","-54,8205117",SPRF-MS,DEL04-MS,UOP01-DEL04-MS
423498,2022-03-30,quarta-feira,05:38:00,ES,101,165,LINHARES,Condutor Dormindo,Saída de leito carroçável,Com Vítimas Feridas,Amanhecer,Crescente,Céu Claro,Simples,Reta,Não,1,0,0,1,0,0,1,1,"-19,51360307","-40,1399459",SPRF-ES,DEL04-ES,UOP01-DEL04-ES
423499,2022-03-30,quarta-feira,06:12:00,RJ,101,56,CAMPOS DOS GOYTACAZES,Reação tardia ou ineficiente do condutor,Colisão traseira,Com Vítimas Feridas,Pleno dia,Crescente,Céu Claro,Simples,Reta,Sim,6,0,1,1,2,2,2,5,"-21,68714199","-41,31063697",SPRF-RJ,DEL08-RJ,UOP01-DEL08-RJ
423500,2022-03-30,quarta-feira,02:50:00,ES,259,"12,5",JOAO NEIVA,Demais falhas mecânicas ou elétricas,Incêndio,Sem Vítimas,Plena Noite,Decrescente,Nublado,Simples,Reta,Não,2,0,0,0,1,1,0,2,"-19,64547361","-40,40850207",SPRF-ES,DEL02-ES,UOP01-DEL02-ES
423503,2022-03-30,quarta-feira,05:23:00,MG,40,279,TRES MARIAS,Conversão proibida,Colisão transversal,Com Vítimas Feridas,Amanhecer,Crescente,Céu Claro,Simples,Aclive,Sim,3,0,0,1,1,2,1,4,"-18,22921886","-45,2194798",SPRF-MG,DEL14-MG,UOP02-DEL14-MG
423506,2022-03-30,quarta-feira,05:40:00,AP,156,382,FERREIRA GOMES,Estacionar ou parar em local proibido,Colisão traseira,Com Vítimas Fatais,Amanhecer,Decrescente,Chuva,Simples,Reta,Não,6,2,0,3,1,0,3,2,"0,8656182","-51,19814564",SPRF-AP,DEL01-AP,UOP02-DEL01-AP
423512,2022-03-30,quarta-feira,07:35:00,CE,20,419,MARACANAU,Acessar a via sem observar a presença dos outros veículos,Tombamento,Com Vítimas Feridas,Pleno dia,Crescente,Chuva,Dupla,Reta,Sim,3,0,2,0,0,1,2,2,"-3,769990355","-38,6700628172",SPRF-CE,DEL01-CE,UOP02-DEL01-CE
423518,2022-03-30,quarta-feira,05:50:00,SC,470,"126,9",LONTRAS,Ultrapassagem Indevida,Saída de leito carroçável,Com Vítimas Feridas,Amanhecer,Decrescente,Nublado,Simples,Reta,Não,3,0,1,0,1,1,1,3,"-27,129","-49,538277",SPRF-SC,DEL04-SC,UOP02-DEL04-SC
423521,2022-03-30,quarta-feira,07:55:00,MG,381,"734,9",CARMO DA CACHOEIRA,Transitar no acostamento,Queda de ocupante de veículo,Com Vítimas Fatais,Pleno dia,Decrescente,Céu Claro,Dupla,Reta,Não,3,1,0,0,1,2,0,4,"-21,57173297","-45,24325979",SPRF-MG,DEL16-MG,UOP02-DEL16-MG
423522,2022-03-30,quarta-feira,04:00:00,MG,116,308,ITAMBACURI,Ausência de reação do condutor,Tombamento,Com Vítimas Feridas,Amanhecer,Decrescente,Céu Claro,Simples,Declive,Não,3,0,2,0,1,0,2,1,"-18,05506995","-41,66565241",SPRF-MG,DEL11-MG,UOP01-DEL11-MG
423525,2022-03-30,quarta-feira,08:30:00,MG,262,368,JUATUBA,Reação tardia ou ineficiente do condutor,Colisão traseira,Com Vítimas Feridas,Pleno dia,Decrescente,Céu Claro,Dupla,Interseção de Vias,Não,2,0,0,1,0,1,1,2,"-19,97239513","-44,28042402",SPRF-MG,DEL01-MG,UOP03-DEL01-MG
423536,2022-03-30,quarta-feira,08:15:00,SP,116,"25,3",LAVRINHAS,Condutor Dormindo,Tombamento,Com Vítimas Feridas,Pleno dia,Decrescente,Céu Claro,Múltipla,Curva,Não,2,0,1,0,0,1,1,2,"-22,60715716","-44,89625216",SPRF-SP,DEL08-SP,UOP02-DEL08-SP
423538,2022-03-30,quarta-feira,07:00:00,GO,60,33,ALEXANIA,Ausência de reação do condutor,Colisão traseira,Com Vítimas Feridas,Pleno dia,Decrescente,Céu Claro,Dupla,Aclive,Não,3,0,1,0,1,1,1,3,"-16,0963","-48,5202",SPRF-DF,DEL03-DF,UOP01-DEL03-DF
423544,2022-02-22,terça-feira,13:15:00,PR,116,"96,5",SAO JOSE DOS PINHAIS,Entrada inopinada do pedestre,Atropelamento de Pedestre,Com Vítimas Feridas,Pleno dia,Crescente,Nublado,Dupla,Curva,Não,4,0,0,1,1,3,1,4,"-25,54027307","-49,15077209",SPRF-PR,DEL01-PR,UOP01-DEL01-PR
423546,2022-03-30,quarta-feira,08:10:00,RS,158,"249,8",JULIO DE CASTILHOS,Demais falhas mecânicas ou elétricas,Saída de leito carroçável,Sem Vítimas,Pleno dia,Decrescente,Chuva,Simples,Reta,Não,2,0,0,0,2,0,0,1,"-29,11351294","-53,65087509",SPRF-RS,DEL10-RS,UOP02-DEL10-RS
423555,2022-02-04,sexta-feira,17:30:00,PA,155,344,MARABA,Ultrapassagem Indevida,Colisão transversal,Com Vítimas Feridas,Anoitecer,Crescente,Nublado,Simples,Reta;Aclive,Sim,3,0,1,0,1,1,1,3,"-5,36957395","-49,07796968",SPRF-PA,DEL03-PA,UOP01-DEL03-PA
423557,2022-03-29,terça-feira,15:30:00,AM,319,735,HUMAITA,Reação tardia ou ineficiente do condutor,Tombamento,Com Vítimas Feridas,Pleno dia,Crescente,Sol,Simples,Reta,Não,3,0,2,0,0,1,2,2,"-7,94718","-63,35386",SPRF-AM,DEL01-AM,UOP05-DEL01-AM
423561,2022-03-30,quarta-feira,11:40:00,ES,101,"203,4",JOAO NEIVA,Condutor Dormindo,Colisão frontal,Com Vítimas Feridas,Pleno dia,Crescente,Sol,Simples,Curva,Sim,5,0,0,1,3,1,1,4,"-19,74448248","-40,37263506",SPRF-ES,DEL04-ES,UOP01-DEL04-ES
423562,2022-03-30,quarta-feira,10:00:00,RS,470,199,BENTO GONCALVES,Pista Escorregadia,Colisão lateral sentido oposto,Sem Vítimas,Pleno dia,Crescente,Chuva,Simples,Aclive;Curva,Não,3,0,0,0,2,1,0,3,"-29,06736768","-51,57996108",SPRF-RS,DEL06-RS,UOP02-DEL06-RS
423563,2022-03-30,quarta-feira,12:00:00,RJ,101,205,CASIMIRO DE ABREU,Pedestre cruzava a pista fora da faixa,Atropelamento de Pedestre,Com Vítimas Feridas,Pleno dia,Decrescente,Céu Claro,Simples,Reta,Sim,3,0,0,1,1,2,1,4,"-22,475714","-42,19184",SPRF-RJ,DEL08-RJ,UOP04-DEL08-RJ
423566,2022-03-30,quarta-feira,11:30:00,ES,101,"288,2",CARIACICA,Declive acentuado,Tombamento,Com Vítimas Feridas,Pleno dia,Crescente,Céu Claro,Dupla,Retorno Regulamentado,Sim,2,0,1,0,0,1,1,2,"-20,27160351","-40,39091743",SPRF-ES,DEL01-ES,UOP01-DEL01-ES
423571,2022-03-30,quarta-feira,14:00:00,RS,470,"201,7",BENTO GONCALVES,Falta de acostamento,Colisão lateral mesmo sentido,Sem Vítimas,Pleno dia,Decrescente,Chuva,Simples,Curva,Não,3,0,0,0,3,0,0,3,"-29,07499386","-51,58739805",SPRF-RS,DEL06-RS,UOP02-DEL06-RS
423572,2022-03-30,quarta-feira,12:20:00,PR,158,388,MARQUINHO,Ausência de reação do condutor,Atropelamento de Pedestre,Com Vítimas Feridas,Pleno dia,Decrescente,Céu Claro,Simples,Reta,Não,3,0,0,1,2,0,1,2,"-25,2678312","-52,28893471",SPRF-PR,DEL04-PR,UOP02-DEL04-PR
423575,2022-03-30,quarta-feira,13:15:00,RJ,116,168,SAO JOAO DE MERITI,Acesso irregular,Colisão transversal,Sem Vítimas,Pleno dia,Crescente,Céu Claro,Múltipla,Reta,Sim,4,0,0,0,4,0,0,2,"-22,819969","-43,31499997",SPRF-RJ,DEL01-RJ,UOP02-DEL01-RJ
423578,2022-03-30,quarta-feira,10:12:00,MG,365,471,PATROCINIO,Acessar a via sem observar a presença dos outros veículos,Colisão lateral mesmo sentido,Sem Vítimas,Pleno dia,Decrescente,Céu Claro,Simples,Retorno Regulamentado,Não,6,0,0,0,5,1,0,3,"-18,91895323","-46,98097229",SPRF-MG,DEL10-MG,UOP01-DEL10-MG
423580,2022-03-30,quarta-feira,14:00:00,SP,116,"514,5",CAJATI,Velocidade Incompatível,Colisão traseira,Com Vítimas Fatais,Pleno dia,Decrescente,Céu Claro,Simples,Curva,Não,20,4,11,5,0,0,16,2,"-24,857722","-48,2121706",SPRF-SP,DEL05-SP,UOP02-DEL05-SP
423581,2022-02-14,segunda-feira,06:45:00,MT,70,289,PRIMAVERA DO LESTE,Reação tardia ou ineficiente do condutor,Colisão traseira,Com Vítimas Feridas,Pleno dia,Decrescente,Céu Claro,Simples,Aclive,Não,3,0,2,0,1,0,2,2,"-15,57724438","-54,37704697",SPRF-MT,DEL05-MT,UOP01-DEL05-MT
423586,2022-03-30,quarta-feira,09:10:00,BA,242,"366,5",LENCOIS,Chuva,Colisão com objeto,Com Vítimas Feridas,Pleno dia,Decrescente,Garoa/Chuvisco,Simples,Reta,Não,1,0,1,0,0,0,1,1,"-12,46767097","-41,43877801",SPRF-BA,DEL06-BA,UOP01-DEL06-BA
423591,2022-03-30,quarta-feira,14:05:00,SP,381,"45,6",ATIBAIA,Avarias e/ou desgaste excessivo no pneu,Colisão com objeto,Sem Vítimas,Pleno dia,Decrescente,Céu Claro,Dupla,Reta,Não,1,0,0,0,1,0,0,1,"-23,17274184","-46,57748439",SPRF-SP,DEL03-SP,UOP01-DEL03-SP
423593,2022-03-30,quarta-feira,12:00:00,SC,280,"66,5",JARAGUA DO SUL,Transitar no acostamento,Colisão traseira,Com Vítimas Feridas,Pleno dia,Decrescente,Nublado,Simples,Reta,Sim,3,0,0,1,0,2,1,3,"-26,47465182","-49,10828054",SPRF-SC,DEL03-SC,UOP03-DEL03-SC
423596,2022-03-30,quarta-feira,12:00:00,RS,386,"307,8",POUSO NOVO,Demais falhas mecânicas ou elétricas,Queda de ocupante de veículo,Com Vítimas Feridas,Pleno dia,Crescente,Chuva,Simples,Curva;Declive,Não,2,0,0,1,1,0,1,1,"-29,202335","-52,183838",SPRF-RS,DEL04-RS,UOP01-DEL04-RS
423602,2022-03-30,quarta-feira,12:45:00,PR,376,"407,6",TIBAGI,Velocidade Incompatível,Saída de leito carroçável,Com Vítimas Feridas,Pleno dia,Decrescente,Chuva,Dupla,Curva,Não,2,0,1,0,0,2,1,3,"-24,64521802","-50,62349002",SPRF-PR,DEL03-PR,UOP02-DEL03-PR
423604,2022-03-30,quarta-feira,17:41:00,PA,316,74,SAO FRANCISCO DO PARA,Acessar a via sem observar a presença dos outros veículos,Queda de ocupante de veículo,Com Vítimas Feridas,Pleno dia,Decrescente,Chuva,Simples,Reta,Não,2,0,1,0,1,0,1,2,"-1,29131621","-47,83082209",SPRF-PA,DEL01-PA,UOP01-DEL01-PA
423606,2022-03-30,quarta-feira,15:00:00,MG,50,"0,4",ARAGUARI,Velocidade Incompatível,Tombamento,Com Vítimas Feridas,Pleno dia,Crescente,Sol,Dupla,Curva,Não,2,0,1,0,0,1,1,2,"-18,425835","-48,063552",SPRF-MG,DEL15-MG,UOP02-DEL15-MG
423607,2022-03-30,quarta-feira,16:00:00,PI,343,142,PIRACURUCA,Ingestão de álcool e/ou substâncias psicoativas pelo pedestre,Colisão lateral sentido oposto,Sem Vítimas,Pleno dia,Decrescente,Nublado,Simples,Reta,Sim,4,0,0,0,3,1,0,2,"-3,937132","-41,717117",SPRF-PI,DEL02-PI,UOP01-DEL02-PI
423609,2022-03-30,quarta-feira,18:40:00,SC,101,210,SAO JOSE,Ausência de reação do condutor,Colisão lateral mesmo sentido,Com Vítimas Feridas,Plena Noite,Crescente,Nublado,Múltipla,Reta,Sim,2,0,1,0,1,0,1,2,"-27,6167305","-48,6457265",SPRF-SC,DEL01-SC,UOP01-DEL01-SC
423613,2022-03-30,quarta-feira,15:30:00,ES,262,49,MARECHAL FLORIANO,Reação tardia ou ineficiente do condutor,Colisão com objeto,Sem Vítimas,Pleno dia,Crescente,Chuva,Simples,Curva;Ponte,Sim,1,0,0,0,1,0,0,1,"-20,41251052","-40,69798571",SPRF-ES,DEL01-ES,UOP01-DEL01-ES
423619,2022-02-18,sexta-feira,17:00:00,SC,470,7,NAVEGANTES,Acessar a via sem observar a presença dos outros veículos,Colisão transversal,Sem Vítimas,Pleno dia,Crescente,Céu Claro,Simples,Interseção de Vias,Não,2,0,0,0,2,0,0,2,"-26,9315655","-48,6935223",SPRF-SC,DEL04-SC,UOP04-DEL04-SC
423620,2022-03-30,quarta-feira,17:00:00,BA,110,280,INHAMBUPE,Velocidade Incompatível,Colisão traseira,Com Vítimas Feridas,Plena Noite,Crescente,Céu Claro,Simples,Reta,Sim,2,0,1,0,0,1,1,2,"-11,78646","-38,348278",SPRF-BA,DEL01-BA,UOP04-DEL01-BA
423623,2022-03-30,quarta-feira,16:00:00,RS,470,191,VERANOPOLIS,Demais Fenômenos da natureza,Derramamento de carga,Sem Vítimas,Pleno dia,Crescente,Chuva,Simples,Reta;Declive,Não,2,0,0,0,2,0,0,1,"-29,03641102","-51,56675946",SPRF-RS,DEL06-RS,UOP02-DEL06-RS
423624,2022-03-30,quarta-feira,19:40:00,BA,110,287,INHAMBUPE,Ultrapassagem Indevida,Colisão lateral sentido oposto,Com Vítimas Feridas,Plena Noite,Crescente,Céu Claro,Simples,Curva,Não,2,0,1,0,0,1,1,2,"-11,79502508","-38,35043338",SPRF-BA,DEL01-BA,UOP04-DEL01-BA
423626,2022-03-30,quarta-feira,17:25:00,SC,153,"53,5",IRANI,Frear bruscamente,Colisão traseira,Com Vítimas Feridas,Pleno dia,Crescente,Nublado,Simples,Reta,Não,3,0,1,0,1,2,1,4,"-26,93777154","-51,81944668",SPRF-SC,DEL07-SC,UOP05-DEL07-SC
423633,2022-03-30,quarta-feira,19:00:00,SC,470,"200,2",PONTE ALTA,Velocidade Incompatível,Colisão transversal,Sem Vítimas,Plena Noite,Decrescente,Nublado,Simples,Reta,Não,6,0,0,0,5,1,0,3,"-27,305405","-50,136627",SPRF-SC,DEL05-SC,UOP03-DEL05-SC
423634,2022-03-30,quarta-feira,17:00:00,MT,174,"350,8",CONQUISTA DOESTE,Velocidade Incompatível,Tombamento,Sem Vítimas,Anoitecer,Decrescente,Nublado,Simples,Reta,Não,1,0,0,0,1,0,0,1,"-14,7264","-59,371838",SPRF-MT,DEL04-MT,UOP01-DEL04-MT
423642,2022-03-30,quarta-feira,22:50:00,PI,316,"133,6",ELESBAO VELOSO,Animais na Pista,Saída de leito carroçável,Com Vítimas Feridas,Plena Noite,Crescente,Nublado,Simples,Curva,Não,1,0,1,0,0,0,1,1,"-6,04530884","-42,28225708",SPRF-PI,DEL04-PI,UOP02-DEL04-PI
423643,2022-03-30,quarta-feira,22:50:00,GO,60,449,JATAI,Ingestão de álcool pelo condutor,Eventos atípicos,Sem Vítimas,Plena Noite,Decrescente,Céu Claro,Dupla,Reta;Aclive,Não,2,0,0,0,1,2,0,3,"-17,8514","-51,5158",SPRF-GO,DEL05-GO,UOP01-DEL05-GO
423644,2022-03-30,quarta-feira,19:00:00,SC,280,"13,4",SAO FRANCISCO DO SUL,Ultrapassagem Indevida,Colisão frontal,Com Vítimas Fatais,Plena Noite,Crescente,Nublado,Simples,Reta,Não,4,1,0,0,2,4,0,7,"-26,32171113","-48,64798666",SPRF-SC,DEL03-SC,UOP03-DEL03-SC
423646,2022-03-30,quarta-feira,17:00:00,SC,280,"21,7",ARAQUARI,Condutor deixou de manter distância do veículo da frente,Colisão traseira,Com Vítimas Feridas,Pleno dia,Crescente,Céu Claro,Simples,Reta,Sim,3,0,0,1,1,3,1,5,"-26,37043169","-48,69219602",SPRF-SC,DEL03-SC,UOP03-DEL03-SC
423648,2022-03-28,segunda-feira,20:15:00,PI,135,553,SAO GONCALO DO GURGUEIA,Reação tardia ou ineficiente do condutor,Saída de leito carroçável,Sem Vítimas,Plena Noite,Crescente,Nublado,Simples,Declive,Não,2,0,0,0,1,1,0,2,"-10,12697426","-45,224383",SPRF-PI,DEL03-PI,UOP02-DEL03-PI
423650,2022-03-30,quarta-feira,18:45:00,PR,376,90,PARANAVAI,Demais falhas mecânicas ou elétricas,Tombamento,Com Vítimas Feridas,Plena Noite,Decrescente,Chuva,Simples,Declive,Não,2,0,1,0,0,2,1,3,"-22,99984987","-52,56604796",SPRF-PR,DEL09-PR,UOP02-DEL09-PR
423653,2022-03-17,quinta-feira,05:30:00,PR,163,"131,6",CAPITAO LEONIDAS MARQUES,Demais falhas na via,Colisão lateral mesmo sentido,Sem Vítimas,Amanhecer,Decrescente,Céu Claro,Simples,Em Obras;Aclive;Reta,Não,3,0,0,0,2,2,0,4,"-25,55336","-53,5888",SPRF-PR,DEL05-PR,UOP05-DEL05-PR
423655,2022-03-31,quinta-feira,01:45:00,ES,262,"62,5",MARECHAL FLORIANO,Pedestre andava na pista,Tombamento,Com Vítimas Feridas,Plena Noite,Decrescente,Céu Claro,Simples,Curva;Aclive,Não,3,0,1,0,0,3,1,4,"-20,42817313","-40,79159629",SPRF-ES,DEL01-ES,UOP02-DEL01-ES
423658,2022-03-30,quarta-feira,11:20:00,MG,381,404,BOM JESUS DO AMPARO,Problema com o freio,Colisão com objeto,Sem Vítimas,Pleno dia,Decrescente,Céu Claro,Simples,Reta,Não,1,0,0,0,1,0,0,1,"-19,7490622","-43,54398027",SPRF-MG,DEL01-MG,UOP01-DEL01-MG
423659,2022-03-31,quinta-feira,05:20:00,ES,101,61,SAO MATEUS,Condutor deixou de manter distância do veículo da frente,Colisão traseira,Com Vítimas Feridas,Amanhecer,Crescente,Céu Claro,Simples,Reta,Sim,2,0,1,0,0,1,1,2,"-18,68153217","-39,86364755",SPRF-ES,DEL04-ES,UOP02-DEL04-ES
423661,2022-03-31,quinta-feira,05:30:00,RN,304,118,ITAJA,Ausência de reação do condutor,Atropelamento de Pedestre,Com Vítimas Fatais,Pleno dia,Crescente,Céu Claro,Simples,Reta,Não,2,1,0,0,0,1,0,2,"-5,6259351","-36,87237305",SPRF-RN,DEL04-RN,UOP01-DEL04-RN
423662,2022-03-31,quinta-feira,01:10:00,SC,101,451,SAO JOAO DO SUL,Ingestão de álcool pelo condutor,Colisão frontal,Com Vítimas Feridas,Plena Noite,Crescente,Nublado,Dupla,Interseção de Vias;Curva,Não,2,0,1,0,1,0,1,2,"-29,17982211","-49,75464372",SPRF-SC,DEL02-SC,UOP02-DEL02-SC
423664,2022-03-31,quinta-feira,05:30:00,RJ,40,82,PETROPOLIS,Chuva,Tombamento,Com Vítimas Feridas,Amanhecer,Crescente,Chuva,Simples,Curva,Não,2,0,1,0,1,0,1,1,"-22,51183137","-43,23076171",SPRF-RJ,DEL06-RJ,UOP01-DEL06-RJ
423666,2022-03-31,quinta-feira,04:15:00,PR,116,16,CAMPINA GRANDE DO SUL,Condutor deixou de manter distância do veículo da frente,Colisão traseira,Sem Vítimas,Plena Noite,Decrescente,Garoa/Chuvisco,Dupla,Reta,Não,2,0,0,0,0,2,0,2,"-25,09969807","-48,692225",SPRF-PR,DEL01-PR,UOP02-DEL01-PR
423668,2022-03-31,quinta-feira,00:10:00,BA,235,253,CURACA,Animais na Pista,Saída de leito carroçável,Com Vítimas Feridas,Plena Noite,Decrescente,Céu Claro,Simples,Reta,Não,2,0,1,0,0,3,1,4,"-9,70917764","-39,69136066",SPRF-BA,DEL07-BA,UOP01-DEL07-BA
423670,2022-03-30,quarta-feira,19:00:00,MA,222,"545,2",BOM JESUS DAS SELVAS,Curva acentuada,Saída de leito carroçável,Com Vítimas Feridas,Plena Noite,Decrescente,Chuva,Simples,Curva,Não,1,0,1,0,0,0,1,1,"-4,36784","-46,595765",SPRF-MA,DEL04-MA,UOP03-DEL04-MA
423675,2022-03-25,sexta-feira,08:30:00,PR,369,"165,5",CAMBE,Velocidade Incompatível,Colisão traseira,Sem Vítimas,Pleno dia,Decrescente,Chuva,Dupla,Reta,Sim,7,0,0,0,6,2,0,8,"-23,29559459","-51,29593849",SPRF-PR,DEL07-PR,UOP01-DEL07-PR
423680,2022-03-31,quinta-feira,00:30:00,BA,324,374,SAO JOSE DO JACUIPE,Problema com o freio,Incêndio,Sem Vítimas,Plena Noite,Decrescente,Céu Claro,Simples,Reta,Não,2,0,0,0,1,1,0,2,"-11,44015915","-39,84586805",SPRF-BA,DEL04-BA,UOP02-DEL04-BA
423682,2022-03-31,quinta-feira,05:15:00,MT,163,937,ITAUBA,Demais falhas mecânicas ou elétricas,Tombamento,Com Vítimas Feridas,Amanhecer,Crescente,Nublado,Simples,Reta;Aclive,Sim,2,0,1,0,0,2,1,3,"-10,99855059","-55,24436145",SPRF-MT,DEL06-MT,NPF/DEL06-MT
423685,2022-03-31,quinta-feira,04:45:00,MS,262,"460,1",ANASTACIO,Manobra de mudança de faixa,Saída de leito carroçável,Com Vítimas Feridas,Amanhecer,Crescente,Garoa/Chuvisco,Simples,Reta,Não,1,0,1,0,0,0,1,1,"-20,55176906","-55,54578297",SPRF-MS,DEL03-MS,UOP01-DEL03-MS
423686,2022-03-31,quinta-feira,07:20:00,RS,116,"517,8",PELOTAS,Acessar a via sem observar a presença dos outros veículos,Colisão traseira,Com Vítimas Feridas,Pleno dia,Crescente,Céu Claro,Dupla,Reta,Sim,5,0,3,0,1,1,3,3,"-31,67908686","-52,34256731",SPRF-RS,DEL07-RS,UOP01-DEL07-RS
423693,2022-02-20,domingo,13:00:00,PA,10,220,IPIXUNA DO PARA,Reação tardia ou ineficiente do condutor,Colisão lateral mesmo sentido,Com Vítimas Fatais,Pleno dia,Crescente,Sol,Simples,Reta;Declive,Não,4,1,1,0,1,1,1,3,"-2,55659601","-47,4943411",SPRF-PA,DEL02-PA,UOP01-DEL02-PA
423695,2022-03-31,quinta-feira,08:20:00,ES,482,64,JERONIMO MONTEIRO,Condutor deixou de manter distância do veículo da frente,Colisão traseira,Com Vítimas Feridas,Pleno dia,Crescente,Sol,Simples,Reta,Não,2,0,1,0,1,0,1,2,"-20,79315184","-41,39670712",SPRF-ES,DEL03-ES,UOP02-DEL03-ES
423697,2022-03-31,quinta-feira,08:30:00,PR,369,"149,1",LONDRINA,Reação tardia ou ineficiente do condutor,Colisão lateral mesmo sentido,Com Vítimas Feridas,Pleno dia,Decrescente,Céu Claro,Dupla,Declive,Sim,2,0,1,0,1,0,1,2,"-23,293053","-51,152198",SPRF-PR,DEL07-PR,UOP01-DEL07-PR
423698,2022-03-31,quinta-feira,09:05:00,PR,116,"50,2",CAMPINA GRANDE DO SUL,Mal súbito do condutor,Saída de leito carroçável,Com Vítimas Fatais,Pleno dia,Crescente,Nublado,Dupla,Curva,Não,2,1,0,0,0,1,0,2,"-25,23481696","-48,90807771",SPRF-PR,DEL01-PR,UOP02-DEL01-PR
423703,2022-03-31,quinta-feira,09:30:00,MG,40,"780,8",JUIZ DE FORA,Ausência de reação do condutor,Colisão lateral mesmo sentido,Com Vítimas Feridas,Pleno dia,Crescente,Céu Claro,Dupla,Reta,Não,2,0,0,1,1,0,1,2,"-21,67939981","-43,44987329",SPRF-MG,DEL05-MG,UOP01-DEL05-MG
423710,2022-03-31,quinta-feira,07:05:00,SC,116,176,SAO CRISTOVAO DO SUL,Demais falhas mecânicas ou elétricas,Tombamento,Sem Vítimas,Pleno dia,Crescente,Nublado,Simples,Curva,Não,2,0,0,0,1,2,0,3,"-27,24164321","-50,46329137",SPRF-SC,DEL05-SC,UOP03-DEL05-SC
423717,2022-03-31,quinta-feira,10:45:00,MG,381,"438,5",SABARA,Transitar na contramão,Colisão frontal,Com Vítimas Feridas,Pleno dia,Decrescente,Céu Claro,Simples,Curva,Sim,5,0,1,2,1,1,3,3,"-19,80934407","-43,777791",SPRF-MG,DEL01-MG,UOP01-DEL01-MG
423718,2022-02-17,quinta-feira,22:00:00,MT,163,1112,GUARANTA DO NORTE,Reação tardia ou ineficiente do condutor,Saída de leito carroçável,Com Vítimas Feridas,Plena Noite,Decrescente,Céu Claro,Simples,Curva,Não,3,0,1,2,0,0,3,1,"-9,70020602","-54,87588757",SPRF-MT,DEL06-MT,NPF/DEL06-MT
423725,2022-03-31,quinta-feira,09:20:00,MG,381,"929,8",ITAPEVA,Demais falhas mecânicas ou elétricas,Tombamento,Sem Vítimas,Pleno dia,Crescente,Nublado,Dupla,Curva,Não,3,0,0,0,2,2,0,4,"-22,79911462","-46,26123692",SPRF-MG,DEL16-MG,UOP03-DEL16-MG
423726,2022-03-31,quinta-feira,12:35:00,ES,101,"66,5",SAO MATEUS,Acessar a via sem observar a presença dos outros veículos,Atropelamento de Pedestre,Com Vítimas Feridas,Pleno dia,Crescente,Céu Claro,Simples,Interseção de Vias,Sim,2,0,0,1,1,0,1,2,"-18,7165195","-39,87436378",SPRF-ES,DEL04-ES,UOP02-DEL04-ES
423728,2022-03-31,quinta-feira,12:20:00,RN,304,285,MACAIBA,Condutor Dormindo,Colisão lateral sentido oposto,Com Vítimas Feridas,Pleno dia,Crescente,Nublado,Simples,Em Obras;Reta,Não,3,0,1,0,1,1,1,3,"-5,87647408","-35,44649998",SPRF-RN,DEL01-RN,UOP02-DEL01-RN
423733,2022-03-31,quinta-feira,13:00:00,BA,415,24,ILHEUS,Acostamento em desnível,Saída de leito carroçável,Com Vítimas Feridas,Pleno dia,Crescente,Céu Claro,Simples,Curva;Declive,Sim,3,0,1,0,2,0,1,1,"-14,8482","-39,281986",SPRF-BA,DEL05-BA,UOP01-DEL05-BA
423734,2022-03-31,quinta-feira,12:30:00,RS,285,386,SANTA BARBARA DO SUL,Ultrapassagem Indevida,Colisão frontal,Com Vítimas Feridas,Pleno dia,Decrescente,Céu Claro,Simples,Reta,Não,5,0,3,0,1,1,3,3,"-28,414564","-53,208912",SPRF-RS,DEL10-RS,UOP02-DEL10-RS
423737,2022-03-27,domingo,04:30:00,MG,365,"176,8",BURITIZEIRO,Demais falhas mecânicas ou elétricas,Incêndio,Sem Vítimas,Amanhecer,Decrescente,Céu Claro,Simples,Reta,Não,2,0,0,0,1,1,0,2,"-17,40869483","-45,05136795",SPRF-MG,DEL12-MG,UOP01-DEL12-MG
423740,2022-03-31,quinta-feira,09:45:00,GO,452,162,ITUMBIARA,Demais falhas mecânicas ou elétricas,Incêndio,Sem Vítimas,Pleno dia,Decrescente,Céu Claro,Simples,Reta,Não,2,0,0,0,1,2,0,3,"-18,31589939","-49,49061016",SPRF-GO,DEL03-GO,UOP02-DEL03-GO