id,data_inversa,dia_semana,horario,uf,br,km,municipio,causa_acidente,tipo_acidente,classificacao_acidente,fase_dia,sentido_via,condicao_metereologica,tipo_pista,tracado_via,uso_solo,pessoas,mortos,feridos_leves,feridos_graves,ilesos,ignorados,feridos,veiculos,latitude,longitude,regional,delegacia,uop
424003,2022-04-01,sexta-feira,19:30:00,MG,381,"525,5",BRUMADINHO,Velocidade Incompatível,Colisão com objeto,Com Vítimas Feridas,Plena Noite,Crescente,Céu Claro,Dupla,Curva;Declive,Não,1,0,1,0,0,0,1,1,"-20,16710798","-44,33422398",SPRF-MG,DEL04-MG,UOP03-DEL04-MG
424004,2022-04-01,sexta-feira,20:10:00,MG,381,932,EXTREMA,Ausência de reação do condutor,Colisão com objeto,Com Vítimas Feridas,Plena Noite,Crescente,Céu Claro,Dupla,Reta,Não,2,0,1,0,0,1,1,2,"-22,79467581","-46,25314062",SPRF-MG,DEL16-MG,UOP03-DEL16-MG
424005,2022-04-01,sexta-feira,20:50:00,SC,282,257,SAO JOSE DO CERRITO,Velocidade Incompatível,Tombamento,Com Vítimas Feridas,Plena Noite,Decrescente,Chuva,Simples,Curva,Não,1,0,1,0,0,0,1,1,"-27,65554323","-50,59642576",SPRF-SC,DEL05-SC,UOP02-DEL05-SC
424008,2022-04-01,sexta-feira,18:50:00,RO,435,"35,2",VILHENA,Ultrapassagem Indevida,Colisão traseira,Com Vítimas Feridas,Plena Noite,Crescente,Céu Claro,Simples,Declive,Não,6,0,1,0,5,0,1,3,"-12,84736708","-60,37897271",SPRF-RO,DEL04-RO,UOP02-DEL04-RO
424012,2022-04-01,sexta-feira,22:30:00,PI,316,"5,6",TERESINA,Transitar na contramão,Colisão lateral sentido oposto,Sem Vítimas,Plena Noite,Decrescente,Chuva,Múltipla,Declive,Sim,2,0,0,0,1,1,0,2,"-5,14169858","-42,78157276",SPRF-PI,DEL01-PI,UOP02-DEL01-PI
424028,2022-04-02,sábado,00:00:00,RS,116,"447,6",CRISTAL,Condutor Dormindo,Saída de leito carroçável,Com Vítimas Feridas,Plena Noite,Decrescente,Céu Claro,Dupla,Reta,Não,1,0,1,0,0,0,1,1,"-31,16835709","-52,02887634",SPRF-RS,DEL02-RS,UOP02-DEL02-RS
424031,2022-04-01,sexta-feira,23:30:00,TO,230,101,SAO BENTO DO TOCANTINS,Transitar na contramão,Colisão frontal,Com Vítimas Fatais,Plena Noite,Crescente,Céu Claro,Simples,Reta,Não,3,1,0,0,1,1,0,3,"-5,97089966","-47,88028847",SPRF-TO,DEL02-TO,UOP03-DEL02-TO
424033,2022-04-02,sábado,01:45:00,ES,101,"101,8",JAGUARE,Condutor Dormindo,Saída de leito carroçável,Com Vítimas Feridas,Plena Noite,Crescente,Céu Claro,Simples,Ponte,Não,2,0,1,1,0,0,2,1,"-18,98833904","-39,99933491",SPRF-ES,DEL04-ES,UOP01-DEL04-ES
424038,2022-04-02,sábado,02:40:00,MG,381,874,ESTIVA,Velocidade Incompatível,Saída de leito carroçável,Com Vítimas Feridas,Plena Noite,Crescente,Céu Claro,Dupla,Declive,Não,2,0,1,0,0,1,1,2,"-22,41377298","-45,9621424",SPRF-MG,DEL16-MG,UOP01-DEL16-MG
424044,2022-04-02,sábado,02:50:00,PR,376,494,PONTA GROSSA,Velocidade Incompatível,Colisão traseira,Sem Vítimas,Plena Noite,Decrescente,Nublado,Dupla,Reta,Sim,3,0,0,0,2,1,0,3,"-25,16566955","-50,11640967",SPRF-PR,DEL03-PR,UOP01-DEL03-PR
424045,2022-04-02,sábado,00:10:00,BA,116,921,ENCRUZILHADA,Reação tardia ou ineficiente do condutor,Colisão com objeto,Sem Vítimas,Plena Noite,Decrescente,Céu Claro,Simples,Curva,Não,3,0,0,0,2,2,0,4,"-15,60716557","-41,28258705",SPRF-BA,DEL08-BA,UOP03-DEL08-BA
424049,2022-04-02,sábado,02:00:00,AL,316,253,PILAR,Condutor Dormindo,Saída de leito carroçável,Com Vítimas Feridas,Plena Noite,Crescente,Chuva,Simples,Reta,Sim,1,0,1,0,0,0,1,1,"-9,57899213","-35,96164121",SPRF-AL,DEL02-AL,UOP01-DEL02-AL
424050,2022-04-02,sábado,04:08:00,SC,470,59,BLUMENAU,Ultrapassagem Indevida,Colisão frontal,Com Vítimas Feridas,Plena Noite,Decrescente,Chuva,Simples,Reta,Sim,3,0,1,2,0,0,3,2,"-26,882812","-49,1548",SPRF-SC,DEL04-SC,UOP01-DEL04-SC
424051,2022-04-02,sábado,01:00:00,AP,156,583,CALCOENE,Curva acentuada,Saída de leito carroçável,Com Vítimas Fatais,Plena Noite,Crescente,Nevoeiro/Neblina,Simples,Curva,Não,2,1,0,0,0,1,0,2,"2,31961104","-50,96727105",SPRF-AP,DEL01-AP,UOP02-DEL01-AP
424053,2022-04-01,sexta-feira,21:20:00,CE,20,"212,5",BOA VIAGEM,Problema na suspensão,Tombamento,Sem Vítimas,Plena Noite,Decrescente,Nublado,Simples,Reta,Não,1,0,0,0,1,0,0,1,"-5,0613452","-39,6947276",SPRF-CE,DEL02-CE,UOP02-DEL02-CE
424055,2022-04-02,sábado,03:00:00,BA,101,676,ITAGIMIRIM,Velocidade Incompatível,Saída de leito carroçável,Com Vítimas Feridas,Plena Noite,Decrescente,Céu Claro,Simples,Curva,Não,1,0,1,0,0,0,1,1,"-16,03638911","-39,60933924",SPRF-BA,DEL09-BA,UOP01-DEL09-BA
424057,2022-04-01,sexta-feira,19:15:00,RJ,356,42,ITAPERUNA,Reação tardia ou ineficiente do condutor,Colisão traseira,Com Vítimas Feridas,Plena Noite,Crescente,Nublado,Simples,Aclive,Não,3,0,2,0,1,0,2,2,"-21,21473437","-41,83388826",SPRF-RJ,DEL08-RJ,UOP03-DEL08-RJ
424059,2022-04-02,sábado,05:30:00,MG,381,352,JOAO MONLEVADE,Condutor Dormindo,Colisão frontal,Com Vítimas Feridas,Amanhecer,Crescente,Céu Claro,Simples,Curva,Não,2,0,2,0,0,0,2,2,"-19,84644336","-43,16611234",SPRF-MG,DEL03-MG,UOP01-DEL03-MG
424061,2022-04-02,sábado,05:30:00,ES,101,297,VIANA,Reação tardia ou ineficiente do condutor,Colisão traseira,Com Vítimas Feridas,Amanhecer,Crescente,Céu Claro,Dupla,Reta,Sim,4,0,0,1,2,1,1,4,"-20,34529844","-40,41026774",SPRF-ES,DEL01-ES,UOP01-DEL01-ES
424063,2022-04-02,sábado,04:15:00,SC,282,403,JOACABA,Condutor Dormindo,Colisão lateral sentido oposto,Com Vítimas Feridas,Plena Noite,Decrescente,Céu Claro,Simples,Curva,Não,6,0,2,1,2,1,3,3,"-27,108929","-51,635838",SPRF-SC,DEL07-SC,UOP05-DEL07-SC
424064,2022-04-02,sábado,05:57:00,PR,376,651,TIJUCAS DO SUL,Reação tardia ou ineficiente do condutor,Colisão lateral mesmo sentido,Com Vítimas Feridas,Pleno dia,Decrescente,Nublado,Dupla,Curva,Não,2,0,1,0,0,1,1,2,"-25,8461583","-49,068884",SPRF-PR,DEL01-PR,UOP04-DEL01-PR
424065,2022-04-02,sábado,06:10:00,SP,116,180,GUARAREMA,Reação tardia ou ineficiente do condutor,Colisão traseira,Com Vítimas Feridas,Amanhecer,Crescente,Céu Claro,Múltipla,Reta,Não,2,0,1,0,0,1,1,2,"-23,336372","-46,14513",SPRF-SP,DEL01-SP,UOP01-DEL01-SP
424066,2022-04-02,sábado,05:45:00,MS,163,697,RIO VERDE DE MATO GROSSO,Condutor Dormindo,Saída de leito carroçável,Com Vítimas Feridas,Amanhecer,Decrescente,Nublado,Dupla,Aclive,Não,2,0,1,0,0,2,1,3,"-18,78267807","-54,82820046",SPRF-MS,DEL06-MS,UOP01-DEL06-MS
424070,2022-04-02,sábado,06:30:00,RJ,116,197,QUEIMADOS,Chuva,Saída de leito carroçável,Sem Vítimas,Pleno dia,Decrescente,Chuva,Dupla,Reta,Sim,2,0,0,0,1,2,0,3,"-22,72980637","-43,56512004",SPRF-RJ,DEL01-RJ,UOP02-DEL01-RJ
424078,2022-04-02,sábado,04:40:00,PR,277,201,PALMEIRA,Velocidade Incompatível,Tombamento,Com Vítimas Feridas,Plena Noite,Decrescente,Garoa/Chuvisco,Simples,Curva,Não,3,0,1,0,0,2,1,3,"-25,467379","-50,28739",SPRF-PR,DEL03-PR,UOP03-DEL03-PR
424084,2022-04-02,sábado,07:50:00,SP,116,545,BARRA DO TURVO,Pista Escorregadia,Colisão com objeto,Com Vítimas Feridas,Pleno dia,Crescente,Chuva,Simples,Curva,Não,5,0,1,0,4,0,1,2,"-24,95016699","-48,42400302",SPRF-SP,DEL05-SP,UOP02-DEL05-SP
424091,2022-04-02,sábado,08:10:00,PR,376,646,TIJUCAS DO SUL,Demais falhas mecânicas ou elétricas,Incêndio,Sem Vítimas,Pleno dia,Decrescente,Nublado,Dupla,Reta,Não,2,0,0,0,1,1,0,2,"-25,82777453","-49,11931515",SPRF-PR,DEL01-PR,UOP04-DEL01-PR
424093,2022-04-02,sábado,08:45:00,BA,116,"852,7",VITORIA DA CONQUISTA,Ultrapassagem Indevida,Colisão lateral mesmo sentido,Sem Vítimas,Pleno dia,Crescente,Céu Claro,Simples,Reta,Não,4,0,0,0,2,3,0,5,"-15,070368","-41,001687",SPRF-BA,DEL08-BA,UOP01-DEL08-BA
424096,2022-04-02,sábado,03:45:00,MT,163,561,NOVA MUTUM,Demais falhas mecânicas ou elétricas,Incêndio,Sem Vítimas,Plena Noite,Crescente,Nevoeiro/Neblina,Simples,Reta,Não,2,0,0,0,1,2,0,3,"-14,02270795","-56,0970938",SPRF-MT,DEL01-MT,UOP01-DEL01-MT
424097,2022-04-02,sábado,08:50:00,MG,262,"35,2",MANHUACU,Reação tardia ou ineficiente do condutor,Colisão traseira,Com Vítimas Feridas,Pleno dia,Decrescente,Céu Claro,Simples,Reta,Sim,2,0,1,0,1,0,1,2,"-20,2592562","-42,01698194",SPRF-MG,DEL06-MG,UOP03-DEL06-MG
424108,2022-04-02,sábado,10:40:00,SC,282,596,CUNHA PORA,Acessar a via sem observar a presença dos outros veículos,Colisão traseira,Com Vítimas Feridas,Pleno dia,Decrescente,Sol,Dupla,Curva,Não,5,0,2,0,2,2,2,4,"-26,829437","-53,127995",SPRF-SC,DEL07-SC,UOP02-DEL07-SC
424110,2022-03-17,quinta-feira,22:30:00,MG,153,59,MONTE ALEGRE DE MINAS,Ausência de sinalização,Saída de leito carroçável,Com Vítimas Feridas,Plena Noite,Decrescente,Ignorado,Simples,Reta,Não,2,0,0,1,0,1,1,2,"-18,88622703","-49,05195006",SPRF-MG,DEL15-MG,UOP03-DEL15-MG
424114,2022-04-02,sábado,11:20:00,PR,376,493,PONTA GROSSA,Objeto estático sobre o leito carroçável,Colisão com objeto,Sem Vítimas,Pleno dia,Decrescente,Céu Claro,Dupla,Reta,Sim,2,0,0,0,2,0,0,2,"-25,16001091","-50,12436895",SPRF-PR,DEL03-PR,UOP01-DEL03-PR
424124,2022-04-02,sábado,08:30:00,MG,116,"517,5",UBAPORANGA,Condutor deixou de manter distância do veículo da frente,Colisão traseira,Com Vítimas Feridas,Pleno dia,Decrescente,Nublado,Simples,Reta,Não,3,0,2,0,0,1,2,3,"-19,70492713","-42,11720373",SPRF-MG,DEL06-MG,UOP02-DEL06-MG
424131,2022-04-02,sábado,12:15:00,GO,40,128,CRISTALINA,Condutor Dormindo,Colisão traseira,Com Vítimas Feridas,Pleno dia,Crescente,Nublado,Dupla,Reta,Não,5,0,0,5,0,0,5,2,"-16,893073","-47,359216",SPRF-DF,DEL01-DF,UOP02-DEL01-DF
424133,2022-04-02,sábado,12:25:00,RR,174,501,BOA VISTA,Reação tardia ou ineficiente do condutor,Queda de ocupante de veículo,Com Vítimas Feridas,Pleno dia,Decrescente,Céu Claro,Dupla,Reta,Sim,4,0,1,0,3,0,1,2,"2,798621","-60,697533",SPRF-RR,DEL01-RR,UOP01-DEL01-RR
424137,2022-04-02,sábado,13:20:00,PR,376,539,PALMEIRA,Demais falhas mecânicas ou elétricas,Incêndio,Sem Vítimas,Pleno dia,Decrescente,Nublado,Dupla,Reta,Não,2,0,0,0,1,2,0,3,"-25,4068899","-49,78236491",SPRF-PR,DEL01-PR,UOP03-DEL03-PR
424143,2022-04-02,sábado,14:40:00,MG,381,"204,1",PERIQUITO,Velocidade Incompatível,Saída de leito carroçável,Com Vítimas Feridas,Pleno dia,Crescente,Céu Claro,Simples,Reta,Não,4,0,1,0,2,1,1,4,"-19,19727457","-42,28387924",SPRF-MG,DEL06-MG,UOP01-DEL06-MG
424146,2022-04-02,sábado,03:00:00,PR,476,39,TUNAS DO PARANA,Condutor Dormindo,Saída de leito carroçável,Com Vítimas Feridas,Plena Noite,Crescente,Nublado,Simples,Reta,Não,1,0,1,0,0,0,1,1,"-24,884062","-49,066864",SPRF-PR,DEL01-PR,UOP02-DEL01-PR
424150,2022-04-02,sábado,15:00:00,GO,20,"24,1",FORMOSA,Manobra de mudança de faixa,Colisão lateral mesmo sentido,Com Vítimas Feridas,Pleno dia,Crescente,Céu Claro,Simples,Reta,Não,4,0,1,0,1,2,1,4,"-15,54017","-47,142769",SPRF-DF,DEL02-DF,UOP01-DEL02-DF
424151,2022-04-02,sábado,14:45:00,SP,116,191,SANTA ISABEL,Frear bruscamente,Eventos atípicos,Com Vítimas Feridas,Pleno dia,Decrescente,Céu Claro,Dupla,Declive,Sim,2,0,1,0,0,1,1,2,"-23,37124281","-46,2426022",SPRF-SP,DEL01-SP,UOP01-DEL01-SP
424153,2022-04-02,sábado,15:30:00,MG,381,519,IGARAPE,Velocidade Incompatível,Colisão traseira,Com Vítimas Feridas,Pleno dia,Crescente,Chuva,Dupla,Curva;Aclive,Não,7,0,1,3,2,2,4,4,"-20,12834104","-44,30330781",SPRF-MG,DEL04-MG,UOP03-DEL04-MG
424186,2022-04-02,sábado,17:15:00,BA,116,10,VITORIA DA CONQUISTA,Transitar na contramão,Colisão frontal,Sem Vítimas,Pleno dia,Crescente,Sol,Simples,Reta,Sim,3,0,0,0,2,1,0,3,"-14,856547","-40,878573",SPRF-PE,DEL05-PE,UOP01-DEL05-PE
424188,2022-04-02,sábado,09:00:00,MG,116,729,MURIAE,Reação tardia ou ineficiente do condutor,Colisão traseira,Com Vítimas Feridas,Pleno dia,Decrescente,Nublado,Simples,Reta,Não,7,0,1,2,1,3,3,5,"-21,30969372","-42,43657622",SPRF-MG,DEL07-MG,UOP02-DEL07-MG
424189,2022-04-02,sábado,13:50:00,MA,135,"187,9",SAO MATEUS DO MARANHAO,Ausência de reação do condutor,Colisão traseira,Com Vítimas Feridas,Pleno dia,Decrescente,Garoa/Chuvisco,Simples,Reta,Não,2,0,2,0,0,0,2,2,"-4,08230598","-44,47335553",SPRF-MA,DEL03-MA,UOP01-DEL03-MA
424191,2022-04-02,sábado,17:30:00,RS,285,556,SAO LUIZ GONZAGA,Velocidade Incompatível,Colisão lateral sentido oposto,Com Vítimas Feridas,Anoitecer,Decrescente,Céu Claro,Simples,Reta,Não,3,0,1,0,1,2,1,4,"-28,418262","-54,844631",SPRF-RS,DEL10-RS,UOP01-DEL10-RS
424196,2022-04-02,sábado,18:30:00,PI,316,"2,4",TERESINA,Entrada inopinada do pedestre,Atropelamento de Pedestre,Com Vítimas Feridas,Plena Noite,Crescente,Nublado,Múltipla,Reta,Sim,2,0,0,1,1,0,1,2,"-5,12477477","-42,79848465",SPRF-PI,DEL01-PI,UOP02-DEL01-PI
424197,2022-04-02,sábado,17:40:00,RO,364,"259,6",CACOAL,Condutor Dormindo,Colisão lateral sentido oposto,Com Vítimas Feridas,Anoitecer,Decrescente,Nublado,Simples,Reta,Não,3,0,1,0,1,3,1,5,"-11,42032613","-61,64160674",SPRF-RO,DEL02-RO,UOP02-DEL02-RO
424201,2022-04-02,sábado,19:10:00,MS,163,"190,8",JUTI,Ultrapassagem Indevida,Colisão lateral sentido oposto,Com Vítimas Feridas,Plena Noite,Crescente,Nublado,Simples,Aclive,Não,7,0,1,0,5,1,1,4,"-22,78368194","-54,75960195",SPRF-MS,DEL04-MS,UOP02-DEL04-MS
424204,2022-04-02,sábado,16:00:00,BA,242,474,IBITIARA,Demais falhas mecânicas ou elétricas,Incêndio,Sem Vítimas,Anoitecer,Decrescente,Céu Claro,Simples,Aclive,Não,1,0,0,0,1,0,0,1,"-12,466923","-42,264272",SPRF-BA,DEL06-BA,UOP01-DEL06-BA
424210,2022-04-02,sábado,18:20:00,SC,470,"174,4",POUSO REDONDO,Manobra de mudança de faixa,Colisão lateral mesmo sentido,Sem Vítimas,Plena Noite,Decrescente,Chuva,Simples,Reta,Sim,3,0,0,0,2,1,0,3,"-27,258179","-49,929146",SPRF-SC,DEL04-SC,UOP02-DEL04-SC
424215,2022-04-02,sábado,20:40:00,GO,80,374,SAO MIGUEL DO ARAGUAIA,Ingestão de álcool pelo condutor,Colisão frontal,Com Vítimas Feridas,Plena Noite,Crescente,Céu Claro,Simples,Reta,Não,3,0,1,1,0,1,2,3,"-13,28706272","-50,19241333",SPRF-GO,DEL07-GO,UOP02-DEL07-GO
424221,2022-04-02,sábado,12:30:00,MA,10,142,PORTO FRANCO,Ingestão de álcool pelo condutor,Colisão frontal,Com Vítimas Fatais,Pleno dia,Crescente,Céu Claro,Simples,Curva,Não,4,1,0,0,2,4,0,7,"-6,477829","-47,392159",SPRF-MA,DEL04-MA,UOP02-DEL04-MA
424223,2022-04-02,sábado,20:20:00,PE,428,"166,4",PETROLINA,Reação tardia ou ineficiente do condutor,Colisão traseira,Com Vítimas Fatais,Plena Noite,Decrescente,Céu Claro,Simples,Reta,Não,2,1,0,0,0,1,0,2,"-9,19296591","-40,38530011",SPRF-PE,DEL06-PE,UOP01-DEL06-PE
424227,2022-04-02,sábado,19:15:00,GO,364,220,JATAI,Chuva,Saída de leito carroçável,Sem Vítimas,Plena Noite,Crescente,Chuva,Simples,Reta,Não,1,0,0,0,0,1,0,1,"-17,845852","-51,918404",SPRF-GO,DEL05-GO,UOP01-DEL05-GO
424233,2022-04-02,sábado,07:00:00,AC,364,76,SENADOR GUIOMARD,Pista esburacada,Saída de leito carroçável,Com Vítimas Feridas,Amanhecer,Crescente,Céu Claro,Simples,Reta,Não,2,0,1,0,0,2,1,3,"-10,08052901","-67,39139899",SPRF-AC,DEL01-AC,UOP01-DEL01-AC
424236,2022-04-02,sábado,21:10:00,TO,153,"334,5",GUARAI,Velocidade Incompatível,Colisão com objeto,Com Vítimas Feridas,Plena Noite,Crescente,Céu Claro,Múltipla,Reta,Sim,3,0,0,1,0,3,1,4,"-8,84089842","-48,51181626",SPRF-TO,DEL02-TO,UOP02-DEL02-TO
424243,2022-04-02,sábado,16:45:00,MG,262,"714,5",ARAXA,Demais Fenômenos da natureza,Colisão com objeto,Com Vítimas Feridas,Plena Noite,Crescente,Chuva,Simples,Curva,Não,2,0,1,0,0,1,1,2,"-19,59860672","-47,15023041",SPRF-MG,DEL08-MG,UOP01-DEL08-MG
424255,2022-04-02,sábado,22:10:00,SC,116,"8,8",MAFRA,Condutor deixou de manter distância do veículo da frente,Colisão lateral mesmo sentido,Com Vítimas Feridas,Plena Noite,Crescente,Nublado,Simples,Reta,Não,5,0,2,0,2,2,2,4,"-26,15748603","-49,83898198",SPRF-SC,DEL06-SC,UOP01-DEL06-SC
424257,2022-04-03,domingo,00:10:00,CE,116,"526,5",JATI,Acesso irregular,Colisão frontal,Com Vítimas Fatais,Plena Noite,Crescente,Nublado,Simples,Curva,Sim,3,1,0,0,1,1,0,3,"-7,66030304","-39,01820218",SPRF-CE,DEL05-CE,UOP03-DEL05-CE
424262,2022-04-03,domingo,00:00:00,BA,101,386,IBIRAPITANGA,Reação tardia ou ineficiente do condutor,Tombamento,Com Vítimas Feridas,Plena Noite,Decrescente,Nevoeiro/Neblina,Simples,Curva,Não,2,0,1,0,0,1,1,2,"-14,01428272","-39,4410289",SPRF-BA,DEL05-BA,UOP03-DEL05-BA
424283,2022-04-03,domingo,03:00:00,SC,101,"136,9",BALNEARIO CAMBORIU,Ingestão de álcool pelo condutor,Colisão traseira,Com Vítimas Feridas,Plena Noite,Decrescente,Nublado,Dupla,Reta,Sim,5,0,3,0,1,1,3,3,"-27,008113","-48,617245",SPRF-SC,DEL04-SC,UOP03-DEL04-SC
424287,2022-04-03,domingo,02:55:00,SC,101,"136,6",BALNEARIO CAMBORIU,Ausência de reação do condutor,Colisão traseira,Com Vítimas Feridas,Plena Noite,Decrescente,Nublado,Dupla,Reta,Sim,4,0,0,3,1,0,3,2,"-27,008113","-48,617245",SPRF-SC,DEL04-SC,UOP03-DEL04-SC
424290,2022-04-03,domingo,05:00:00,SP,116,"48,7",CANAS,Condutor deixou de manter distância do veículo da frente,Colisão traseira,Com Vítimas Feridas,Amanhecer,Crescente,Chuva,Dupla,Declive,Não,2,0,1,0,1,0,1,2,"-22,72498915","-45,06884189",SPRF-SP,DEL08-SP,UOP02-DEL08-SP
424297,2022-04-03,domingo,05:15:00,TO,153,217,NOVA OLINDA,Transitar na contramão,Colisão frontal,Com Vítimas Fatais,Amanhecer,Crescente,Ignorado,Simples,Aclive,Não,4,2,1,0,0,1,1,3,"-7,79378479","-48,461259",SPRF-TO,DEL02-TO,UOP01-DEL02-TO
424300,2022-04-02,sábado,21:35:00,BA,101,473,URUCUCA,Transitar na contramão,Colisão lateral sentido oposto,Com Vítimas Feridas,Plena Noite,Decrescente,Céu Claro,Simples,Curva,Não,2,0,1,0,1,0,1,2,"-14,562908","-39,332839",SPRF-BA,DEL05-BA,UOP01-DEL05-BA
424302,2022-04-03,domingo,04:50:00,MT,364,8,ALTO ARAGUAIA,Animais na Pista,Atropelamento de Animal,Com Vítimas Fatais,Plena Noite,Decrescente,Céu Claro,Simples,Reta,Não,2,1,0,0,0,1,0,2,"-17,27669043","-53,26958211",SPRF-MT,DEL02-MT,UOP02-DEL02-MT
424303,2022-04-03,domingo,00:30:00,MG,116,"495,1",INHAPIM,Transitar na contramão,Colisão frontal,Com Vítimas Fatais,Plena Noite,Crescente,Nublado,Simples,Reta,Não,3,1,0,0,1,1,0,3,"-19,51892699","-42,12765395",SPRF-MG,DEL06-MG,UOP02-DEL06-MG
424306,2022-04-03,domingo,06:50:00,MG,381,496,BETIM,Ausência de reação do condutor,Colisão traseira,Com Vítimas Feridas,Pleno dia,Decrescente,Céu Claro,Dupla,Reta,Não,2,0,0,1,1,0,1,2,"-19,99676497","-44,20958506",SPRF-MG,DEL01-MG,UOP03-DEL01-MG
424307,2022-04-03,domingo,05:00:00,PR,116,"71,2",QUATRO BARRAS,Demais falhas mecânicas ou elétricas,Incêndio,Sem Vítimas,Amanhecer,Decrescente,Nublado,Dupla,Curva,Não,2,0,0,0,1,1,0,2,"-25,34541756","-49,04488757",SPRF-PR,DEL01-PR,UOP01-DEL01-PR
424311,2022-04-03,domingo,07:45:00,AL,104,87,RIO LARGO,Reação tardia ou ineficiente do condutor,Colisão lateral mesmo sentido,Com Vítimas Feridas,Pleno dia,Decrescente,Nublado,Dupla,Reta,Sim,3,0,1,0,1,1,1,3,"-9,47532901","-35,82160002",SPRF-AL,DEL01-AL,UOP01-DEL01-AL
424313,2022-04-03,domingo,07:00:00,RO,364,"239,1",CACOAL,Ingestão de álcool pelo condutor,Colisão traseira,Com Vítimas Feridas,Pleno dia,Crescente,Céu Claro,Simples,Declive,Sim,3,0,1,0,1,3,1,5,"-11,43425083","-61,46267289",SPRF-RO,DEL02-RO,UOP02-DEL02-RO
424320,2022-04-03,domingo,04:30:00,MA,316,408,ALTO ALEGRE DO MARANHAO,Ingestão de álcool pelo condutor,Colisão lateral sentido oposto,Sem Vítimas,Amanhecer,Decrescente,Nublado,Simples,Reta,Não,2,0,0,0,2,0,0,2,"-4,264746","-44,428764",SPRF-MA,DEL03-MA,UOP01-DEL03-MA
424323,2022-04-03,domingo,06:30:00,RJ,40,52,PETROPOLIS,Velocidade Incompatível,Colisão com objeto,Sem Vítimas,Pleno dia,Decrescente,Chuva,Dupla,Curva,Não,1,0,0,0,1,0,0,1,"-22,33571319","-43,13320403",SPRF-RJ,DEL05-RJ,UOP02-DEL05-RJ
424325,2022-04-03,domingo,06:30:00,SP,116,"469,9",JACUPIRANGA,Ausência de reação do condutor,Saída de leito carroçável,Com Vítimas Feridas,Amanhecer,Decrescente,Chuva,Dupla,Curva,Não,2,0,1,0,0,1,1,2,"-24,65403826","-47,95945895",SPRF-SP,DEL05-SP,UOP01-DEL05-SP
424326,2022-04-03,domingo,07:10:00,PE,423,107,CAETES,Retorno proibido,Colisão transversal,Com Vítimas Feridas,Pleno dia,Crescente,Céu Claro,Simples,Declive,Não,4,0,0,2,1,2,2,4,"-8,8839803","-36,58154392",SPRF-PE,DEL03-PE,UOP01-DEL03-PE
424327,2022-04-03,domingo,03:55:00,MA,10,362,ITINGA DO MARANHAO,Reação tardia ou ineficiente do condutor,Colisão traseira,Com Vítimas Feridas,Amanhecer,Decrescente,Nevoeiro/Neblina,Simples,Reta,Não,3,0,1,0,1,4,1,6,"-4,584137","-47,490971",SPRF-MA,DEL04-MA,UOP03-DEL04-MA
424329,2022-03-26,sábado,15:27:00,MG,262,"774,2",UBERABA,Ultrapassagem Indevida,Colisão traseira,Sem Vítimas,Pleno dia,Crescente,Chuva,Simples,Curva,Não,3,0,0,0,2,1,0,3,"-19,68735686","-47,68250942",SPRF-MG,DEL13-MG,UOP01-DEL13-MG
424338,2022-04-03,domingo,10:20:00,PR,376,"326,8",ORTIGUEIRA,Velocidade Incompatível,Colisão com objeto,Sem Vítimas,Pleno dia,Crescente,Céu Claro,Dupla,Curva;Declive,Não,2,0,0,0,1,3,0,4,"-24,06638983","-51,06447961",SPRF-PR,DEL07-PR,UOP02-DEL07-PR
424339,2022-04-03,domingo,11:50:00,PR,376,"551,4",BALSA NOVA,Reação tardia ou ineficiente do condutor,Colisão com objeto,Com Vítimas Fatais,Pleno dia,Decrescente,Céu Claro,Dupla,Curva;Aclive,Não,2,1,0,0,0,1,0,2,"-25,441085","-49,748845",SPRF-PR,DEL01-PR,UOP03-DEL03-PR
424341,2022-04-03,domingo,11:45:00,TO,153,"489,7",PARAISO DO TOCANTINS,Reação tardia ou ineficiente do condutor,Colisão traseira,Com Vítimas Feridas,Pleno dia,Decrescente,Céu Claro,Simples,Reta;Declive,Não,3,0,1,0,1,2,1,4,"-10,12753646","-48,88587177",SPRF-TO,DEL01-TO,UOP01-DEL01-TO
424361,2022-04-03,domingo,13:35:00,MG,116,"516,3",UBAPORANGA,Ausência de reação do condutor,Colisão traseira,Com Vítimas Feridas,Pleno dia,Crescente,Céu Claro,Simples,Reta,Não,2,0,1,0,1,0,1,2,"-19,69633994","-42,11689689",SPRF-MG,DEL06-MG,UOP02-DEL06-MG
424362,2022-04-03,domingo,13:20:00,RS,471,"164,5",RIO PARDO,Acumulo de água sobre o pavimento,Colisão lateral sentido oposto,Com Vítimas Feridas,Pleno dia,Decrescente,Chuva,Simples,Aclive,Não,3,0,1,0,2,0,1,2,"-29,89921935","-52,39233971",SPRF-RS,DEL02-RS,UOP03-DEL02-RS
424366,2022-04-03,domingo,14:20:00,CE,116,"504,2",BREJO SANTO,Reação tardia ou ineficiente do condutor,Colisão lateral sentido oposto,Com Vítimas Feridas,Pleno dia,Decrescente,Sol,Simples,Curva,Sim,3,0,1,0,1,1,1,3,"-7,47977281","-38,9815676",SPRF-CE,DEL05-CE,UOP03-DEL05-CE
424373,2022-03-28,segunda-feira,20:00:00,PR,373,213,IMBITUVA,Ausência de reação do condutor,Tombamento,Com Vítimas Feridas,Plena Noite,Decrescente,Céu Claro,Simples,Curva,Não,2,0,0,1